>10ij
0.656 0.777 0.883 0.847 0.872 0.886 0.834 0.805 0.858 0.852 0.828 0.886 0.899 0.836 0.807 0.758 0.615 0.615 0.670 0.687 0.663 0.662 0.602 0.649 0.597 0.601 0.579 0.659 0.591 0.574 0.539 0.499 0.446 0.415 0.362 0.361 0.318 0.375 0.351 0.387 0.403 0.405 0.367 0.354 0.386 0.404 0.466 0.485 0.553 0.601 0.617 0.629 0.652 0.660 0.667 0.680 0.722 0.731 0.766 0.791 0.812 0.810 0.831 0.820 0.770 0.783 0.762 0.775 0.747 0.780 0.741 0.748 0.797 0.797 0.759 0.757 0.717 0.730 0.711 0.740 0.747 0.759 0.775 0.783 0.806 0.828 0.882 0.884 0.897 0.898 0.916 0.918 0.934 0.943 0.945 0.937 0.945 0.943 0.945 0.947 0.948 0.952 0.955 0.953 0.948 0.930 0.936
>10ik
0.656 0.777 0.883 0.847 0.872 0.886 0.834 0.805 0.858 0.852 0.828 0.886 0.899 0.836 0.807 0.758 0.615 0.615 0.670 0.687 0.663 0.662 0.602 0.649 0.597 0.601 0.579 0.659 0.591 0.574 0.539 0.499 0.446 0.415 0.362 0.361 0.318 0.375 0.351 0.387 0.403 0.405 0.367 0.354 0.386 0.404 0.466 0.485 0.553 0.601 0.617 0.629 0.652 0.660 0.667 0.680 0.722 0.731 0.766 0.791 0.812 0.810 0.831 0.820 0.770 0.783 0.762 0.775 0.747 0.780 0.741 0.748 0.797 0.797 0.759 0.757 0.717 0.730 0.711 0.740 0.747 0.759 0.775 0.783 0.806 0.828 0.882 0.884 0.897 0.898 0.916 0.918 0.934 0.943 0.945 0.937 0.945 0.943 0.945 0.947 0.948 0.952 0.955 0.953 0.948 0.930 0.936
>10kr
0.921 0.918 0.934 0.933 0.928 0.928 0.936 0.934 0.937 0.940 0.941 0.946 0.944 0.944 0.949 0.953 0.955 0.955 0.954 0.953 0.956 0.955 0.961 0.963 0.968 0.967 0.971 0.971 0.973 0.975 0.975 0.977 0.977 0.979 0.980 0.979 0.979 0.979 0.979 0.979 0.980 0.981 0.981 0.982 0.982 0.983 0.983 0.983 0.983 0.983 0.983 0.983 0.983 0.983 0.983 0.983 0.983 0.982 0.983 0.983 0.983 0.983 0.983 0.983 0.983 0.983 0.983 0.983 0.983 0.983 0.983 0.983 0.983 0.984 0.983 0.983 0.984 0.984 0.984 0.984 0.984 0.984 0.984 0.984 0.984 0.984 0.984 0.984 0.984 0.984 0.984 0.984 0.984 0.984 0.984 0.983 0.984 0.984 0.984 0.983 0.983 0.982 0.982 0.982 0.982 0.982 0.981 0.982 0.981 0.981 0.982 0.981 0.982 0.981 0.981 0.981 0.981 0.980 0.980 0.981 0.980 0.980 0.980 0.980 0.980 0.981 0.980 0.980 0.981 0.981 0.980 0.981 0.981 0.981 0.981 0.981 0.982 0.982 0.982 0.982 0.983 0.983 0.983 0.984 0.984 0.985 0.985 0.985 0.985 0.985 0.985 0.985 0.985 0.985 0.985 0.985 0.985 0.985 0.985 0.985 0.985 0.985 0.986 0.985 0.986 0.986 0.986 0.985 0.985 0.985 0.985 0.985 0.986 0.986 0.985 0.985 0.985 0.985 0.985 0.985 0.985 0.985 0.985 0.985 0.985 0.985 0.985 0.985 0.985 0.985 0.985 0.985 0.985 0.985 0.986 0.986 0.985 0.985 0.985 0.985 0.985 0.986 0.986 0.986 0.985 0.985 0.985 0.985 0.986 0.985 0.985 0.985 0.985 0.985 0.985 0.985 0.985 0.984 0.984 0.984 0.984 0.984 0.984 0.984 0.984 0.983 0.983 0.983 0.983 0.983 0.983 0.983 0.982 0.982 0.982 0.983 0.982 0.981 0.981 0.981 0.980 0.979 0.979 0.979 0.978 0.978 0.977 0.977 0.978 0.977 0.977 0.977 0.976 0.976 0.974 0.973 0.973 0.970 0.968 0.966 0.968 0.967 0.967 0.965 0.955 0.951 0.943 0.916 0.927 0.932 0.916 0.901 0.925 0.921 0.916 0.915 0.915 0.924 0.947 0.960 0.960 0.957 0.958 0.957 0.957 0.956 0.955 0.957 0.953 0.955 0.964 0.964 0.958 0.961 0.955 0.959 0.950 0.960 0.958 0.950 0.954 0.952 0.945 0.951 0.942 0.901 0.953 0.954 0.957 0.958 0.951 0.946 0.947 0.945 0.912 0.923 0.806 0.923 0.922 0.918 0.942 0.935 0.942 0.946 0.909 0.904 0.920 0.931 0.947 0.950 0.950 0.942 0.947 0.955 0.948 0.942 0.914 0.875 0.834 0.837 0.817 0.833 0.801 0.760 0.788 0.829 0.807 0.807 0.713 0.727 0.539 0.652 0.747 0.856 0.851 0.876 0.901 0.912 0.919 0.934 0.937 0.941 0.948 0.950 0.953 0.958 0.960 0.958 0.960 0.955 0.951 0.954 0.959 0.962 0.959 0.957 0.960 0.961 0.962 0.960 0.956 0.959 0.958 0.961 0.962 0.963 0.965 0.965 0.966 0.969 0.970 0.970 0.970 0.971 0.971 0.970 0.969 0.969 0.971 0.974 0.973 0.972 0.972 0.972 0.971 0.972 0.972 0.972 0.973 0.974 0.973 0.972 0.969 0.969 0.967 0.961 0.954 0.946 0.941 0.934 0.935 0.937 0.925 0.902 0.879 0.862 0.850 0.868 0.900 0.890 0.888 0.871 0.854 0.820 0.820 0.795 0.766 0.819 0.828 0.808 0.807
>10xu
0.545 0.650 0.586 0.616 0.572 0.466 0.492 0.549 0.512 0.515 0.627 0.599 0.569 0.526 0.550 0.619 0.605 0.594 0.611 0.622 0.597 0.601 0.616 0.581 0.565 0.563 0.536 0.516 0.461 0.474 0.465 0.460 0.451 0.481 0.518 0.504 0.508 0.574 0.539 0.524 0.517 0.524 0.554 0.579 0.600 0.627 0.639 0.648 0.664 0.680 0.683 0.728 0.726 0.734 0.744 0.727 0.773 0.749 0.722 0.719 0.748 0.706 0.669 0.675 0.659 0.639 0.685
>12gb
0.742 0.805 0.799 0.830 0.793 0.782 0.784 0.788 0.763 0.710 0.683 0.648 0.627 0.624 0.621 0.611 0.585 0.537 0.511 0.453 0.433 0.384 0.431 0.414 0.477 0.504 0.426 0.459 0.496 0.552 0.523 0.525 0.548 0.554 0.527 0.514 0.482 0.455 0.415 0.486
>12kl
0.953 0.959 0.949 0.942 0.926 0.901 0.892 0.837 0.837 0.833 0.825 0.820 0.762 0.761 0.797 0.807 0.799 0.821 0.811 0.809 0.847 0.846 0.849 0.813 0.837 0.867 0.884 0.907 0.918 0.920 0.928 0.934 0.936 0.941 0.941 0.948 0.955 0.957 0.961 0.963 0.966 0.966 0.964 0.960 0.959 0.958 0.957 0.955 0.951 0.948 0.946 0.938 0.942 0.946 0.930 0.921 0.925 0.913 0.922 0.926 0.922 0.919 0.907 0.897 0.889 0.901 0.899 0.893 0.886 0.905 0.904 0.905 0.912 0.913 0.927 0.927 0.935 0.941 0.954 0.963 0.966 0.972 0.972 0.972 0.975 0.978 0.978 0.978 0.984 0.976 0.979 0.979
>1rvs
0.752 0.738 0.701 0.713 0.722 0.717 0.633 0.618 0.625 0.546 0.502
>21fb
0.779 0.826 0.821 0.848 0.815 0.803 0.807 0.814 0.809 0.777 0.739 0.691 0.682 0.668 0.667 0.659 0.631 0.591 0.562 0.515 0.502 0.457 0.498 0.472 0.492 0.477 0.483 0.533 0.574 0.643 0.599 0.599 0.615 0.598 0.582 0.566 0.561 0.593 0.579 0.574 0.556 0.003
>22jy
0.544 0.597 0.660 0.673 0.675 0.733 0.725 0.709 0.726 0.719 0.684 0.612 0.655 0.661 0.661 0.640 0.593 0.585 0.564 0.574 0.565 0.581 0.606 0.596 0.629 0.646 0.657 0.652 0.613 0.594 0.574 0.570 0.528 0.528 0.533 0.517 0.500 0.495 0.488 0.479 0.496 0.448 0.437 0.425 0.409 0.392 0.376 0.347 0.340 0.415 0.589
>2beg
0.779 0.826 0.821 0.848 0.815 0.803 0.807 0.814 0.809 0.777 0.739 0.691 0.682 0.668 0.667 0.659 0.631 0.591 0.562 0.515 0.502 0.457 0.498 0.472 0.492 0.477 0.483 0.533 0.574 0.643 0.599 0.599 0.615 0.598 0.582 0.566 0.561 0.593 0.579 0.574 0.556 0.003
>2e8d
0.752 0.824 0.743 0.750 0.677 0.632 0.575 0.536 0.537 0.517 0.481 0.519 0.545 0.538 0.566 0.489 0.451 0.750 0.427 0.397 0.376 0.368
>2kib
0.917 0.883 0.803 0.710 0.647 0.644 0.655
>2kj3
0.701 0.732 0.731 0.696 0.666 0.579 0.588 0.555 0.539 0.546 0.526 0.512 0.446 0.415 0.358 0.371 0.363 0.400 0.372 0.350 0.359 0.333 0.333 0.355 0.359 0.377 0.341 0.392 0.379 0.365 0.395 0.450 0.451 0.434 0.445 0.462 0.460 0.496 0.447 0.422 0.432 0.466 0.531 0.575 0.608 0.617 0.641 0.632 0.632 0.657 0.659 0.679 0.657 0.741 0.728 0.734 0.800 0.818 0.803 0.821 0.798 0.798 0.814 0.830 0.818 0.820 0.797 0.774 0.688 0.737 0.663 0.696 0.597 0.554 0.445 0.630 0.471 0.460 0.754
>2lbu
0.701 0.732 0.731 0.696 0.666 0.579 0.588 0.555 0.539 0.546 0.526 0.512 0.446 0.415 0.358 0.371 0.363 0.400 0.372 0.350 0.359 0.333 0.333 0.355 0.359 0.377 0.341 0.392 0.379 0.365 0.395 0.450 0.451 0.434 0.445 0.462 0.460 0.496 0.447 0.422 0.432 0.466 0.531 0.575 0.608 0.617 0.641 0.632 0.632 0.657 0.659 0.679 0.657 0.741 0.728 0.734 0.800 0.818 0.803 0.821 0.798 0.798 0.814 0.830 0.818 0.820 0.797 0.774 0.688 0.737 0.663 0.696 0.597 0.554 0.445 0.630 0.471 0.460 0.754
>2lmn
0.742 0.805 0.799 0.830 0.793 0.782 0.784 0.788 0.763 0.710 0.683 0.648 0.627 0.624 0.621 0.611 0.585 0.537 0.511 0.453 0.433 0.384 0.431 0.414 0.477 0.504 0.426 0.459 0.496 0.552 0.523 0.525 0.548 0.554 0.527 0.514 0.482 0.455 0.415 0.486
>2lmo
0.742 0.805 0.799 0.830 0.793 0.782 0.784 0.788 0.763 0.710 0.683 0.648 0.627 0.624 0.621 0.611 0.585 0.537 0.511 0.453 0.433 0.384 0.431 0.414 0.477 0.504 0.426 0.459 0.496 0.552 0.523 0.525 0.548 0.554 0.527 0.514 0.482 0.455 0.415 0.486
>2lmp
0.742 0.805 0.799 0.830 0.793 0.782 0.784 0.788 0.763 0.710 0.683 0.648 0.627 0.624 0.621 0.611 0.585 0.537 0.511 0.453 0.433 0.384 0.431 0.414 0.477 0.504 0.426 0.459 0.496 0.552 0.523 0.525 0.548 0.554 0.527 0.514 0.482 0.455 0.415 0.486
>2lmq
0.742 0.805 0.799 0.830 0.793 0.782 0.784 0.788 0.763 0.710 0.683 0.648 0.627 0.624 0.621 0.611 0.585 0.537 0.511 0.453 0.433 0.384 0.431 0.414 0.477 0.504 0.426 0.459 0.496 0.552 0.523 0.525 0.548 0.554 0.527 0.514 0.482 0.455 0.415 0.486
>2lnq
0.740 0.819 0.814 0.841 0.809 0.797 0.790 0.785 0.752 0.699 0.667 0.633 0.632 0.629 0.620 0.603 0.577 0.522 0.496 0.425 0.410 0.363 0.397 0.371 0.416 0.421 0.405 0.438 0.482 0.542 0.523 0.534 0.553 0.554 0.518 0.499 0.474 0.483 0.444 0.505
>2m4j
0.742 0.805 0.799 0.830 0.793 0.782 0.784 0.788 0.763 0.710 0.683 0.648 0.627 0.624 0.621 0.611 0.585 0.537 0.511 0.453 0.433 0.384 0.431 0.414 0.477 0.504 0.426 0.459 0.496 0.552 0.523 0.525 0.548 0.554 0.527 0.514 0.482 0.455 0.415 0.486
>2m5k
0.752 0.738 0.701 0.713 0.722 0.717 0.633 0.618 0.625 0.546 0.502
>2m5m
0.752 0.738 0.701 0.713 0.722 0.717 0.633 0.618 0.625 0.546 0.502
>2m5n
0.752 0.738 0.701 0.713 0.722 0.717 0.633 0.618 0.625 0.546 0.502
>2mpz
0.386 0.441 0.462 0.459 0.491 0.488 0.480 0.437 0.443 0.438 0.584 0.702 0.661 0.555 0.661 0.621 0.652 0.497 0.546 0.596 0.610 0.622 0.627 0.606 0.543 0.486
>2mvx
0.795 0.873 0.865 0.845 0.830 0.829 0.816 0.811 0.776 0.740 0.704 0.683 0.675 0.657 0.663 0.660 0.627 0.575 0.526 0.499 0.453 0.437 0.448 0.460 0.467 0.491 0.490 0.496 0.536 0.527 0.525 0.543 0.541 0.547 0.519 0.535 0.528 0.488 0.522
>2mxu
0.779 0.826 0.821 0.848 0.815 0.803 0.807 0.814 0.809 0.777 0.739 0.691 0.682 0.668 0.667 0.659 0.631 0.591 0.562 0.515 0.502 0.457 0.498 0.472 0.492 0.477 0.483 0.533 0.574 0.643 0.599 0.599 0.615 0.598 0.582 0.566 0.561 0.593 0.579 0.574 0.556 0.003
>2n0a
0.509 0.733 0.748 0.762 0.780 0.724 0.777 0.813 0.789 0.790 0.782 0.729 0.727 0.669 0.662 0.706 0.675 0.677 0.680 0.703 0.699 0.662 0.615 0.743 0.664 0.603 0.598 0.565 0.592 0.637 0.700 0.792 0.842 0.838 0.746 0.779 0.819 0.887 0.872 0.889 0.898 0.866 0.833 0.880 0.849 0.837 0.846 0.832 0.850 0.831 0.862 0.795 0.765 0.749 0.691 0.660 0.654 0.574 0.519 0.545 0.566 0.592 0.624 0.637 0.652 0.681 0.669 0.683 0.684 0.665 0.651 0.674 0.695 0.700 0.707 0.688 0.675 0.679 0.715 0.779 0.805 0.807 0.804 0.833 0.845 0.874 0.885 0.896 0.895 0.892 0.920 0.921 0.929 0.935 0.938 0.942 0.943 0.943 0.938 0.926 0.915 0.917 0.933 0.954 0.954 0.952 0.945 0.948 0.952 0.947 0.955 0.952 0.956 0.961 0.964 0.964 0.965 0.962 0.960 0.963 0.961 0.961 0.960 0.959 0.957 0.955 0.956 0.960 0.962 0.968 0.971 0.969 0.962 0.972 0.978 0.960 0.960 0.959 0.966 0.006
>2n1e
0.884 0.886 0.890 0.901 0.901 0.913 0.920 0.921 0.925 0.921 0.923 0.915 0.901 0.887 0.887 0.895 0.898 0.898 0.896 0.903 0.892
>2nao
0.779 0.826 0.821 0.848 0.815 0.803 0.807 0.814 0.809 0.777 0.739 0.691 0.682 0.668 0.667 0.659 0.631 0.591 0.562 0.515 0.502 0.457 0.498 0.472 0.492 0.477 0.483 0.533 0.574 0.643 0.599 0.599 0.615 0.598 0.582 0.566 0.561 0.593 0.579 0.574 0.556 0.003
>2nnt
0.942 0.947 0.929 0.911 0.928 0.835 0.817 0.729 0.646 0.588 0.563 0.558 0.544 0.531 0.545 0.543 0.558 0.559 0.564 0.567 0.533 0.529 0.516 0.519 0.521 0.512 0.508 0.487 0.486 0.494 0.499 0.493 0.485 0.505 0.480 0.491 0.486 0.474 0.476 0.453
>2rnm
0.701 0.732 0.731 0.696 0.666 0.579 0.588 0.555 0.539 0.546 0.526 0.512 0.446 0.415 0.358 0.371 0.363 0.400 0.372 0.350 0.359 0.333 0.333 0.355 0.359 0.377 0.341 0.392 0.379 0.365 0.395 0.450 0.451 0.434 0.445 0.462 0.460 0.496 0.447 0.422 0.432 0.466 0.531 0.575 0.608 0.617 0.641 0.632 0.632 0.657 0.659 0.679 0.657 0.741 0.728 0.734 0.800 0.818 0.803 0.821 0.798 0.798 0.814 0.830 0.818 0.820 0.797 0.774 0.688 0.737 0.663 0.696 0.597 0.554 0.445 0.630 0.471 0.460 0.754
>3zpk
0.752 0.738 0.701 0.713 0.722 0.717 0.633 0.618 0.625 0.546 0.502
>5aef
0.536 0.601 0.593 0.555 0.537 0.546 0.550 0.511 0.518 0.509 0.669 0.700 0.772 0.627 0.662 0.690 0.762 0.651 0.665 0.666 0.709 0.709 0.720 0.687 0.638 0.594 0.543 0.005
>5kk3
0.779 0.826 0.821 0.848 0.815 0.803 0.807 0.814 0.809 0.777 0.739 0.691 0.682 0.668 0.667 0.659 0.631 0.591 0.562 0.515 0.502 0.457 0.498 0.472 0.492 0.477 0.483 0.533 0.574 0.643 0.599 0.599 0.615 0.598 0.582 0.566 0.561 0.593 0.579 0.574 0.556 0.003
>5o3l
0.448 0.514 0.578 0.593 0.646 0.669 0.721 0.651 0.658 0.615 0.622 0.599 0.605 0.672 0.734 0.766 0.798 0.824 0.803 0.817 0.829 0.838 0.845 0.881 0.895 0.917 0.925 0.924 0.919 0.911 0.908 0.897 0.883 0.888 0.881 0.872 0.871 0.853 0.837 0.842 0.836 0.829 0.823 0.801 0.792 0.779 0.781 0.776 0.802 0.815 0.824 0.837 0.854 0.862 0.852 0.855 0.848 0.858 0.867 0.875 0.889 0.906 0.894 0.896 0.887 0.893 0.891 0.874 0.890 0.919 0.930 0.933 0.922
>5o3o
0.448 0.514 0.578 0.593 0.646 0.669 0.721 0.651 0.658 0.615 0.622 0.599 0.605 0.672 0.734 0.766 0.798 0.824 0.803 0.817 0.829 0.838 0.845 0.881 0.895 0.917 0.925 0.924 0.919 0.911 0.908 0.897 0.883 0.888 0.881 0.872 0.871 0.853 0.837 0.842 0.836 0.829 0.823 0.801 0.792 0.779 0.781 0.776 0.802 0.815 0.824 0.837 0.854 0.862 0.852 0.855 0.848 0.858 0.867 0.875 0.889 0.906 0.894 0.896 0.887 0.893 0.891 0.874 0.890 0.919 0.930 0.933 0.922
>5o3t
0.448 0.514 0.578 0.593 0.646 0.669 0.721 0.651 0.658 0.615 0.622 0.599 0.605 0.672 0.734 0.766 0.798 0.824 0.803 0.817 0.829 0.838 0.845 0.881 0.895 0.917 0.925 0.924 0.919 0.911 0.908 0.897 0.883 0.888 0.881 0.872 0.871 0.853 0.837 0.842 0.836 0.829 0.823 0.801 0.792 0.779 0.781 0.776 0.802 0.815 0.824 0.837 0.854 0.862 0.852 0.855 0.848 0.858 0.867 0.875 0.889 0.906 0.894 0.896 0.887 0.893 0.891 0.874 0.890 0.919 0.930 0.933 0.922
>5oqv
0.779 0.826 0.821 0.848 0.815 0.803 0.807 0.814 0.809 0.777 0.739 0.691 0.682 0.668 0.667 0.659 0.631 0.591 0.562 0.515 0.502 0.457 0.498 0.472 0.492 0.477 0.483 0.533 0.574 0.643 0.599 0.599 0.615 0.598 0.582 0.566 0.561 0.593 0.579 0.574 0.556 0.003
>5v7z
0.582 0.547 0.522 0.560 0.589 0.675 0.696 0.696 0.777 0.767 0.609 0.548 0.490 0.592 0.421 0.377 0.324 0.377
>5w3n
0.972 0.967 0.967 0.962 0.957 0.949 0.944 0.952 0.955 0.959 0.963 0.960 0.955 0.953 0.961 0.964 0.959 0.960 0.959 0.959 0.956 0.959 0.959 0.958 0.955 0.954 0.952 0.956 0.959 0.958 0.956 0.956 0.952 0.948 0.949 0.952 0.953 0.956 0.958 0.959 0.962 0.961 0.964 0.965 0.967 0.967 0.971 0.973 0.975 0.977 0.979 0.979 0.979 0.980 0.979 0.979 0.979 0.978 0.979 0.978 0.977 0.977 0.976 0.976 0.975 0.976 0.976 0.976 0.976 0.978 0.978 0.977 0.977 0.978 0.977 0.977 0.977 0.977 0.978 0.979 0.977 0.978 0.978 0.979 0.978 0.977 0.977 0.977 0.976 0.974 0.974 0.974 0.975 0.976 0.977 0.977 0.978 0.977 0.977 0.977 0.978 0.977 0.977 0.978 0.978 0.977 0.978 0.977 0.978 0.979 0.978 0.978 0.977 0.977 0.976 0.977 0.976 0.977 0.976 0.976 0.974 0.975 0.975 0.975 0.975 0.975 0.974 0.974 0.975 0.976 0.974 0.975 0.974 0.976 0.976 0.976 0.976 0.976 0.975 0.974 0.974 0.974 0.975 0.974 0.973 0.975 0.974 0.976 0.975 0.973 0.971 0.972 0.971 0.973 0.973 0.975 0.975 0.974 0.976 0.975 0.975 0.974 0.974 0.973 0.973 0.972 0.972 0.972 0.973 0.973 0.975 0.974 0.973 0.974 0.975 0.974 0.974 0.975 0.973 0.972 0.973 0.974 0.974 0.976 0.977 0.979 0.980 0.982 0.982 0.983 0.983 0.984 0.985 0.984 0.984 0.984 0.984 0.984 0.984 0.985 0.985 0.985 0.985 0.985 0.985 0.986 0.986 0.986 0.985 0.985 0.985 0.984 0.984 0.983 0.983 0.982 0.982 0.982 0.982 0.983 0.982 0.982 0.983 0.983 0.982 0.982 0.981 0.981 0.981 0.980 0.981 0.981 0.981 0.980 0.979 0.979 0.977 0.977 0.979 0.979 0.884
>5w7v
0.805 0.806 0.808 0.694 0.714 0.676 0.633 0.592 0.535 0.537 0.516
>6a6b
0.810 0.801 0.788 0.753 0.752 0.759 0.716 0.731 0.766 0.719 0.646 0.584 0.626 0.626 0.580 0.581 0.582 0.607 0.574 0.563 0.556 0.528 0.531 0.526 0.515 0.524 0.489 0.497 0.482 0.480 0.475 0.487 0.515 0.490 0.488 0.543 0.523 0.547 0.550 0.554 0.596 0.614 0.625 0.641 0.641 0.650 0.663 0.687 0.691 0.737 0.746 0.747 0.738 0.741 0.784 0.750 0.716 0.710 0.715 0.654 0.623 0.618 0.586
>6cu7
0.509 0.733 0.748 0.762 0.780 0.724 0.777 0.813 0.789 0.790 0.782 0.729 0.727 0.669 0.662 0.706 0.675 0.677 0.680 0.703 0.699 0.662 0.615 0.743 0.664 0.603 0.598 0.565 0.592 0.637 0.700 0.792 0.842 0.838 0.746 0.779 0.819 0.887 0.872 0.889 0.898 0.866 0.833 0.880 0.849 0.837 0.846 0.832 0.850 0.831 0.862 0.795 0.765 0.749 0.691 0.660 0.654 0.574 0.519 0.545 0.566 0.592 0.624 0.637 0.652 0.681 0.669 0.683 0.684 0.665 0.651 0.674 0.695 0.700 0.707 0.688 0.675 0.679 0.715 0.779 0.805 0.807 0.804 0.833 0.845 0.874 0.885 0.896 0.895 0.892 0.920 0.921 0.929 0.935 0.938 0.942 0.943 0.943 0.938 0.926 0.915 0.917 0.933 0.954 0.954 0.952 0.945 0.948 0.952 0.947 0.955 0.952 0.956 0.961 0.964 0.964 0.965 0.962 0.960 0.963 0.961 0.961 0.960 0.959 0.957 0.955 0.956 0.960 0.962 0.968 0.971 0.969 0.962 0.972 0.978 0.960 0.960 0.959 0.966 0.006
>6cu8
0.509 0.733 0.748 0.762 0.780 0.724 0.777 0.813 0.789 0.790 0.782 0.729 0.727 0.669 0.662 0.706 0.675 0.677 0.680 0.703 0.699 0.662 0.615 0.743 0.664 0.603 0.598 0.565 0.592 0.637 0.700 0.792 0.842 0.838 0.746 0.779 0.819 0.887 0.872 0.889 0.898 0.866 0.833 0.880 0.849 0.837 0.846 0.832 0.850 0.831 0.862 0.795 0.765 0.749 0.691 0.660 0.654 0.574 0.519 0.545 0.566 0.592 0.624 0.637 0.652 0.681 0.669 0.683 0.684 0.665 0.651 0.674 0.695 0.700 0.707 0.688 0.675 0.679 0.715 0.779 0.805 0.807 0.804 0.833 0.845 0.874 0.885 0.896 0.895 0.892 0.920 0.921 0.929 0.935 0.938 0.942 0.943 0.943 0.938 0.926 0.915 0.917 0.933 0.954 0.954 0.952 0.945 0.948 0.952 0.947 0.955 0.952 0.956 0.961 0.964 0.964 0.965 0.962 0.960 0.963 0.961 0.961 0.960 0.959 0.957 0.955 0.956 0.960 0.962 0.968 0.971 0.969 0.962 0.972 0.978 0.960 0.960 0.959 0.966 0.006
>6dso
0.154 0.153 0.176 0.177 0.174 0.173 0.184 0.182 0.187 0.178 0.168 0.151 0.151 0.186 0.204 0.200 0.198 0.261 0.299 0.277 0.265 0.285 0.268 0.231 0.233 0.263 0.256 0.238 0.240 0.223 0.220 0.244 0.277 0.286 0.283 0.290 0.296 0.293 0.286 0.296 0.289 0.269 0.244 0.257 0.254 0.228 0.240 0.247 0.234 0.223 0.241 0.243 0.219 0.236 0.278 0.270 0.284 0.296 0.280 0.292 0.315 0.346 0.368 0.370 0.392 0.387 0.427 0.445 0.450 0.441 0.453 0.432 0.399 0.404 0.407 0.435 0.493 0.486 0.480 0.493 0.523 0.526 0.564
>6eka
0.953 0.947 0.950 0.935 0.915 0.937 0.927 0.910 0.915 0.902 0.888 0.875 0.852 0.844 0.843 0.824 0.824 0.823 0.816 0.813 0.799 0.778 0.792 0.781 0.798 0.842 0.865 0.869 0.881 0.888 0.893 0.898 0.899 0.904 0.911 0.908 0.914 0.918 0.925 0.926 0.925 0.924 0.925 0.929 0.932 0.932 0.928 0.925 0.917 0.908 0.890 0.878 0.865 0.850 0.845 0.838 0.841 0.832 0.831 0.833 0.825 0.819 0.802 0.792 0.780 0.777 0.772 0.765 0.781 0.777 0.789 0.803 0.807 0.790 0.798 0.811 0.792 0.852
>6gk3
0.349 0.238 0.251 0.244 0.268 0.277 0.257 0.270 0.345 0.375 0.370 0.395 0.384 0.317 0.326 0.341 0.344 0.359 0.381 0.378 0.383 0.363 0.351 0.330 0.320 0.304 0.307 0.310 0.316 0.309 0.314 0.309 0.310 0.333 0.327 0.304 0.332 0.358 0.353 0.354 0.364 0.358 0.340 0.344 0.349 0.338 0.331 0.337 0.349 0.334 0.331 0.315 0.293 0.319 0.283 0.350 0.359 0.399 0.427 0.449 0.392 0.420 0.401 0.356
>6gx5
0.951 0.951 0.950 0.953 0.949 0.945 0.949 0.948 0.951 0.952 0.944 0.936 0.936 0.929 0.913 0.915 0.894 0.879 0.873 0.862 0.836 0.833 0.851 0.836 0.848 0.861 0.812 0.787 0.759 0.742 0.666 0.649 0.646 0.614 0.634 0.655 0.731 0.757 0.779 0.786 0.824 0.833 0.837 0.820 0.829 0.822 0.851 0.860 0.879 0.884 0.880 0.882 0.868 0.876 0.866 0.862 0.835 0.856 0.834 0.828 0.840 0.839 0.822 0.794 0.768 0.765 0.744 0.769 0.769 0.776 0.798 0.819 0.830 0.852 0.877 0.879 0.898 0.897 0.907 0.919 0.929 0.938 0.945 0.938 0.942 0.938 0.940 0.942 0.945 0.951 0.958 0.959 0.955 0.945
>6h6b
0.509 0.733 0.748 0.762 0.780 0.724 0.777 0.813 0.789 0.790 0.782 0.729 0.727 0.669 0.662 0.706 0.675 0.677 0.680 0.703 0.699 0.660 0.610 0.729 0.649 0.588 0.575 0.549 0.571 0.620 0.644 0.711 0.764 0.744 0.696 0.713 0.706 0.763 0.710 0.781 0.820 0.785 0.749 0.766 0.720 0.687 0.695 0.637 0.674 0.693 0.749 0.694 0.698 0.700 0.652 0.610 0.604 0.532 0.482 0.507 0.525 0.549 0.585 0.602 0.618 0.641 0.622 0.622 0.642 0.633 0.633 0.635 0.671 0.674 0.674 0.655 0.650 0.653 0.682 0.721 0.749 0.750 0.770 0.816 0.854 0.889 0.893 0.906 0.896 0.896 0.917 0.923 0.931 0.940 0.943 0.942 0.937 0.943 0.941 0.933 0.935 0.938 0.929 0.952 0.953 0.952 0.942 0.948 0.949 0.947 0.954 0.954 0.977 0.954 0.953 0.955 0.961 0.963 0.964 0.966 0.967
>6hre
0.921 0.918 0.934 0.933 0.928 0.928 0.936 0.934 0.937 0.940 0.941 0.946 0.944 0.944 0.949 0.953 0.955 0.955 0.954 0.953 0.956 0.955 0.961 0.963 0.968 0.967 0.971 0.971 0.973 0.975 0.975 0.977 0.977 0.979 0.980 0.979 0.979 0.979 0.979 0.979 0.980 0.981 0.981 0.982 0.982 0.983 0.983 0.983 0.983 0.983 0.983 0.983 0.983 0.983 0.983 0.983 0.983 0.982 0.983 0.983 0.983 0.983 0.983 0.983 0.983 0.983 0.983 0.983 0.983 0.983 0.983 0.983 0.983 0.984 0.983 0.983 0.984 0.984 0.984 0.984 0.984 0.984 0.984 0.984 0.984 0.984 0.984 0.984 0.984 0.984 0.984 0.984 0.984 0.984 0.984 0.983 0.984 0.984 0.984 0.983 0.983 0.982 0.982 0.982 0.982 0.982 0.981 0.982 0.981 0.981 0.982 0.981 0.982 0.981 0.981 0.981 0.981 0.980 0.980 0.981 0.980 0.980 0.980 0.980 0.980 0.981 0.980 0.980 0.981 0.981 0.980 0.981 0.981 0.981 0.981 0.981 0.982 0.982 0.982 0.982 0.983 0.983 0.983 0.984 0.984 0.985 0.985 0.985 0.985 0.985 0.985 0.985 0.985 0.985 0.985 0.985 0.985 0.985 0.985 0.985 0.985 0.985 0.986 0.985 0.986 0.986 0.986 0.985 0.985 0.985 0.985 0.985 0.986 0.986 0.985 0.985 0.985 0.985 0.985 0.985 0.985 0.985 0.985 0.985 0.985 0.985 0.985 0.985 0.985 0.985 0.985 0.985 0.985 0.985 0.986 0.986 0.985 0.985 0.985 0.985 0.985 0.986 0.986 0.986 0.985 0.985 0.985 0.985 0.986 0.985 0.985 0.985 0.985 0.985 0.985 0.985 0.985 0.984 0.984 0.984 0.984 0.984 0.984 0.984 0.984 0.983 0.983 0.983 0.983 0.983 0.983 0.983 0.982 0.982 0.982 0.983 0.983 0.981 0.981 0.981 0.980 0.979 0.979 0.978 0.978 0.978 0.977 0.977 0.978 0.977 0.977 0.977 0.976 0.976 0.974 0.973 0.973 0.969 0.965 0.963 0.964 0.963 0.963 0.959 0.946 0.938 0.929 0.892 0.908 0.918 0.900 0.879 0.907 0.907 0.902 0.903 0.897 0.911 0.941 0.954 0.954 0.951 0.953 0.953 0.955 0.953 0.948 0.951 0.943 0.941 0.956 0.957 0.948 0.954 0.938 0.943 0.919 0.941 0.933 0.918 0.915 0.905 0.907 0.888 0.832 0.770 0.941 0.945 0.947 0.957 0.940 0.925 0.811 0.898 0.496 0.689 0.302 0.479 0.512 0.750 0.918 0.915 0.928 0.941 0.901 0.904 0.913 0.926 0.944 0.950 0.949 0.944 0.945 0.950 0.938 0.927 0.812 0.744 0.690 0.672 0.575 0.627 0.603 0.532 0.570 0.553 0.558 0.560 0.475 0.590 0.407 0.446 0.645 0.775 0.802 0.853 0.883 0.906 0.912 0.921 0.934 0.938 0.942 0.946 0.949 0.957 0.956 0.953 0.954 0.952 0.950 0.953 0.957 0.959 0.952 0.952 0.958 0.957 0.958 0.954 0.948 0.952 0.950 0.954 0.957 0.958 0.959 0.963 0.962 0.966 0.968 0.968 0.968 0.969 0.969 0.969 0.965 0.968 0.970 0.973 0.972 0.971 0.971 0.971 0.970 0.971 0.971 0.971 0.972 0.974 0.972 0.971 0.968 0.969 0.966 0.960 0.953 0.944 0.939 0.932 0.932 0.935 0.923 0.900 0.877 0.859 0.847 0.866 0.900 0.889 0.887 0.869 0.853 0.819 0.820 0.795 0.766 0.819 0.828 0.808 0.807
>6hrf
0.921 0.918 0.934 0.933 0.928 0.928 0.936 0.934 0.937 0.940 0.941 0.946 0.944 0.944 0.949 0.953 0.955 0.955 0.954 0.953 0.956 0.955 0.961 0.963 0.968 0.967 0.971 0.971 0.973 0.975 0.975 0.977 0.977 0.979 0.980 0.979 0.979 0.979 0.979 0.979 0.980 0.981 0.981 0.982 0.982 0.983 0.983 0.983 0.983 0.983 0.983 0.983 0.983 0.983 0.983 0.983 0.983 0.982 0.983 0.983 0.983 0.983 0.983 0.983 0.983 0.983 0.983 0.983 0.983 0.983 0.983 0.983 0.983 0.984 0.983 0.983 0.984 0.984 0.984 0.984 0.984 0.984 0.984 0.984 0.984 0.984 0.984 0.984 0.984 0.984 0.984 0.984 0.984 0.984 0.984 0.983 0.984 0.984 0.984 0.983 0.983 0.982 0.982 0.982 0.982 0.982 0.981 0.982 0.981 0.981 0.982 0.981 0.982 0.981 0.981 0.981 0.981 0.980 0.980 0.981 0.980 0.980 0.980 0.980 0.980 0.981 0.980 0.980 0.981 0.981 0.980 0.981 0.981 0.981 0.981 0.981 0.982 0.982 0.982 0.982 0.983 0.983 0.983 0.984 0.984 0.985 0.985 0.985 0.985 0.985 0.985 0.985 0.985 0.985 0.985 0.985 0.985 0.985 0.985 0.985 0.985 0.985 0.986 0.985 0.986 0.986 0.986 0.985 0.985 0.985 0.985 0.985 0.986 0.986 0.985 0.985 0.985 0.985 0.985 0.985 0.985 0.985 0.985 0.985 0.985 0.985 0.985 0.985 0.985 0.985 0.985 0.985 0.985 0.985 0.986 0.986 0.985 0.985 0.985 0.985 0.985 0.986 0.986 0.986 0.985 0.985 0.985 0.985 0.986 0.985 0.985 0.985 0.985 0.985 0.985 0.985 0.985 0.984 0.984 0.984 0.984 0.984 0.984 0.984 0.984 0.983 0.983 0.983 0.983 0.983 0.983 0.983 0.982 0.982 0.982 0.983 0.983 0.981 0.981 0.981 0.980 0.979 0.979 0.978 0.978 0.978 0.977 0.977 0.978 0.977 0.977 0.977 0.976 0.976 0.974 0.973 0.973 0.969 0.965 0.963 0.964 0.963 0.963 0.959 0.946 0.938 0.929 0.892 0.908 0.918 0.900 0.879 0.907 0.907 0.902 0.903 0.897 0.911 0.941 0.954 0.954 0.951 0.953 0.953 0.955 0.953 0.948 0.951 0.943 0.941 0.956 0.957 0.948 0.954 0.938 0.943 0.919 0.941 0.933 0.918 0.915 0.905 0.907 0.888 0.832 0.770 0.941 0.945 0.947 0.957 0.940 0.925 0.811 0.898 0.496 0.689 0.302 0.479 0.512 0.750 0.918 0.915 0.928 0.941 0.901 0.904 0.913 0.926 0.944 0.950 0.949 0.944 0.945 0.950 0.938 0.927 0.812 0.744 0.690 0.672 0.575 0.627 0.603 0.532 0.570 0.553 0.558 0.560 0.475 0.590 0.407 0.446 0.645 0.775 0.802 0.853 0.883 0.906 0.912 0.921 0.934 0.938 0.942 0.946 0.949 0.957 0.956 0.953 0.954 0.952 0.950 0.953 0.957 0.959 0.952 0.952 0.958 0.957 0.958 0.954 0.948 0.952 0.950 0.954 0.957 0.958 0.959 0.963 0.962 0.966 0.968 0.968 0.968 0.969 0.969 0.969 0.965 0.968 0.970 0.973 0.972 0.971 0.971 0.971 0.970 0.971 0.971 0.971 0.972 0.974 0.972 0.971 0.968 0.969 0.966 0.960 0.953 0.944 0.939 0.932 0.932 0.935 0.923 0.900 0.877 0.859 0.847 0.866 0.900 0.889 0.887 0.869 0.853 0.819 0.820 0.795 0.766 0.819 0.828 0.808 0.807
>6hud
0.931 0.963 0.950 0.947 0.941 0.922 0.927 0.931 0.934 0.897 0.647 0.537 0.394 0.255 0.271 0.265 0.245 0.222 0.234 0.213 0.252 0.248 0.195 0.195 0.153 0.141 0.124 0.147 0.165 0.158 0.174 0.185 0.209 0.216 0.231 0.217 0.174 0.160 0.152 0.151 0.145 0.160 0.174 0.178 0.189 0.204 0.216 0.214 0.230 0.312 0.387 0.425 0.440 0.459 0.475 0.435 0.471 0.518 0.553 0.571 0.641 0.630 0.583 0.567 0.499 0.518 0.426 0.418 0.434 0.506 0.477 0.510 0.528 0.529 0.553 0.530 0.527 0.517 0.554 0.586 0.571 0.572 0.604 0.631 0.641 0.604 0.634 0.676 0.670 0.674 0.510 0.509 0.584 0.684 0.649 0.543 0.373 0.387 0.313 0.223 0.145 0.200 0.287 0.362 0.465 0.610 0.622 0.636 0.659 0.632 0.639 0.663 0.704 0.683 0.663 0.701 0.764 0.792 0.842 0.851 0.885 0.900 0.921 0.938 0.951 0.958 0.956 0.956 0.958 0.960 0.959 0.961 0.958 0.962 0.952 0.957
>6ic3
0.901 0.905 0.905 0.904 0.915 0.905 0.896 0.869 0.774 0.762 0.750 0.714 0.696 0.627 0.607 0.548 0.467 0.453 0.470 0.467 0.410 0.431 0.424 0.427 0.423 0.421 0.405 0.410 0.384 0.347 0.341 0.290 0.274 0.252 0.242 0.190 0.183 0.165 0.155 0.173 0.208 0.194 0.189 0.218 0.248 0.217 0.257 0.274 0.317 0.310 0.366 0.366 0.361 0.353 0.432 0.489 0.508 0.564 0.568 0.598 0.635 0.593 0.605 0.570 0.540 0.484 0.552 0.618 0.698 0.677 0.707 0.714 0.690 0.614 0.577 0.552 0.537 0.486 0.419 0.385 0.351 0.258 0.228 0.240 0.240 0.254 0.235 0.240 0.222 0.221 0.187 0.201 0.184 0.152 0.178 0.171 0.153 0.153 0.189 0.238 0.229 0.255 0.286 0.335 0.354 0.436 0.536 0.517 0.501 0.496 0.560 0.472 0.521 0.474 0.455 0.436
>6jpd
0.952 0.954 0.959 0.954 0.955 0.955 0.958 0.958 0.958 0.963 0.961 0.961 0.960 0.961 0.957 0.953 0.944 0.942 0.937 0.942 0.939 0.940 0.939 0.937 0.937 0.933 0.929 0.927 0.922 0.926 0.929 0.931 0.933 0.936 0.934 0.926 0.919 0.914 0.916 0.919 0.921 0.920 0.925 0.926 0.923 0.915 0.924 0.922 0.925 0.936 0.940 0.941 0.945 0.943 0.941 0.943 0.945 0.949 0.949 0.949 0.952 0.955 0.950 0.946 0.947 0.958 0.960 0.965 0.965 0.963 0.967 0.967 0.964 0.966 0.967 0.968 0.970 0.972 0.970 0.965 0.964 0.958 0.955 0.957
>6l1t
0.584 0.689 0.684 0.698 0.756 0.714 0.721 0.690 0.707 0.710 0.710 0.675 0.658 0.605 0.601 0.621 0.644 0.656 0.672 0.715 0.751 0.741 0.730 0.832 0.786 0.793 0.827 0.821 0.834 0.856 0.879 0.909 0.913 0.916 0.926 0.925 0.909 0.928 0.935 0.930 0.928 0.907 0.885 0.894 0.881 0.874 0.866 0.858 0.870 0.872 0.879 0.856 0.839 0.817 0.764 0.740 0.736 0.701 0.692 0.705 0.694 0.694 0.697 0.709 0.710 0.721 0.706 0.716 0.733 0.721 0.704 0.729 0.717 0.723 0.727 0.690 0.689 0.716 0.729 0.775 0.786 0.790 0.783 0.812 0.834 0.863 0.863 0.889 0.894 0.892 0.918 0.919 0.926 0.934 0.936 0.941 0.943 0.946 0.944 0.938 0.921 0.920 0.941 0.960 0.958 0.955 0.949 0.948 0.952 0.950 0.958 0.955 0.959 0.963 0.966 0.965 0.966 0.963 0.961 0.964 0.961 0.962 0.960 0.960 0.958 0.956 0.956 0.961 0.962 0.969 0.971 0.970 0.963 0.972 0.978 0.960 0.960 0.960 0.967 0.006
>6l1u
0.584 0.689 0.684 0.698 0.756 0.714 0.721 0.690 0.707 0.710 0.710 0.675 0.658 0.605 0.601 0.621 0.644 0.656 0.672 0.715 0.751 0.741 0.730 0.832 0.786 0.793 0.827 0.821 0.834 0.856 0.879 0.909 0.913 0.916 0.926 0.925 0.909 0.928 0.935 0.930 0.928 0.907 0.885 0.894 0.881 0.874 0.866 0.858 0.870 0.872 0.879 0.856 0.839 0.817 0.764 0.740 0.736 0.701 0.692 0.705 0.694 0.694 0.697 0.709 0.710 0.721 0.706 0.716 0.733 0.721 0.704 0.729 0.717 0.723 0.727 0.690 0.689 0.716 0.729 0.775 0.786 0.790 0.783 0.812 0.834 0.863 0.863 0.889 0.894 0.892 0.918 0.919 0.926 0.934 0.936 0.941 0.943 0.946 0.944 0.938 0.921 0.920 0.941 0.960 0.958 0.955 0.949 0.948 0.952 0.950 0.958 0.955 0.959 0.963 0.966 0.965 0.966 0.963 0.961 0.964 0.961 0.962 0.960 0.960 0.958 0.956 0.956 0.961 0.962 0.969 0.971 0.970 0.963 0.972 0.978 0.960 0.960 0.960 0.967 0.006
>6l4s
0.633 0.684 0.707 0.707 0.781 0.839 0.842 0.853 0.853 0.820 0.755 0.741 0.752 0.717 0.724 0.770 0.743 0.699 0.668 0.653 0.603 0.596 0.589 0.605 0.660 0.664 0.678 0.781 0.760 0.727 0.717 0.696 0.718 0.750 0.744 0.761 0.770 0.777 0.806 0.822 0.814 0.826 0.806 0.788 0.792 0.785 0.813 0.778 0.763 0.751 0.746 0.679 0.661 0.648 0.644
>6lni
0.980 0.982 0.982 0.981 0.976 0.974 0.977 0.973 0.973 0.975 0.976 0.976 0.976 0.974 0.973 0.976 0.976 0.979 0.980 0.981 0.982 0.982 0.982 0.984 0.985 0.986 0.986 0.986 0.986 0.986 0.986 0.986 0.987 0.988 0.988 0.988 0.988 0.989 0.989 0.990 0.990 0.990 0.990 0.990 0.990 0.990 0.989 0.989 0.989 0.990 0.990 0.989 0.989 0.989 0.989 0.989 0.989 0.989 0.990 0.990 0.989 0.990 0.990 0.990 0.989 0.989 0.988 0.989 0.989 0.989 0.989 0.989 0.988 0.989 0.988 0.987 0.986 0.985 0.983 0.982 0.978 0.978 0.977 0.976 0.976 0.977 0.979 0.979 0.980 0.979 0.979 0.979 0.979 0.978 0.976 0.974 0.969 0.971 0.968 0.973 0.973 0.974 0.975 0.976 0.974 0.977 0.976 0.976 0.975 0.977 0.976 0.972 0.971 0.960 0.952 0.943 0.925 0.924 0.924 0.917 0.900 0.862 0.851 0.765 0.838 0.726 0.845 0.734 0.808 0.698 0.818 0.791 0.635 0.630 0.566 0.735 0.779 0.838 0.848 0.784 0.784 0.843 0.885 0.853 0.823 0.807 0.437 0.249 0.259 0.244 0.183 0.139 0.135 0.134 0.150 0.165 0.155 0.183 0.220 0.284 0.249 0.273 0.298 0.307 0.292 0.288 0.281 0.313 0.351 0.306 0.324 0.373 0.343 0.324 0.331 0.377 0.358 0.353 0.350 0.367 0.371 0.348 0.345 0.338 0.322 0.270 0.243 0.217 0.202 0.197 0.193 0.192 0.197 0.199 0.231 0.213 0.221 0.254 0.290 0.298 0.331 0.364 0.386 0.432 0.464 0.454 0.502 0.511 0.504 0.551
>6lrq
0.506 0.760 0.765 0.777 0.792 0.738 0.793 0.823 0.808 0.812 0.806 0.731 0.714 0.664 0.639 0.686 0.641 0.651 0.653 0.666 0.673 0.634 0.598 0.720 0.644 0.602 0.592 0.553 0.573 0.614 0.634 0.756 0.790 0.786 0.742 0.726 0.731 0.847 0.770 0.843 0.855 0.829 0.773 0.829 0.812 0.770 0.758 0.744 0.749 0.794 0.827 0.772 0.766 0.751 0.681 0.642 0.637 0.558 0.503 0.518 0.524 0.559 0.610 0.627 0.629 0.667 0.648 0.647 0.656 0.644 0.638 0.654 0.685 0.697 0.709 0.688 0.673 0.677 0.698 0.752 0.773 0.784 0.786 0.820 0.841 0.862 0.869 0.890 0.884 0.884 0.915 0.918 0.924 0.931 0.934 0.936 0.940 0.940 0.936 0.930 0.913 0.917 0.940 0.952 0.952 0.951 0.945 0.948 0.951 0.949 0.957 0.954 0.958 0.962 0.965 0.965 0.966 0.963 0.961 0.964 0.962 0.962 0.961 0.960 0.958 0.956 0.956 0.961 0.963 0.970 0.971 0.970 0.963 0.972 0.979 0.960 0.960 0.960 0.967 0.006
>6mst
0.230 0.233 0.268 0.274 0.244 0.245 0.261 0.282 0.261 0.251 0.256 0.265 0.269 0.322 0.339 0.344 0.340 0.342 0.358 0.358 0.356 0.368 0.343 0.327 0.331 0.328 0.319 0.310 0.311 0.297 0.293 0.296 0.304 0.322 0.312 0.315 0.325 0.314 0.299 0.294 0.284 0.252 0.236 0.254 0.251 0.223 0.235 0.250 0.225 0.238 0.283 0.313 0.285 0.289 0.311 0.309 0.344 0.344 0.312 0.305 0.246 0.222 0.223 0.214 0.229 0.252
>6n37
0.955 0.952 0.932 0.920 0.912 0.891 0.899 0.898 0.921 0.927 0.931 0.917 0.917 0.902 0.892 0.857 0.824 0.783 0.768 0.784 0.770 0.767 0.792 0.816 0.845 0.876 0.895 0.915 0.929 0.932 0.937 0.938 0.935 0.936 0.937 0.941 0.939 0.945 0.950 0.948 0.951 0.951 0.949 0.945 0.944 0.946 0.938 0.929 0.937 0.936
>6n3a
0.955 0.952 0.932 0.920 0.912 0.891 0.899 0.898 0.921 0.927 0.931 0.917 0.917 0.902 0.892 0.857 0.824 0.783 0.768 0.784 0.770 0.767 0.792 0.816 0.845 0.876 0.895 0.915 0.929 0.932 0.937 0.938 0.935 0.936 0.937 0.941 0.939 0.945 0.950 0.948 0.951 0.951 0.949 0.945 0.944 0.946 0.938 0.929 0.937 0.936
>6n3b
0.955 0.952 0.932 0.920 0.912 0.891 0.899 0.898 0.921 0.927 0.931 0.917 0.917 0.902 0.892 0.857 0.824 0.783 0.768 0.784 0.770 0.767 0.792 0.816 0.845 0.876 0.895 0.915 0.929 0.932 0.937 0.938 0.935 0.936 0.937 0.941 0.939 0.945 0.950 0.948 0.951 0.951 0.949 0.945 0.944 0.946 0.938 0.929 0.937 0.936
>6n3c
0.962 0.964 0.969 0.973 0.972 0.972 0.972 0.974 0.976 0.977 0.978 0.979 0.979 0.979 0.980 0.981 0.980 0.980 0.979 0.979 0.977 0.973 0.968 0.966 0.963 0.962 0.958 0.954 0.955 0.957 0.953 0.950 0.940 0.934 0.931 0.933 0.927 0.932 0.926 0.612 0.821 0.751 0.619 0.584 0.487 0.398
>6nb9
0.466 0.453 0.404 0.428 0.690 0.877 0.895 0.894 0.910 0.567 0.289 0.298 0.255 0.240 0.244
>6nwp
0.921 0.918 0.934 0.933 0.928 0.928 0.936 0.934 0.937 0.940 0.941 0.946 0.944 0.944 0.949 0.953 0.955 0.955 0.954 0.953 0.956 0.955 0.961 0.963 0.968 0.967 0.971 0.971 0.973 0.975 0.975 0.977 0.977 0.979 0.980 0.979 0.979 0.979 0.979 0.979 0.980 0.981 0.981 0.982 0.982 0.983 0.983 0.983 0.983 0.983 0.983 0.983 0.983 0.983 0.983 0.983 0.983 0.982 0.983 0.983 0.983 0.983 0.983 0.983 0.983 0.983 0.983 0.983 0.983 0.983 0.983 0.983 0.983 0.984 0.983 0.983 0.984 0.984 0.984 0.984 0.984 0.984 0.984 0.984 0.984 0.984 0.984 0.984 0.984 0.984 0.984 0.984 0.984 0.984 0.984 0.983 0.984 0.984 0.984 0.983 0.983 0.982 0.982 0.982 0.982 0.982 0.981 0.982 0.981 0.981 0.982 0.981 0.982 0.981 0.981 0.981 0.981 0.980 0.980 0.981 0.980 0.980 0.980 0.980 0.980 0.981 0.980 0.980 0.981 0.981 0.980 0.981 0.981 0.981 0.981 0.981 0.982 0.982 0.982 0.982 0.983 0.983 0.983 0.984 0.984 0.985 0.985 0.985 0.985 0.985 0.985 0.985 0.985 0.985 0.985 0.985 0.985 0.985 0.985 0.985 0.985 0.985 0.986 0.985 0.986 0.986 0.986 0.985 0.985 0.985 0.985 0.985 0.986 0.986 0.985 0.985 0.985 0.985 0.985 0.985 0.985 0.985 0.985 0.985 0.985 0.985 0.985 0.985 0.985 0.985 0.985 0.985 0.985 0.985 0.986 0.986 0.985 0.985 0.985 0.985 0.985 0.986 0.986 0.986 0.985 0.985 0.985 0.985 0.986 0.985 0.985 0.985 0.985 0.985 0.985 0.985 0.985 0.984 0.984 0.984 0.984 0.984 0.984 0.984 0.984 0.983 0.983 0.983 0.983 0.983 0.983 0.983 0.982 0.982 0.982 0.983 0.983 0.981 0.981 0.981 0.980 0.979 0.979 0.978 0.978 0.978 0.977 0.977 0.978 0.977 0.977 0.977 0.976 0.976 0.974 0.973 0.973 0.969 0.965 0.963 0.964 0.963 0.963 0.959 0.946 0.938 0.929 0.892 0.908 0.918 0.900 0.879 0.907 0.907 0.902 0.903 0.897 0.911 0.941 0.954 0.954 0.951 0.953 0.953 0.955 0.953 0.948 0.951 0.943 0.941 0.956 0.957 0.948 0.954 0.938 0.943 0.919 0.941 0.933 0.918 0.915 0.905 0.907 0.888 0.832 0.770 0.941 0.945 0.947 0.957 0.940 0.925 0.811 0.898 0.496 0.689 0.302 0.479 0.512 0.750 0.918 0.915 0.928 0.941 0.901 0.904 0.913 0.926 0.944 0.950 0.949 0.944 0.945 0.950 0.938 0.927 0.812 0.744 0.690 0.672 0.575 0.627 0.603 0.532 0.570 0.553 0.558 0.560 0.475 0.590 0.407 0.446 0.645 0.775 0.802 0.853 0.883 0.906 0.912 0.921 0.934 0.938 0.942 0.946 0.949 0.957 0.956 0.953 0.954 0.952 0.950 0.953 0.957 0.959 0.952 0.952 0.958 0.957 0.958 0.954 0.948 0.952 0.950 0.954 0.957 0.958 0.959 0.963 0.962 0.966 0.968 0.968 0.968 0.969 0.969 0.969 0.965 0.968 0.970 0.973 0.972 0.971 0.971 0.971 0.970 0.971 0.971 0.971 0.972 0.974 0.972 0.971 0.968 0.969 0.966 0.960 0.953 0.944 0.939 0.932 0.932 0.935 0.923 0.900 0.877 0.859 0.847 0.866 0.900 0.889 0.887 0.869 0.853 0.819 0.820 0.795 0.766 0.819 0.828 0.808 0.807
>6nwq
0.921 0.918 0.934 0.933 0.928 0.928 0.936 0.934 0.937 0.940 0.941 0.946 0.944 0.944 0.949 0.953 0.955 0.955 0.954 0.953 0.956 0.955 0.961 0.963 0.968 0.967 0.971 0.971 0.973 0.975 0.975 0.977 0.977 0.979 0.980 0.979 0.979 0.979 0.979 0.979 0.980 0.981 0.981 0.982 0.982 0.983 0.983 0.983 0.983 0.983 0.983 0.983 0.983 0.983 0.983 0.983 0.983 0.982 0.983 0.983 0.983 0.983 0.983 0.983 0.983 0.983 0.983 0.983 0.983 0.983 0.983 0.983 0.983 0.984 0.983 0.983 0.984 0.984 0.984 0.984 0.984 0.984 0.984 0.984 0.984 0.984 0.984 0.984 0.984 0.984 0.984 0.984 0.984 0.984 0.984 0.983 0.984 0.984 0.984 0.983 0.983 0.982 0.982 0.982 0.982 0.982 0.981 0.982 0.981 0.981 0.982 0.981 0.982 0.981 0.981 0.981 0.981 0.980 0.980 0.981 0.980 0.980 0.980 0.980 0.980 0.981 0.980 0.980 0.981 0.981 0.980 0.981 0.981 0.981 0.981 0.981 0.982 0.982 0.982 0.982 0.983 0.983 0.983 0.984 0.984 0.985 0.985 0.985 0.985 0.985 0.985 0.985 0.985 0.985 0.985 0.985 0.985 0.985 0.985 0.985 0.985 0.985 0.986 0.985 0.986 0.986 0.986 0.985 0.985 0.985 0.985 0.985 0.986 0.986 0.985 0.985 0.985 0.985 0.985 0.985 0.985 0.985 0.985 0.985 0.985 0.985 0.985 0.985 0.985 0.985 0.985 0.985 0.985 0.985 0.986 0.986 0.985 0.985 0.985 0.985 0.985 0.986 0.986 0.986 0.985 0.985 0.985 0.985 0.986 0.985 0.985 0.985 0.985 0.985 0.985 0.985 0.985 0.984 0.984 0.984 0.984 0.984 0.984 0.984 0.984 0.983 0.983 0.983 0.983 0.983 0.983 0.983 0.982 0.982 0.982 0.983 0.983 0.981 0.981 0.981 0.980 0.979 0.979 0.978 0.978 0.978 0.977 0.977 0.978 0.977 0.977 0.977 0.976 0.976 0.974 0.973 0.973 0.969 0.965 0.963 0.964 0.963 0.963 0.959 0.946 0.938 0.929 0.892 0.908 0.918 0.900 0.879 0.907 0.907 0.902 0.903 0.897 0.911 0.941 0.954 0.954 0.951 0.953 0.953 0.955 0.953 0.948 0.951 0.943 0.941 0.956 0.957 0.948 0.954 0.938 0.943 0.919 0.941 0.933 0.918 0.915 0.905 0.907 0.888 0.832 0.770 0.941 0.945 0.947 0.957 0.940 0.925 0.811 0.898 0.496 0.689 0.302 0.479 0.512 0.750 0.918 0.915 0.928 0.941 0.901 0.904 0.913 0.926 0.944 0.950 0.949 0.944 0.945 0.950 0.938 0.927 0.812 0.744 0.690 0.672 0.575 0.627 0.603 0.532 0.570 0.553 0.558 0.560 0.475 0.590 0.407 0.446 0.645 0.775 0.802 0.853 0.883 0.906 0.912 0.921 0.934 0.938 0.942 0.946 0.949 0.957 0.956 0.953 0.954 0.952 0.950 0.953 0.957 0.959 0.952 0.952 0.958 0.957 0.958 0.954 0.948 0.952 0.950 0.954 0.957 0.958 0.959 0.963 0.962 0.966 0.968 0.968 0.968 0.969 0.969 0.969 0.965 0.968 0.970 0.973 0.972 0.971 0.971 0.971 0.970 0.971 0.971 0.971 0.972 0.974 0.972 0.971 0.968 0.969 0.966 0.960 0.953 0.944 0.939 0.932 0.932 0.935 0.923 0.900 0.877 0.859 0.847 0.866 0.900 0.889 0.887 0.869 0.853 0.819 0.820 0.795 0.766 0.819 0.828 0.808 0.807
>6nzn
0.630 0.607 0.600 0.601 0.562 0.548 0.556 0.537 0.536 0.516 0.514 0.495 0.455 0.428 0.423 0.408 0.426 0.416 0.374 0.372 0.377 0.371 0.378 0.375 0.378 0.366 0.395 0.378 0.432
>6oc9
0.742 0.805 0.799 0.830 0.793 0.782 0.784 0.788 0.763 0.710 0.683 0.648 0.627 0.624 0.621 0.611 0.585 0.537 0.511 0.453 0.433 0.384 0.431 0.414 0.477 0.504 0.426 0.459 0.496 0.552 0.523 0.525 0.548 0.554 0.527 0.514 0.482 0.455 0.415 0.486
>6oiz
0.494 0.496 0.492 0.536 0.841 0.920 0.928 0.927 0.933 0.792 0.364 0.350 0.311 0.289 0.336
>6osj
0.509 0.733 0.748 0.762 0.780 0.724 0.777 0.813 0.789 0.790 0.782 0.729 0.727 0.669 0.662 0.706 0.675 0.677 0.680 0.703 0.699 0.662 0.615 0.743 0.664 0.603 0.598 0.565 0.592 0.637 0.700 0.792 0.842 0.838 0.746 0.779 0.819 0.887 0.872 0.889 0.898 0.866 0.833 0.880 0.849 0.837 0.846 0.832 0.850 0.831 0.862 0.795 0.765 0.749 0.691 0.660 0.654 0.574 0.519 0.545 0.566 0.592 0.624 0.637 0.652 0.681 0.669 0.683 0.684 0.665 0.651 0.674 0.695 0.700 0.707 0.688 0.675 0.679 0.715 0.779 0.805 0.807 0.804 0.833 0.845 0.874 0.885 0.896 0.895 0.892 0.920 0.921 0.929 0.935 0.938 0.942 0.943 0.943 0.938 0.926 0.915 0.917 0.933 0.954 0.954 0.952 0.945 0.948 0.952 0.947 0.955 0.952 0.956 0.961 0.964 0.964 0.965 0.962 0.960 0.963 0.961 0.961 0.960 0.959 0.957 0.955 0.956 0.960 0.962 0.968 0.971 0.969 0.962 0.972 0.978 0.960 0.960 0.959 0.966 0.006
>6osl
0.509 0.733 0.748 0.762 0.780 0.724 0.777 0.813 0.789 0.790 0.782 0.729 0.727 0.669 0.662 0.706 0.675 0.677 0.680 0.703 0.699 0.662 0.615 0.743 0.664 0.603 0.598 0.565 0.592 0.637 0.700 0.792 0.842 0.838 0.746 0.779 0.819 0.887 0.872 0.889 0.898 0.866 0.833 0.880 0.849 0.837 0.846 0.832 0.850 0.831 0.862 0.795 0.765 0.749 0.691 0.660 0.654 0.574 0.519 0.545 0.566 0.592 0.624 0.637 0.652 0.681 0.669 0.683 0.684 0.665 0.651 0.674 0.695 0.700 0.707 0.688 0.675 0.679 0.715 0.779 0.805 0.807 0.804 0.833 0.845 0.874 0.885 0.896 0.895 0.892 0.920 0.921 0.929 0.935 0.938 0.942 0.943 0.943 0.938 0.926 0.915 0.917 0.933 0.954 0.954 0.952 0.945 0.948 0.952 0.947 0.955 0.952 0.956 0.961 0.964 0.964 0.965 0.962 0.960 0.963 0.961 0.961 0.960 0.959 0.957 0.955 0.956 0.960 0.962 0.968 0.971 0.969 0.962 0.972 0.978 0.960 0.960 0.959 0.966 0.006
>6osm
0.509 0.733 0.748 0.762 0.780 0.724 0.777 0.813 0.789 0.790 0.782 0.729 0.727 0.669 0.662 0.706 0.675 0.677 0.680 0.703 0.699 0.662 0.615 0.743 0.664 0.603 0.598 0.565 0.592 0.637 0.700 0.792 0.842 0.838 0.746 0.779 0.819 0.887 0.872 0.889 0.898 0.866 0.833 0.880 0.849 0.837 0.846 0.832 0.850 0.831 0.862 0.795 0.765 0.749 0.691 0.660 0.654 0.574 0.519 0.545 0.566 0.592 0.624 0.637 0.652 0.681 0.669 0.683 0.684 0.665 0.651 0.674 0.695 0.700 0.707 0.688 0.675 0.679 0.715 0.779 0.805 0.807 0.804 0.833 0.845 0.874 0.885 0.896 0.895 0.892 0.920 0.921 0.929 0.935 0.938 0.942 0.943 0.943 0.938 0.926 0.915 0.917 0.933 0.954 0.954 0.952 0.945 0.948 0.952 0.947 0.955 0.952 0.956 0.961 0.964 0.964 0.965 0.962 0.960 0.963 0.961 0.961 0.960 0.959 0.957 0.955 0.956 0.960 0.962 0.968 0.971 0.969 0.962 0.972 0.978 0.960 0.960 0.959 0.966 0.006
>6peo
0.463 0.632 0.662 0.691 0.746 0.663 0.757 0.797 0.790 0.790 0.774 0.720 0.722 0.679 0.668 0.709 0.662 0.656 0.664 0.690 0.678 0.639 0.601 0.731 0.645 0.580 0.570 0.542 0.556 0.592 0.611 0.720 0.767 0.753 0.663 0.650 0.679 0.855 0.820 0.872 0.878 0.836 0.815 0.848 0.825 0.796 0.799 0.785 0.716 0.721 0.771 0.719 0.734 0.730 0.665 0.623 0.621 0.553 0.503 0.526 0.553 0.577 0.616 0.632 0.644 0.667 0.645 0.666 0.676 0.660 0.642 0.673 0.693 0.701 0.715 0.690 0.673 0.682 0.714 0.773 0.791 0.793 0.795 0.824 0.836 0.866 0.875 0.892 0.891 0.887 0.916 0.920 0.927 0.934 0.937 0.940 0.944 0.942 0.938 0.925 0.919 0.918 0.936 0.956 0.956 0.955 0.949 0.951 0.954 0.950 0.958 0.955 0.959 0.963 0.966 0.965 0.967 0.963 0.961 0.965 0.962 0.962 0.961 0.960 0.958 0.956 0.957 0.961 0.962 0.969 0.971 0.970 0.962 0.972 0.978 0.960 0.960 0.960 0.966 0.006
>6pes
0.463 0.632 0.662 0.691 0.746 0.663 0.757 0.797 0.790 0.790 0.774 0.720 0.722 0.679 0.668 0.709 0.662 0.656 0.664 0.690 0.678 0.639 0.601 0.731 0.645 0.580 0.570 0.542 0.556 0.592 0.611 0.720 0.767 0.753 0.663 0.650 0.679 0.855 0.820 0.872 0.878 0.836 0.815 0.848 0.825 0.796 0.799 0.785 0.716 0.721 0.771 0.719 0.734 0.730 0.665 0.623 0.621 0.553 0.503 0.526 0.553 0.577 0.616 0.632 0.644 0.667 0.645 0.666 0.676 0.660 0.642 0.673 0.693 0.701 0.715 0.690 0.673 0.682 0.714 0.773 0.791 0.793 0.795 0.824 0.836 0.866 0.875 0.892 0.891 0.887 0.916 0.920 0.927 0.934 0.937 0.940 0.944 0.942 0.938 0.925 0.919 0.918 0.936 0.956 0.956 0.955 0.949 0.951 0.954 0.950 0.958 0.955 0.959 0.963 0.966 0.965 0.967 0.963 0.961 0.965 0.962 0.962 0.961 0.960 0.958 0.956 0.957 0.961 0.962 0.969 0.971 0.970 0.962 0.972 0.978 0.960 0.960 0.960 0.966 0.006
>6qjh
0.618 0.677 0.750 0.775 0.709 0.731 0.717 0.694 0.710 0.756 0.720 0.689 0.691 0.705 0.672 0.645 0.710 0.665 0.696 0.770 0.774 0.796 0.817 0.844 0.854 0.873 0.898 0.910 0.925 0.931 0.920 0.924 0.928 0.931 0.930 0.921 0.911 0.897 0.888 0.871 0.847 0.848 0.843 0.796 0.766 0.755 0.736 0.703 0.719 0.739 0.776 0.801 0.832 0.858 0.871 0.879 0.846 0.893 0.906
>6qjm
0.707 0.782 0.704 0.728 0.722 0.691 0.690 0.798 0.731 0.723 0.764 0.780 0.773 0.725 0.713 0.698 0.714 0.765 0.773 0.791 0.836 0.860 0.895 0.912 0.929 0.936 0.944 0.944 0.942 0.931 0.930 0.930 0.932 0.924 0.919 0.910 0.910 0.907 0.892 0.898 0.896 0.873 0.884 0.896 0.909 0.916 0.927 0.921
>6qjp
0.707 0.782 0.704 0.728 0.722 0.691 0.690 0.798 0.731 0.723 0.764 0.780 0.773 0.725 0.713 0.698 0.714 0.765 0.773 0.791 0.836 0.860 0.895 0.912 0.929 0.936 0.944 0.944 0.942 0.931 0.930 0.930 0.932 0.924 0.919 0.910 0.910 0.907 0.892 0.898 0.896 0.873 0.884 0.896 0.909 0.916 0.927 0.921
>6qjq
0.672 0.775 0.749 0.726 0.732 0.684 0.637 0.563 0.572 0.530 0.458 0.443 0.392 0.416 0.384 0.386 0.376 0.370 0.396 0.399 0.386 0.356 0.329 0.335 0.309 0.293 0.351 0.340
>6r4r
0.563 0.568 0.541 0.542 0.529 0.540 0.494 0.480 0.494 0.459 0.451 0.462 0.423 0.402 0.391 0.359 0.362 0.343 0.331 0.306 0.303 0.322 0.305 0.294 0.320 0.333 0.324 0.303 0.329 0.302 0.291 0.295 0.302 0.309 0.290 0.302 0.300 0.293 0.297 0.305 0.295 0.321 0.303 0.321 0.312 0.304 0.314 0.325 0.330 0.311 0.291 0.349 0.333 0.334 0.441 0.488 0.578 0.573 0.565 0.498 0.496 0.477 0.467 0.446 0.436 0.388 0.340 0.347 0.365 0.437 0.430 0.444 0.468 0.448 0.413 0.402 0.413 0.449 0.478 0.532 0.503 0.499 0.379 0.389 0.337 0.338
>6rt0
0.509 0.733 0.748 0.762 0.780 0.724 0.777 0.813 0.789 0.790 0.782 0.729 0.727 0.669 0.662 0.706 0.675 0.677 0.680 0.703 0.699 0.662 0.615 0.743 0.664 0.603 0.598 0.565 0.592 0.637 0.700 0.792 0.842 0.838 0.746 0.779 0.819 0.887 0.872 0.889 0.898 0.866 0.833 0.880 0.849 0.837 0.846 0.832 0.850 0.831 0.862 0.795 0.765 0.749 0.691 0.660 0.654 0.574 0.519 0.545 0.566 0.592 0.624 0.637 0.652 0.681 0.669 0.683 0.684 0.665 0.651 0.674 0.695 0.700 0.707 0.688 0.675 0.679 0.715 0.779 0.805 0.807 0.804 0.833 0.845 0.874 0.885 0.896 0.895 0.892 0.920 0.921 0.929 0.935 0.938 0.942 0.943 0.943 0.938 0.926 0.915 0.917 0.933 0.954 0.954 0.952 0.945 0.948 0.952 0.947 0.955 0.952 0.956 0.961 0.964 0.964 0.965 0.962 0.960 0.963 0.961 0.961 0.960 0.959 0.957 0.955 0.956 0.960 0.962 0.968 0.971 0.969 0.962 0.972 0.978 0.960 0.960 0.959 0.966 0.006
>6rtb
0.509 0.733 0.748 0.762 0.780 0.724 0.777 0.813 0.789 0.790 0.782 0.729 0.727 0.669 0.662 0.706 0.675 0.677 0.680 0.703 0.699 0.662 0.615 0.743 0.664 0.603 0.598 0.565 0.592 0.637 0.700 0.792 0.842 0.838 0.746 0.779 0.819 0.887 0.872 0.889 0.898 0.866 0.833 0.880 0.849 0.837 0.846 0.832 0.850 0.831 0.862 0.795 0.765 0.749 0.691 0.660 0.654 0.574 0.519 0.545 0.566 0.592 0.624 0.637 0.652 0.681 0.669 0.683 0.684 0.665 0.651 0.674 0.695 0.700 0.707 0.688 0.675 0.679 0.715 0.779 0.805 0.807 0.804 0.833 0.845 0.874 0.885 0.896 0.895 0.892 0.920 0.921 0.929 0.935 0.938 0.942 0.943 0.943 0.938 0.926 0.915 0.917 0.933 0.954 0.954 0.952 0.945 0.948 0.952 0.947 0.955 0.952 0.956 0.961 0.964 0.964 0.965 0.962 0.960 0.963 0.961 0.961 0.960 0.959 0.957 0.955 0.956 0.960 0.962 0.968 0.971 0.969 0.962 0.972 0.978 0.960 0.960 0.959 0.966 0.006
>6sdz
0.822 0.712 0.655 0.638 0.569 0.527 0.434 0.410 0.431 0.425 0.352 0.345 0.316 0.262 0.186 0.159 0.144 0.116 0.094 0.078 0.068 0.051 0.059 0.064 0.062 0.066 0.080 0.083 0.096 0.109 0.125 0.151 0.158 0.157 0.151 0.155 0.164 0.179 0.218 0.235 0.266 0.317 0.351 0.379 0.396 0.418 0.393 0.420 0.463 0.453 0.453 0.448 0.451 0.431 0.444 0.441 0.449 0.413 0.417 0.389 0.341 0.291 0.280 0.246 0.263 0.237 0.235 0.217 0.211 0.209 0.211 0.212 0.208 0.188 0.180 0.172 0.171 0.187 0.175 0.168 0.170 0.157 0.134 0.117 0.114 0.106 0.095 0.098 0.102 0.100 0.118 0.113 0.107 0.109 0.093 0.085 0.085 0.078 0.071 0.066 0.059 0.053 0.053 0.050 0.048 0.058 0.068 0.085 0.094 0.092 0.086 0.081 0.073 0.077 0.092 0.116 0.113 0.118 0.146 0.169 0.164 0.173 0.195 0.212 0.241 0.309 0.313
>6shs
0.742 0.805 0.799 0.830 0.793 0.782 0.784 0.788 0.763 0.710 0.683 0.648 0.627 0.624 0.621 0.611 0.585 0.537 0.511 0.453 0.433 0.384 0.431 0.414 0.477 0.504 0.426 0.459 0.496 0.552 0.523 0.525 0.548 0.554 0.527 0.514 0.482 0.455 0.415 0.486
>6sst
0.509 0.733 0.748 0.762 0.780 0.724 0.777 0.813 0.789 0.790 0.782 0.729 0.727 0.669 0.662 0.706 0.675 0.677 0.680 0.703 0.699 0.662 0.615 0.743 0.664 0.603 0.598 0.565 0.592 0.637 0.700 0.792 0.842 0.838 0.746 0.779 0.819 0.887 0.872 0.889 0.898 0.866 0.833 0.880 0.849 0.837 0.846 0.832 0.850 0.831 0.862 0.795 0.765 0.749 0.691 0.660 0.654 0.574 0.519 0.545 0.566 0.592 0.624 0.637 0.652 0.681 0.669 0.683 0.684 0.665 0.651 0.674 0.695 0.700 0.707 0.688 0.675 0.679 0.715 0.779 0.805 0.807 0.804 0.833 0.845 0.874 0.885 0.896 0.895 0.892 0.920 0.921 0.929 0.935 0.938 0.942 0.943 0.943 0.938 0.926 0.915 0.917 0.933 0.954 0.954 0.952 0.945 0.948 0.952 0.947 0.955 0.952 0.956 0.961 0.964 0.964 0.965 0.962 0.960 0.963 0.961 0.961 0.960 0.959 0.957 0.955 0.956 0.960 0.962 0.968 0.971 0.969 0.962 0.972 0.978 0.960 0.960 0.959 0.966 0.006
>6ssx
0.509 0.733 0.748 0.762 0.780 0.724 0.777 0.813 0.789 0.790 0.782 0.729 0.727 0.669 0.662 0.706 0.675 0.677 0.680 0.703 0.699 0.662 0.615 0.743 0.664 0.603 0.598 0.565 0.592 0.637 0.700 0.792 0.842 0.838 0.746 0.779 0.819 0.887 0.872 0.889 0.898 0.866 0.833 0.880 0.849 0.837 0.846 0.832 0.850 0.831 0.862 0.795 0.765 0.749 0.691 0.660 0.654 0.574 0.519 0.545 0.566 0.592 0.624 0.637 0.652 0.681 0.669 0.683 0.684 0.665 0.651 0.674 0.695 0.700 0.707 0.688 0.675 0.679 0.715 0.779 0.805 0.807 0.804 0.833 0.845 0.874 0.885 0.896 0.895 0.892 0.920 0.921 0.929 0.935 0.938 0.942 0.943 0.943 0.938 0.926 0.915 0.917 0.933 0.954 0.954 0.952 0.945 0.948 0.952 0.947 0.955 0.952 0.956 0.961 0.964 0.964 0.965 0.962 0.960 0.963 0.961 0.961 0.960 0.959 0.957 0.955 0.956 0.960 0.962 0.968 0.971 0.969 0.962 0.972 0.978 0.960 0.960 0.959 0.966 0.006
>6ti5
0.742 0.805 0.799 0.830 0.793 0.782 0.784 0.788 0.763 0.710 0.683 0.648 0.627 0.624 0.621 0.611 0.585 0.537 0.511 0.453 0.433 0.384 0.431 0.414 0.477 0.504 0.426 0.459 0.496 0.552 0.523 0.525 0.548 0.554 0.527 0.514 0.482 0.455 0.415 0.486
>6ti6
0.779 0.826 0.821 0.848 0.815 0.803 0.807 0.814 0.809 0.777 0.739 0.691 0.682 0.668 0.667 0.659 0.631 0.591 0.562 0.515 0.502 0.457 0.498 0.472 0.492 0.477 0.483 0.533 0.574 0.643 0.599 0.599 0.615 0.598 0.582 0.566 0.561 0.593 0.579 0.574 0.556 0.003
>6ti7
0.779 0.826 0.821 0.848 0.815 0.803 0.807 0.814 0.809 0.777 0.739 0.691 0.682 0.668 0.667 0.659 0.631 0.591 0.562 0.515 0.502 0.457 0.498 0.472 0.492 0.477 0.483 0.533 0.574 0.643 0.599 0.599 0.615 0.598 0.582 0.566 0.561 0.593 0.579 0.574 0.556 0.003
>6tjo
0.921 0.918 0.934 0.933 0.928 0.928 0.936 0.934 0.937 0.940 0.941 0.946 0.944 0.944 0.949 0.953 0.955 0.955 0.954 0.953 0.956 0.955 0.961 0.963 0.968 0.967 0.971 0.971 0.973 0.975 0.975 0.977 0.977 0.979 0.980 0.979 0.979 0.979 0.979 0.979 0.980 0.981 0.981 0.982 0.982 0.983 0.983 0.983 0.983 0.983 0.983 0.983 0.983 0.983 0.983 0.983 0.983 0.982 0.983 0.983 0.983 0.983 0.983 0.983 0.983 0.983 0.983 0.983 0.983 0.983 0.983 0.983 0.983 0.984 0.983 0.983 0.984 0.984 0.984 0.984 0.984 0.984 0.984 0.984 0.984 0.984 0.984 0.984 0.984 0.984 0.984 0.984 0.984 0.984 0.984 0.983 0.984 0.984 0.984 0.983 0.983 0.982 0.982 0.982 0.982 0.982 0.981 0.982 0.981 0.981 0.982 0.981 0.982 0.981 0.981 0.981 0.981 0.980 0.980 0.981 0.980 0.980 0.980 0.980 0.980 0.981 0.980 0.980 0.981 0.981 0.980 0.981 0.981 0.981 0.981 0.981 0.982 0.982 0.982 0.982 0.983 0.983 0.983 0.984 0.984 0.985 0.985 0.985 0.985 0.985 0.985 0.985 0.985 0.985 0.985 0.985 0.985 0.985 0.985 0.985 0.985 0.985 0.986 0.985 0.986 0.986 0.986 0.985 0.985 0.985 0.985 0.985 0.986 0.986 0.985 0.985 0.985 0.985 0.985 0.985 0.985 0.985 0.985 0.985 0.985 0.985 0.985 0.985 0.985 0.985 0.985 0.985 0.985 0.985 0.986 0.986 0.985 0.985 0.985 0.985 0.985 0.986 0.986 0.986 0.985 0.985 0.985 0.985 0.986 0.985 0.985 0.985 0.985 0.985 0.985 0.985 0.985 0.984 0.984 0.984 0.984 0.984 0.984 0.984 0.984 0.983 0.983 0.983 0.983 0.983 0.983 0.983 0.982 0.982 0.982 0.983 0.983 0.981 0.981 0.981 0.980 0.979 0.979 0.978 0.978 0.978 0.977 0.977 0.978 0.977 0.977 0.977 0.976 0.976 0.974 0.973 0.973 0.969 0.965 0.963 0.964 0.963 0.963 0.959 0.946 0.938 0.929 0.892 0.908 0.918 0.900 0.879 0.907 0.907 0.902 0.903 0.897 0.911 0.941 0.954 0.954 0.951 0.953 0.953 0.955 0.953 0.948 0.951 0.943 0.941 0.956 0.957 0.948 0.954 0.938 0.943 0.919 0.941 0.933 0.918 0.915 0.905 0.907 0.888 0.832 0.770 0.941 0.945 0.947 0.957 0.940 0.925 0.811 0.898 0.496 0.689 0.302 0.479 0.512 0.750 0.918 0.915 0.928 0.941 0.901 0.904 0.913 0.926 0.944 0.950 0.949 0.944 0.945 0.950 0.938 0.927 0.812 0.744 0.690 0.672 0.575 0.627 0.603 0.532 0.570 0.553 0.558 0.560 0.475 0.590 0.407 0.446 0.645 0.775 0.802 0.853 0.883 0.906 0.912 0.921 0.934 0.938 0.942 0.946 0.949 0.957 0.956 0.953 0.954 0.952 0.950 0.953 0.957 0.959 0.952 0.952 0.958 0.957 0.958 0.954 0.948 0.952 0.950 0.954 0.957 0.958 0.959 0.963 0.962 0.966 0.968 0.968 0.968 0.969 0.969 0.969 0.965 0.968 0.970 0.973 0.972 0.971 0.971 0.971 0.970 0.971 0.971 0.971 0.972 0.974 0.972 0.971 0.968 0.969 0.966 0.960 0.953 0.944 0.939 0.932 0.932 0.935 0.923 0.900 0.877 0.859 0.847 0.866 0.900 0.889 0.887 0.869 0.853 0.819 0.820 0.795 0.766 0.819 0.828 0.808 0.807
>6tjx
0.921 0.918 0.934 0.933 0.928 0.928 0.936 0.934 0.937 0.940 0.941 0.946 0.944 0.944 0.949 0.953 0.955 0.955 0.954 0.953 0.956 0.955 0.961 0.963 0.968 0.967 0.971 0.971 0.973 0.975 0.975 0.977 0.977 0.979 0.980 0.979 0.979 0.979 0.979 0.979 0.980 0.981 0.981 0.982 0.982 0.983 0.983 0.983 0.983 0.983 0.983 0.983 0.983 0.983 0.983 0.983 0.983 0.982 0.983 0.983 0.983 0.983 0.983 0.983 0.983 0.983 0.983 0.983 0.983 0.983 0.983 0.983 0.983 0.984 0.983 0.983 0.984 0.984 0.984 0.984 0.984 0.984 0.984 0.984 0.984 0.984 0.984 0.984 0.984 0.984 0.984 0.984 0.984 0.984 0.984 0.983 0.984 0.984 0.984 0.983 0.983 0.982 0.982 0.982 0.982 0.982 0.981 0.982 0.981 0.981 0.982 0.981 0.982 0.981 0.981 0.981 0.981 0.980 0.980 0.981 0.980 0.980 0.980 0.980 0.980 0.981 0.980 0.980 0.981 0.981 0.980 0.981 0.981 0.981 0.981 0.981 0.982 0.982 0.982 0.982 0.983 0.983 0.983 0.984 0.984 0.985 0.985 0.985 0.985 0.985 0.985 0.985 0.985 0.985 0.985 0.985 0.985 0.985 0.985 0.985 0.985 0.985 0.986 0.985 0.986 0.986 0.986 0.985 0.985 0.985 0.985 0.985 0.986 0.986 0.985 0.985 0.985 0.985 0.985 0.985 0.985 0.985 0.985 0.985 0.985 0.985 0.985 0.985 0.985 0.985 0.985 0.985 0.985 0.985 0.986 0.986 0.985 0.985 0.985 0.985 0.985 0.986 0.986 0.986 0.985 0.985 0.985 0.985 0.986 0.985 0.985 0.985 0.985 0.985 0.985 0.985 0.985 0.984 0.984 0.984 0.984 0.984 0.984 0.984 0.984 0.983 0.983 0.983 0.983 0.983 0.983 0.983 0.982 0.982 0.982 0.983 0.983 0.981 0.981 0.981 0.980 0.979 0.979 0.978 0.978 0.978 0.977 0.977 0.978 0.977 0.977 0.977 0.976 0.976 0.974 0.973 0.973 0.969 0.965 0.963 0.964 0.963 0.963 0.959 0.946 0.938 0.929 0.892 0.908 0.918 0.900 0.879 0.907 0.907 0.902 0.903 0.897 0.911 0.941 0.954 0.954 0.951 0.953 0.953 0.955 0.953 0.948 0.951 0.943 0.941 0.956 0.957 0.948 0.954 0.938 0.943 0.919 0.941 0.933 0.918 0.915 0.905 0.907 0.888 0.832 0.770 0.941 0.945 0.947 0.957 0.940 0.925 0.811 0.898 0.496 0.689 0.302 0.479 0.512 0.750 0.918 0.915 0.928 0.941 0.901 0.904 0.913 0.926 0.944 0.950 0.949 0.944 0.945 0.950 0.938 0.927 0.812 0.744 0.690 0.672 0.575 0.627 0.603 0.532 0.570 0.553 0.558 0.560 0.475 0.590 0.407 0.446 0.645 0.775 0.802 0.853 0.883 0.906 0.912 0.921 0.934 0.938 0.942 0.946 0.949 0.957 0.956 0.953 0.954 0.952 0.950 0.953 0.957 0.959 0.952 0.952 0.958 0.957 0.958 0.954 0.948 0.952 0.950 0.954 0.957 0.958 0.959 0.963 0.962 0.966 0.968 0.968 0.968 0.969 0.969 0.969 0.965 0.968 0.970 0.973 0.972 0.971 0.971 0.971 0.970 0.971 0.971 0.971 0.972 0.974 0.972 0.971 0.968 0.969 0.966 0.960 0.953 0.944 0.939 0.932 0.932 0.935 0.923 0.900 0.877 0.859 0.847 0.866 0.900 0.889 0.887 0.869 0.853 0.819 0.820 0.795 0.766 0.819 0.828 0.808 0.807
>6tub
0.901 0.866 0.810 0.766 0.715 0.688 0.662 0.548 0.476 0.477 0.466 0.454 0.489 0.463 0.453 0.487 0.480 0.479 0.466 0.465 0.452 0.441 0.425 0.411 0.402 0.395 0.417 0.439 0.444 0.458 0.446
>6ufr
0.490 0.697 0.705 0.702 0.725 0.653 0.708 0.740 0.698 0.696 0.692 0.640 0.634 0.608 0.608 0.665 0.644 0.661 0.673 0.694 0.697 0.660 0.626 0.751 0.660 0.597 0.594 0.573 0.591 0.642 0.705 0.778 0.838 0.844 0.775 0.806 0.815 0.883 0.874 0.885 0.893 0.873 0.850 0.876 0.867 0.854 0.879 0.876 0.858 0.831 0.861 0.812 0.792 0.771 0.711 0.674 0.670 0.598 0.537 0.548 0.567 0.589 0.618 0.642 0.662 0.674 0.659 0.673 0.679 0.669 0.645 0.678 0.689 0.703 0.712 0.691 0.674 0.682 0.720 0.781 0.803 0.809 0.804 0.833 0.843 0.872 0.882 0.895 0.894 0.890 0.919 0.921 0.928 0.935 0.938 0.940 0.941 0.940 0.936 0.924 0.911 0.912 0.928 0.952 0.952 0.951 0.944 0.947 0.951 0.946 0.953 0.951 0.955 0.960 0.963 0.963 0.964 0.961 0.959 0.962 0.960 0.960 0.959 0.958 0.957 0.954 0.955 0.960 0.961 0.968 0.970 0.970 0.962 0.972 0.978 0.959 0.960 0.959 0.966 0.006
>6uur
0.951 0.952 0.960 0.959 0.963 0.959 0.967 0.969 0.969 0.963 0.966 0.964 0.962 0.962 0.961 0.959 0.957 0.959 0.956 0.958 0.952 0.953 0.963 0.969 0.970 0.973 0.973 0.976 0.974 0.974 0.973 0.974 0.974 0.976 0.978 0.977 0.974 0.971 0.967 0.960 0.943 0.910 0.881 0.876 0.863 0.871 0.879 0.851 0.802 0.706 0.754 0.734 0.742 0.689 0.720 0.696 0.720 0.759 0.796 0.775 0.771 0.835 0.855 0.852 0.860 0.861 0.883 0.855 0.835 0.846 0.859 0.846 0.851 0.893 0.924 0.865 0.880 0.900 0.902 0.881 0.854 0.836 0.841 0.822 0.756
>6vh7
0.867 0.914 0.907 0.927 0.916 0.911 0.902 0.928 0.921 0.913 0.929 0.934 0.888 0.860 0.833 0.715 0.699 0.776 0.761 0.741 0.823 0.668 0.814 0.760 0.806 0.736 0.820 0.750 0.698 0.663 0.664 0.567 0.552 0.599 0.587 0.487 0.482 0.430 0.424 0.434 0.456 0.440 0.416 0.436 0.452 0.500 0.532 0.594 0.631 0.661 0.703 0.761 0.764 0.830 0.782 0.788 0.812 0.843 0.870 0.897 0.892 0.896 0.895 0.862 0.865 0.846 0.841 0.812 0.829 0.782 0.787 0.794 0.755 0.739 0.728 0.717 0.736 0.708 0.745 0.751 0.753 0.764 0.785 0.797 0.818 0.880 0.889 0.904 0.906 0.916 0.923 0.933 0.942 0.947 0.941 0.947 0.942 0.944 0.945 0.948 0.950 0.956 0.955 0.955 0.941 0.918 0.914
>6vha
0.867 0.914 0.907 0.927 0.916 0.911 0.902 0.928 0.921 0.913 0.929 0.934 0.888 0.860 0.833 0.715 0.699 0.776 0.761 0.741 0.823 0.668 0.814 0.760 0.806 0.736 0.820 0.750 0.698 0.663 0.664 0.567 0.552 0.599 0.587 0.487 0.482 0.430 0.424 0.434 0.456 0.440 0.416 0.436 0.452 0.500 0.532 0.594 0.631 0.661 0.703 0.761 0.764 0.830 0.782 0.788 0.812 0.843 0.870 0.897 0.892 0.896 0.895 0.862 0.865 0.846 0.841 0.812 0.829 0.782 0.787 0.794 0.755 0.739 0.728 0.717 0.736 0.708 0.745 0.751 0.753 0.764 0.785 0.797 0.818 0.880 0.889 0.904 0.906 0.916 0.923 0.933 0.942 0.947 0.941 0.947 0.942 0.944 0.945 0.948 0.950 0.956 0.955 0.955 0.941 0.918 0.914
>6vhl
0.490 0.572 0.644 0.646 0.692 0.707 0.723 0.662 0.757 0.651 0.640 0.565 0.551 0.565 0.621 0.697 0.752 0.807 0.835 0.856 0.854 0.869 0.893 0.903 0.901 0.919 0.925 0.936 0.937 0.937 0.929 0.920 0.920 0.910 0.905 0.905 0.898 0.889 0.884 0.865 0.852 0.849 0.830 0.810 0.793 0.792 0.787 0.772 0.769 0.755 0.792 0.805 0.827 0.845 0.862 0.870 0.854 0.857 0.857 0.863 0.875 0.882 0.895 0.904 0.890 0.897 0.895 0.906 0.908 0.903 0.906 0.913 0.916 0.917 0.901 0.884 0.884
>6vi3
0.490 0.572 0.644 0.646 0.692 0.707 0.723 0.662 0.757 0.651 0.640 0.565 0.551 0.565 0.621 0.697 0.752 0.807 0.835 0.856 0.854 0.869 0.893 0.903 0.901 0.919 0.925 0.936 0.937 0.937 0.929 0.920 0.920 0.910 0.905 0.905 0.898 0.889 0.884 0.865 0.852 0.849 0.830 0.810 0.793 0.792 0.787 0.772 0.769 0.755 0.792 0.805 0.827 0.845 0.862 0.870 0.854 0.857 0.857 0.863 0.875 0.882 0.895 0.904 0.890 0.897 0.895 0.906 0.908 0.903 0.906 0.913 0.916 0.917 0.901 0.884 0.884
>6vps
0.691 0.699 0.697 0.692 0.682 0.675 0.666 0.659 0.651 0.645 0.642 0.641 0.643 0.643 0.653 0.654 0.654 0.659 0.663 0.662 0.664 0.666 0.664 0.675 0.683 0.688 0.693 0.711 0.720 0.730 0.755
>6vw2
0.969 0.970 0.973 0.974 0.974 0.977 0.977 0.977 0.978 0.978 0.978 0.977 0.977 0.976 0.977 0.978 0.979 0.979 0.979 0.979 0.979 0.978 0.979 0.980 0.980 0.979 0.976 0.973 0.971 0.969 0.964 0.959 0.959 0.953 0.948 0.936 0.924 0.917 0.910 0.905 0.891 0.872 0.831 0.806 0.754 0.702 0.658 0.640 0.586 0.578 0.558 0.564 0.520 0.486 0.439 0.424 0.421 0.391 0.396 0.408 0.350 0.329 0.312 0.333 0.264 0.211 0.234 0.242 0.237 0.235 0.240 0.234 0.223 0.225 0.223 0.214 0.211 0.193 0.202 0.207 0.194 0.208 0.253 0.277 0.333 0.319 0.336 0.372 0.420 0.421 0.434 0.461 0.486 0.495 0.522 0.508 0.529 0.483 0.477 0.453 0.440 0.404 0.390 0.460 0.481 0.457 0.461 0.495 0.436 0.428 0.467 0.406 0.339 0.268 0.248 0.212 0.199 0.195 0.163 0.160 0.144 0.140 0.132 0.152 0.146 0.157 0.150 0.150 0.161 0.170 0.173 0.157 0.155 0.152 0.153 0.174 0.186 0.225 0.296 0.268 0.224 0.277 0.307 0.362 0.319 0.400 0.419 0.405 0.394 0.501 0.574 0.454 0.503 0.654 0.524
>6w0o
0.742 0.805 0.799 0.830 0.793 0.782 0.784 0.788 0.763 0.710 0.683 0.648 0.627 0.624 0.621 0.611 0.585 0.537 0.511 0.453 0.433 0.384 0.431 0.414 0.477 0.504 0.426 0.459 0.496 0.552 0.523 0.525 0.548 0.554 0.527 0.514 0.482 0.455 0.415 0.486
>6wqk
0.924 0.923 0.937 0.930 0.921 0.909 0.895 0.901 0.913 0.907 0.880 0.748 0.644 0.461 0.431 0.358 0.253 0.250 0.257 0.268 0.249 0.276 0.249 0.220 0.221 0.185 0.180 0.176 0.166 0.142 0.133 0.149 0.151 0.173 0.176 0.154 0.165 0.173 0.184 0.186 0.213 0.244 0.263 0.270 0.252 0.242 0.258 0.312 0.370 0.432 0.459 0.390 0.384 0.431 0.452 0.476 0.500 0.539 0.577 0.578 0.566 0.541 0.542 0.462 0.446 0.400 0.384 0.313 0.357 0.420 0.370 0.364 0.259 0.249 0.250 0.203 0.192 0.187 0.185 0.142 0.161 0.146 0.140 0.128 0.093 0.092 0.099 0.093 0.095 0.086 0.085 0.071 0.061 0.056 0.052 0.053 0.060 0.059 0.066 0.075 0.073 0.070 0.079 0.078 0.080 0.074 0.075 0.085 0.088 0.086 0.091 0.088 0.087 0.088 0.087 0.087 0.084 0.081 0.085 0.087 0.084 0.084 0.075 0.068 0.067 0.063 0.058 0.059 0.055 0.059 0.054 0.049 0.050 0.059 0.054 0.057 0.051 0.050 0.051 0.053 0.049 0.052 0.048 0.050 0.052 0.054 0.063 0.073 0.076 0.090 0.105 0.110 0.115 0.114 0.111 0.114 0.112 0.114 0.114 0.110 0.122 0.134 0.151 0.148 0.163 0.165 0.184 0.183 0.182 0.164 0.161 0.175 0.176 0.197 0.198 0.175 0.179 0.178 0.180 0.154 0.151 0.143 0.148 0.141 0.153 0.175 0.172 0.198 0.226 0.215 0.250 0.249 0.244 0.246 0.265 0.221 0.244 0.216 0.200 0.219 0.232 0.233 0.237 0.260 0.316 0.248 0.301 0.355 0.314 0.315 0.307 0.243 0.276 0.262 0.279 0.258 0.394 0.299 0.193 0.182 0.180 0.175 0.184 0.182 0.140 0.134 0.115 0.106 0.098 0.079 0.074 0.071 0.067 0.067 0.072 0.080 0.088 0.099 0.120 0.158 0.168 0.190 0.185 0.204 0.191 0.229 0.228 0.215 0.188 0.193 0.223 0.221 0.233 0.306 0.328 0.348 0.377 0.406 0.423 0.464 0.487 0.546 0.532 0.558 0.634 0.680 0.730 0.752 0.827 0.860 0.874 0.891 0.907 0.916 0.940 0.951 0.961 0.967 0.974 0.978 0.980 0.982 0.984 0.984 0.985 0.985 0.985 0.985 0.984 0.984 0.984 0.983 0.984 0.984 0.983 0.983 0.984 0.983 0.983 0.984 0.983 0.985 0.984 0.985 0.985 0.985 0.985 0.985 0.986 0.986 0.986 0.986 0.986 0.987 0.987 0.987 0.987 0.988 0.988 0.988 0.989 0.990 0.989 0.988 0.989 0.988 0.988 0.990 0.990 0.988 0.989 0.990 0.990 0.990 0.991 0.990 0.989 0.990 0.989 0.989 0.989 0.988 0.989 0.990 0.990 0.989 0.990 0.990 0.990 0.989 0.989 0.989 0.989 0.988 0.988 0.988 0.987 0.987 0.988 0.985 0.987 0.988 0.985 0.984 0.986 0.986 0.985 0.983 0.983 0.984 0.981 0.983 0.982 0.981 0.981 0.983 0.981 0.980 0.982 0.986 0.982 0.980 0.984 0.984 0.983 0.983 0.984 0.984 0.983 0.985 0.984 0.984 0.985 0.985 0.985 0.985 0.984 0.984 0.983 0.984 0.984 0.984 0.984 0.985 0.985 0.985 0.984 0.984 0.985 0.985 0.985 0.985 0.985 0.985 0.986 0.985 0.984 0.988 0.983 0.984 0.985 0.984 0.984 0.983 0.982 0.977
>6xfm
0.971 0.975 0.975 0.975 0.976 0.977 0.977 0.977 0.978 0.978 0.978 0.978 0.978 0.978 0.979 0.979 0.980 0.980 0.981 0.982 0.981 0.982 0.982 0.982 0.982 0.981 0.981 0.981 0.981 0.981 0.980 0.981 0.981 0.981 0.980 0.980 0.981 0.980 0.980 0.979 0.979 0.979 0.979 0.979 0.980 0.980 0.982 0.983 0.984 0.984 0.985 0.986 0.986 0.986 0.986 0.987 0.986 0.986 0.985 0.985 0.985 0.985 0.986 0.986 0.986 0.985 0.985 0.985 0.986 0.986 0.986 0.985 0.985 0.985 0.984 0.983 0.983 0.982 0.981 0.981 0.981 0.981 0.981 0.981 0.981 0.981 0.981 0.981 0.980 0.980 0.979 0.980 0.979 0.980 0.980 0.980 0.979 0.978 0.978 0.977 0.977 0.978 0.978 0.802
>6xyo
0.509 0.733 0.748 0.762 0.780 0.724 0.777 0.813 0.789 0.790 0.782 0.729 0.727 0.669 0.662 0.706 0.675 0.677 0.680 0.703 0.699 0.662 0.615 0.743 0.664 0.603 0.598 0.565 0.592 0.637 0.700 0.792 0.842 0.838 0.746 0.779 0.819 0.887 0.872 0.889 0.898 0.866 0.833 0.880 0.849 0.837 0.846 0.832 0.850 0.831 0.862 0.795 0.765 0.749 0.691 0.660 0.654 0.574 0.519 0.545 0.566 0.592 0.624 0.637 0.652 0.681 0.669 0.683 0.684 0.665 0.651 0.674 0.695 0.700 0.707 0.688 0.675 0.679 0.715 0.779 0.805 0.807 0.804 0.833 0.845 0.874 0.885 0.896 0.895 0.892 0.920 0.921 0.929 0.935 0.938 0.942 0.943 0.943 0.938 0.926 0.915 0.917 0.933 0.954 0.954 0.952 0.945 0.948 0.952 0.947 0.955 0.952 0.956 0.961 0.964 0.964 0.965 0.962 0.960 0.963 0.961 0.961 0.960 0.959 0.957 0.955 0.956 0.960 0.962 0.968 0.971 0.969 0.962 0.972 0.978 0.960 0.960 0.959 0.966 0.006
>6xyp
0.509 0.733 0.748 0.762 0.780 0.724 0.777 0.813 0.789 0.790 0.782 0.729 0.727 0.669 0.662 0.706 0.675 0.677 0.680 0.703 0.699 0.662 0.615 0.743 0.664 0.603 0.598 0.565 0.592 0.637 0.700 0.792 0.842 0.838 0.746 0.779 0.819 0.887 0.872 0.889 0.898 0.866 0.833 0.880 0.849 0.837 0.846 0.832 0.850 0.831 0.862 0.795 0.765 0.749 0.691 0.660 0.654 0.574 0.519 0.545 0.566 0.592 0.624 0.637 0.652 0.681 0.669 0.683 0.684 0.665 0.651 0.674 0.695 0.700 0.707 0.688 0.675 0.679 0.715 0.779 0.805 0.807 0.804 0.833 0.845 0.874 0.885 0.896 0.895 0.892 0.920 0.921 0.929 0.935 0.938 0.942 0.943 0.943 0.938 0.926 0.915 0.917 0.933 0.954 0.954 0.952 0.945 0.948 0.952 0.947 0.955 0.952 0.956 0.961 0.964 0.964 0.965 0.962 0.960 0.963 0.961 0.961 0.960 0.959 0.957 0.955 0.956 0.960 0.962 0.968 0.971 0.969 0.962 0.972 0.978 0.960 0.960 0.959 0.966 0.006
>6xyq
0.509 0.733 0.748 0.762 0.780 0.724 0.777 0.813 0.789 0.790 0.782 0.729 0.727 0.669 0.662 0.706 0.675 0.677 0.680 0.703 0.699 0.662 0.615 0.743 0.664 0.603 0.598 0.565 0.592 0.637 0.700 0.792 0.842 0.838 0.746 0.779 0.819 0.887 0.872 0.889 0.898 0.866 0.833 0.880 0.849 0.837 0.846 0.832 0.850 0.831 0.862 0.795 0.765 0.749 0.691 0.660 0.654 0.574 0.519 0.545 0.566 0.592 0.624 0.637 0.652 0.681 0.669 0.683 0.684 0.665 0.651 0.674 0.695 0.700 0.707 0.688 0.675 0.679 0.715 0.779 0.805 0.807 0.804 0.833 0.845 0.874 0.885 0.896 0.895 0.892 0.920 0.921 0.929 0.935 0.938 0.942 0.943 0.943 0.938 0.926 0.915 0.917 0.933 0.954 0.954 0.952 0.945 0.948 0.952 0.947 0.955 0.952 0.956 0.961 0.964 0.964 0.965 0.962 0.960 0.963 0.961 0.961 0.960 0.959 0.957 0.955 0.956 0.960 0.962 0.968 0.971 0.969 0.962 0.972 0.978 0.960 0.960 0.959 0.966 0.006
>6y1a
0.639 0.591 0.590 0.561 0.614 0.641 0.656 0.678 0.669 0.665 0.649 0.636 0.619 0.612 0.596 0.598 0.595 0.676 0.714 0.761 0.781 0.786 0.790 0.778 0.775 0.819 0.847 0.861 0.862 0.877 0.870 0.876 0.881 0.871 0.854 0.812 0.844
>6z1i
0.201 0.315 0.332 0.367 0.367 0.385 0.330 0.367 0.364 0.327 0.301 0.275 0.252 0.252 0.251 0.261 0.275 0.274 0.358 0.380 0.396 0.413 0.442 0.442 0.451 0.451 0.441 0.404 0.471 0.490 0.509 0.454 0.397 0.348 0.333 0.337 0.312 0.283 0.250 0.208 0.223 0.179 0.172 0.169 0.166 0.165 0.178 0.158 0.168 0.181 0.241 0.324 0.460 0.464 0.482 0.520 0.525 0.530 0.533 0.545 0.557 0.570 0.629 0.615 0.606 0.584 0.556 0.528 0.489 0.460 0.457 0.431 0.481 0.449 0.370 0.340 0.354 0.192 0.192 0.227 0.296
>6z1o
0.047 0.321 0.348 0.276 0.287 0.334 0.301 0.303 0.306 0.286 0.287 0.272 0.260 0.263 0.244 0.258 0.269 0.287 0.335 0.360 0.379 0.420 0.480 0.459 0.477 0.484 0.450 0.435 0.460 0.470 0.507 0.501 0.502 0.459 0.473 0.517 0.573 0.599 0.671 0.637 0.636 0.581 0.512 0.469 0.355 0.328 0.316 0.327 0.320 0.336 0.369 0.461 0.627 0.662 0.712 0.772 0.767 0.739 0.718 0.749 0.776 0.771 0.832 0.809 0.758 0.744 0.716 0.681 0.706 0.695 0.701 0.688 0.691 0.666 0.598 0.581 0.548 0.528 0.600 0.526 0.829 0.540 0.500 0.488 0.470 0.399 0.433 0.411 0.483
>6zcf
0.141 0.147 0.159 0.156 0.148 0.154 0.168 0.166 0.174 0.159 0.157 0.133 0.133 0.161 0.172 0.177 0.177 0.219 0.268 0.269 0.266 0.294 0.280 0.247 0.257 0.285 0.286 0.284 0.289 0.258 0.249 0.266 0.287 0.290 0.287 0.288 0.299 0.299 0.295 0.299 0.294 0.289 0.282 0.337 0.323 0.283 0.292 0.308 0.304 0.301 0.353 0.368 0.312 0.334 0.342 0.318 0.308 0.304 0.289 0.295 0.307 0.340 0.398 0.394 0.412 0.422 0.459 0.480 0.478 0.508 0.551 0.555 0.581 0.611 0.649 0.715 0.778 0.818 0.815 0.822 0.853 0.876 0.894 0.909 0.908 0.909 0.921 0.927 0.929 0.934 0.942 0.943 0.940 0.940 0.948 0.944 0.954 0.954 0.955 0.956 0.957 0.951 0.957
>6zcg
0.141 0.147 0.159 0.156 0.148 0.154 0.168 0.166 0.174 0.159 0.157 0.133 0.133 0.161 0.172 0.177 0.177 0.219 0.268 0.269 0.266 0.294 0.280 0.247 0.257 0.285 0.286 0.284 0.289 0.258 0.249 0.266 0.287 0.290 0.287 0.288 0.299 0.299 0.295 0.299 0.294 0.289 0.282 0.337 0.323 0.283 0.292 0.308 0.304 0.301 0.353 0.368 0.312 0.334 0.342 0.318 0.308 0.304 0.289 0.295 0.307 0.340 0.398 0.394 0.412 0.422 0.459 0.480 0.478 0.508 0.551 0.555 0.581 0.611 0.649 0.715 0.778 0.818 0.815 0.822 0.853 0.876 0.894 0.909 0.908 0.909 0.921 0.927 0.929 0.934 0.942 0.943 0.940 0.940 0.948 0.944 0.954 0.954 0.955 0.956 0.957 0.951 0.957
>6zch
0.154 0.153 0.176 0.177 0.174 0.173 0.184 0.182 0.187 0.178 0.168 0.151 0.151 0.186 0.204 0.200 0.198 0.261 0.299 0.277 0.265 0.285 0.268 0.231 0.233 0.263 0.256 0.238 0.240 0.223 0.220 0.244 0.277 0.286 0.283 0.290 0.296 0.293 0.286 0.296 0.289 0.269 0.244 0.257 0.254 0.228 0.240 0.247 0.234 0.223 0.241 0.243 0.219 0.236 0.278 0.270 0.284 0.296 0.280 0.292 0.315 0.346 0.368 0.370 0.392 0.387 0.427 0.445 0.450 0.441 0.453 0.432 0.399 0.404 0.407 0.435 0.493 0.486 0.480 0.493 0.523 0.526 0.564
>6zrf
0.613 0.575 0.568 0.554 0.559 0.598 0.616 0.633 0.615 0.622 0.619 0.614 0.612 0.611 0.626 0.622 0.623 0.703 0.751 0.798 0.829 0.838 0.841 0.840 0.849 0.863 0.877 0.893 0.896 0.911 0.912 0.922 0.926 0.920 0.910 0.885 0.874
>6zrq
0.543 0.505 0.508 0.473 0.461 0.511 0.523 0.518 0.541 0.543 0.550 0.550 0.544 0.513 0.533 0.531 0.525 0.591 0.639 0.684 0.763 0.784 0.783 0.782 0.794 0.797 0.805 0.856 0.873 0.899 0.898 0.910 0.914 0.908 0.874 0.825 0.847
>6zrr
0.543 0.505 0.508 0.473 0.461 0.511 0.523 0.518 0.541 0.543 0.550 0.550 0.544 0.513 0.533 0.531 0.525 0.591 0.639 0.684 0.763 0.784 0.783 0.782 0.794 0.797 0.805 0.856 0.873 0.899 0.898 0.910 0.914 0.908 0.874 0.825 0.847
>7bx7
0.969 0.975 0.974 0.965 0.969 0.969 0.974 0.975 0.974 0.977 0.980 0.977 0.979 0.979 0.980 0.980 0.981 0.981 0.982 0.983 0.983 0.984 0.984 0.984 0.985 0.985 0.986 0.986 0.987 0.986 0.986 0.987 0.987 0.987 0.987 0.987 0.987 0.986 0.987 0.987 0.988 0.988 0.989 0.988 0.989 0.988 0.988 0.989 0.988 0.987 0.988 0.987 0.988 0.988 0.988 0.987 0.986 0.987 0.986 0.985 0.985 0.984 0.983 0.985 0.981 0.981 0.982 0.981 0.979 0.977 0.977 0.974 0.974 0.973 0.970 0.974 0.973 0.972 0.976 0.973 0.975 0.979 0.978 0.974 0.978 0.978 0.978 0.980 0.980 0.982 0.981 0.982 0.983 0.984 0.985 0.986 0.987 0.987 0.987 0.988 0.987 0.987 0.987 0.987 0.987 0.987 0.986 0.986 0.986 0.986 0.987 0.987 0.987 0.987 0.987 0.986 0.986 0.986 0.985 0.984 0.985 0.985 0.984 0.984 0.983 0.983 0.983 0.981 0.984 0.980 0.981 0.980 0.980 0.979 0.974
>7c1d
0.509 0.733 0.748 0.762 0.780 0.724 0.777 0.813 0.789 0.790 0.782 0.729 0.727 0.669 0.662 0.706 0.675 0.677 0.680 0.703 0.699 0.662 0.615 0.743 0.664 0.603 0.598 0.565 0.592 0.637 0.700 0.792 0.842 0.838 0.746 0.779 0.819 0.887 0.872 0.889 0.898 0.866 0.833 0.880 0.849 0.837 0.846 0.832 0.850 0.831 0.862 0.795 0.765 0.749 0.691 0.660 0.654 0.574 0.519 0.545 0.566 0.592 0.624 0.637 0.652 0.681 0.669 0.683 0.684 0.665 0.651 0.674 0.695 0.700 0.707 0.688 0.675 0.679 0.715 0.779 0.805 0.807 0.804 0.833 0.845 0.874 0.885 0.896 0.895 0.892 0.920 0.921 0.929 0.935 0.938 0.942 0.943 0.943 0.938 0.926 0.915 0.917 0.933 0.954 0.954 0.952 0.945 0.948 0.952 0.947 0.955 0.952 0.956 0.961 0.964 0.964 0.965 0.962 0.960 0.963 0.961 0.961 0.960 0.959 0.957 0.955 0.956 0.960 0.962 0.968 0.971 0.969 0.962 0.972 0.978 0.960 0.960 0.959 0.966 0.006
>7da4
0.973 0.975 0.975 0.977 0.975 0.977 0.977 0.978 0.980 0.980 0.980 0.980 0.981 0.980 0.981 0.982 0.982 0.982 0.983 0.982 0.982 0.982 0.982 0.982 0.981 0.981 0.981 0.980 0.980 0.981 0.981 0.981 0.980 0.981 0.980 0.979 0.979 0.978 0.976 0.972 0.970 0.964 0.958 0.954 0.952 0.946 0.933 0.926 0.915 0.910 0.903 0.879 0.883 0.862 0.848 0.826 0.798 0.794 0.775 0.774 0.759 0.765 0.775 0.804 0.768 0.772 0.765 0.721 0.665 0.677 0.676 0.626 0.621 0.621 0.595 0.602 0.618 0.646 0.714 0.726 0.762 0.799 0.786 0.819 0.837 0.865 0.885 0.904 0.927 0.941 0.946 0.957 0.962 0.965 0.965 0.971 0.973 0.974 0.975 0.978 0.978 0.980 0.980 0.981 0.981 0.981 0.981 0.982 0.982 0.982 0.979 0.976 0.976 0.972 0.968 0.965 0.964 0.965 0.963 0.963 0.962 0.962 0.961 0.965 0.964 0.961 0.955 0.960 0.961 0.962 0.966 0.970 0.970 0.967 0.968 0.965 0.967 0.970 0.968 0.959 0.961
>7dac
0.964 0.960 0.961 0.961 0.960 0.959 0.962 0.959 0.960 0.959 0.953 0.953 0.955 0.944 0.945 0.948 0.940 0.939 0.936 0.932 0.930 0.917 0.901 0.889 0.883 0.879 0.846 0.815 0.796 0.771 0.747 0.731 0.732 0.753 0.755 0.753 0.760 0.771 0.796 0.780 0.780 0.778 0.770 0.751 0.745 0.733 0.709 0.715 0.703 0.696 0.699 0.746 0.747 0.765 0.779 0.794 0.808 0.813 0.813 0.825 0.835 0.856 0.868 0.892 0.916 0.922 0.933 0.933 0.935 0.933 0.949 0.952 0.954 0.956 0.957 0.958 0.964 0.962 0.968 0.970 0.971 0.973 0.975 0.975 0.975 0.973 0.971 0.972 0.966 0.965 0.962 0.963 0.963 0.962 0.961 0.962 0.964 0.963 0.964 0.962 0.962 0.962 0.969 0.973 0.973 0.975 0.975 0.967
>7dwv
0.980 0.982 0.982 0.981 0.976 0.974 0.977 0.973 0.973 0.975 0.976 0.976 0.976 0.974 0.973 0.976 0.976 0.979 0.980 0.981 0.982 0.982 0.982 0.984 0.985 0.986 0.986 0.986 0.986 0.986 0.986 0.986 0.987 0.988 0.988 0.988 0.988 0.989 0.989 0.990 0.990 0.990 0.990 0.990 0.990 0.990 0.989 0.989 0.989 0.990 0.990 0.989 0.989 0.989 0.989 0.989 0.989 0.989 0.990 0.990 0.989 0.990 0.990 0.990 0.989 0.989 0.988 0.989 0.989 0.989 0.989 0.989 0.988 0.989 0.988 0.987 0.986 0.985 0.983 0.982 0.978 0.978 0.977 0.976 0.976 0.977 0.978 0.979 0.980 0.979 0.979 0.979 0.979 0.978 0.976 0.974 0.969 0.971 0.968 0.973 0.974 0.974 0.975 0.976 0.974 0.977 0.976 0.976 0.975 0.977 0.976 0.971 0.971 0.960 0.953 0.944 0.927 0.926 0.924 0.918 0.900 0.863 0.857 0.781 0.850 0.749 0.851 0.757 0.819 0.709 0.821 0.772 0.577 0.496 0.503 0.633 0.751 0.825 0.826 0.692 0.722 0.802 0.864 0.803 0.766 0.729 0.360 0.163 0.180 0.168 0.143 0.131 0.134 0.130 0.143 0.154 0.143 0.170 0.206 0.242 0.232 0.251 0.268 0.278 0.274 0.263 0.260 0.294 0.335 0.286 0.304 0.348 0.311 0.296 0.311 0.360 0.347 0.338 0.349 0.361 0.365 0.352 0.354 0.342 0.327 0.256 0.237 0.218 0.202 0.198 0.193 0.192 0.197 0.202 0.236 0.214 0.222 0.260 0.290 0.299 0.346 0.378 0.395 0.449 0.483 0.470 0.513 0.527 0.515 0.561
>7e0f
0.504 0.696 0.703 0.716 0.717 0.654 0.704 0.728 0.706 0.716 0.709 0.674 0.672 0.640 0.616 0.654 0.631 0.642 0.663 0.681 0.679 0.649 0.603 0.721 0.635 0.580 0.567 0.517 0.533 0.575 0.584 0.703 0.751 0.740 0.675 0.644 0.635 0.796 0.734 0.819 0.858 0.791 0.730 0.831 0.817 0.749 0.756 0.735 0.731 0.763 0.790 0.711 0.696 0.709 0.653 0.614 0.608 0.534 0.506 0.535 0.544 0.567 0.596 0.607 0.612 0.648 0.623 0.647 0.660 0.637 0.620 0.661 0.674 0.676 0.695 0.685 0.673 0.685 0.702 0.761 0.783 0.784 0.789 0.818 0.838 0.869 0.878 0.891 0.889 0.893 0.915 0.920 0.926 0.932 0.936 0.940 0.944 0.944 0.945 0.941 0.927 0.933 0.945 0.960 0.960 0.956 0.950 0.949 0.952 0.948 0.956 0.953 0.957 0.962 0.966 0.965 0.966 0.962 0.961 0.964 0.961 0.962 0.960 0.959 0.958 0.956 0.956 0.961 0.962 0.969 0.971 0.970 0.962 0.972 0.978 0.960 0.960 0.960 0.966 0.006
>7f29
0.784 0.808 0.823 0.824 0.787 0.771 0.733 0.734 0.711 0.687 0.675 0.650 0.606 0.555 0.501 0.496 0.471 0.504 0.481 0.525 0.540 0.547 0.502 0.529 0.599 0.563 0.557 0.574 0.563 0.556 0.575 0.600 0.618 0.601 0.565 0.544 0.003
>7kwz
0.949 0.952 0.968 0.969 0.970 0.968 0.969 0.971 0.972 0.972 0.977 0.980 0.981 0.984 0.984 0.986 0.987 0.987 0.988 0.988 0.989 0.989 0.989 0.989 0.989 0.989 0.989 0.990 0.990 0.990 0.990 0.990 0.989 0.990 0.990 0.989 0.989 0.990 0.990 0.989 0.988 0.988 0.986 0.985 0.985 0.984 0.983 0.980 0.978 0.977 0.974 0.967 0.959 0.949 0.938 0.925 0.922 0.890 0.896 0.869 0.879 0.874 0.864 0.870 0.870 0.877 0.883 0.895 0.899 0.899 0.911 0.921 0.934 0.940 0.943 0.947 0.945 0.949 0.954 0.958 0.960 0.965 0.968 0.968 0.971 0.971 0.973 0.975 0.977 0.979 0.979 0.980 0.980 0.980 0.980 0.979 0.980 0.981 0.981 0.981 0.982 0.982 0.982 0.982 0.983 0.984 0.984 0.984 0.984 0.985 0.986 0.985 0.985 0.984 0.984 0.984 0.985 0.985 0.985 0.985 0.985 0.985 0.985 0.986 0.986 0.985 0.985 0.985 0.983 0.981 0.980 0.978 0.978 0.977 0.976 0.977 0.977 0.977 0.976 0.973 0.973 0.971 0.971 0.969 0.969 0.967 0.969 0.964
>7l7h
0.509 0.733 0.748 0.762 0.780 0.724 0.777 0.813 0.789 0.790 0.782 0.729 0.727 0.669 0.662 0.706 0.675 0.677 0.680 0.703 0.699 0.662 0.615 0.743 0.664 0.603 0.598 0.565 0.592 0.637 0.700 0.792 0.842 0.838 0.746 0.779 0.819 0.887 0.872 0.889 0.898 0.866 0.833 0.880 0.849 0.837 0.846 0.832 0.850 0.831 0.862 0.795 0.765 0.749 0.691 0.660 0.654 0.574 0.519 0.545 0.566 0.592 0.624 0.637 0.652 0.681 0.669 0.683 0.684 0.665 0.651 0.674 0.695 0.700 0.707 0.688 0.675 0.679 0.715 0.779 0.805 0.807 0.804 0.833 0.845 0.874 0.885 0.896 0.895 0.892 0.920 0.921 0.929 0.935 0.938 0.942 0.943 0.943 0.938 0.926 0.915 0.917 0.933 0.954 0.954 0.952 0.945 0.948 0.952 0.947 0.955 0.952 0.956 0.961 0.964 0.964 0.965 0.962 0.960 0.963 0.961 0.961 0.960 0.959 0.957 0.955 0.956 0.960 0.962 0.968 0.971 0.969 0.962 0.972 0.978 0.960 0.960 0.959 0.966 0.006
>7lc9
0.898 0.907 0.896 0.915 0.917 0.909 0.901 0.892 0.912 0.911 0.911 0.909 0.897 0.888 0.882 0.875 0.899 0.864 0.847 0.872 0.872 0.837 0.825 0.807 0.776 0.781 0.788 0.817 0.854 0.859 0.860 0.889 0.895 0.896 0.887 0.880 0.863 0.862 0.861 0.873 0.863 0.855 0.852 0.862 0.872 0.892 0.893 0.899 0.905 0.899 0.917 0.919 0.922 0.923 0.924 0.921 0.931 0.930 0.930 0.925 0.926 0.928 0.931 0.943 0.941 0.935 0.929 0.940 0.941 0.934 0.942 0.941 0.946 0.956 0.962 0.960 0.963 0.958 0.956 0.961 0.959 0.960 0.960 0.959 0.958 0.956 0.957 0.960 0.962 0.968 0.971 0.969 0.962 0.971 0.978 0.960 0.960 0.959 0.966 0.006
>7lna
0.964 0.965 0.962 0.963 0.960 0.953 0.962 0.964 0.966 0.967 0.970 0.971 0.970 0.967 0.969 0.966 0.964 0.966 0.964 0.962 0.960 0.961 0.958 0.961 0.958 0.959 0.972 0.975 0.973 0.976 0.980 0.983 0.982 0.982 0.982 0.982 0.980 0.981 0.979 0.977 0.980 0.980 0.978 0.971 0.965 0.941 0.877 0.871 0.779 0.854 0.838 0.763 0.719 0.576 0.516 0.496 0.459 0.375 0.436 0.410 0.391 0.362 0.362 0.398 0.339 0.389 0.343 0.353 0.382 0.445 0.416 0.410 0.418 0.433 0.428 0.386 0.367 0.364 0.308 0.295 0.279 0.289 0.294 0.287 0.271 0.260 0.305 0.293 0.286 0.297 0.293 0.292 0.273 0.266 0.259 0.268 0.277 0.250 0.249 0.253 0.249 0.211 0.225 0.265 0.257 0.279 0.287 0.312 0.294 0.302 0.316 0.322 0.326 0.304 0.302 0.313 0.293 0.248 0.234 0.209 0.199 0.203 0.201 0.204 0.238 0.240 0.289 0.243 0.279 0.309 0.327 0.336 0.369 0.404 0.413 0.454 0.480 0.471 0.474 0.491 0.541 0.640
>7m61
0.607 0.560 0.572 0.545 0.558 0.596 0.620 0.656 0.645 0.648 0.638 0.613 0.604 0.594 0.581 0.585 0.570 0.665 0.705 0.755 0.780 0.795 0.802 0.802 0.813 0.828 0.833 0.870 0.877 0.890 0.890 0.900 0.906 0.899 0.887 0.849 0.843 0.859
>7m62
0.607 0.560 0.572 0.545 0.558 0.596 0.620 0.656 0.645 0.648 0.638 0.613 0.604 0.594 0.581 0.585 0.570 0.665 0.705 0.755 0.780 0.795 0.802 0.802 0.813 0.828 0.833 0.870 0.877 0.890 0.890 0.900 0.906 0.899 0.887 0.849 0.843 0.859
>7m64
0.607 0.560 0.572 0.545 0.558 0.596 0.620 0.656 0.645 0.648 0.638 0.613 0.604 0.594 0.581 0.585 0.570 0.665 0.705 0.755 0.780 0.795 0.802 0.802 0.813 0.828 0.833 0.870 0.877 0.890 0.890 0.900 0.906 0.899 0.887 0.849 0.843 0.859
>7m65
0.607 0.560 0.572 0.545 0.558 0.596 0.620 0.656 0.645 0.648 0.638 0.613 0.604 0.594 0.581 0.585 0.570 0.665 0.705 0.755 0.780 0.795 0.802 0.802 0.813 0.828 0.833 0.870 0.877 0.890 0.890 0.900 0.906 0.899 0.887 0.849 0.843 0.859
>7mkf
0.921 0.918 0.934 0.933 0.928 0.928 0.936 0.934 0.937 0.940 0.941 0.946 0.944 0.944 0.949 0.953 0.955 0.955 0.954 0.953 0.956 0.955 0.961 0.963 0.968 0.967 0.971 0.971 0.973 0.975 0.975 0.977 0.977 0.979 0.980 0.979 0.979 0.979 0.979 0.979 0.980 0.981 0.981 0.982 0.982 0.983 0.983 0.983 0.983 0.983 0.983 0.983 0.983 0.983 0.983 0.983 0.983 0.982 0.983 0.983 0.983 0.983 0.983 0.983 0.983 0.983 0.983 0.983 0.983 0.983 0.983 0.983 0.983 0.984 0.983 0.983 0.984 0.984 0.984 0.984 0.984 0.984 0.984 0.984 0.984 0.984 0.984 0.984 0.984 0.984 0.984 0.984 0.984 0.984 0.984 0.983 0.984 0.984 0.984 0.983 0.983 0.982 0.982 0.982 0.982 0.982 0.981 0.982 0.981 0.981 0.982 0.981 0.982 0.981 0.981 0.981 0.981 0.980 0.980 0.981 0.980 0.980 0.980 0.980 0.980 0.981 0.980 0.980 0.981 0.981 0.980 0.981 0.981 0.981 0.981 0.981 0.982 0.982 0.982 0.982 0.983 0.983 0.983 0.984 0.984 0.985 0.985 0.985 0.985 0.985 0.985 0.985 0.985 0.985 0.985 0.985 0.985 0.985 0.985 0.985 0.985 0.985 0.986 0.985 0.986 0.986 0.986 0.985 0.985 0.985 0.985 0.985 0.986 0.986 0.985 0.985 0.985 0.985 0.985 0.985 0.985 0.985 0.985 0.985 0.985 0.985 0.985 0.985 0.985 0.985 0.985 0.985 0.985 0.985 0.986 0.986 0.985 0.985 0.985 0.985 0.985 0.986 0.986 0.986 0.985 0.985 0.985 0.985 0.986 0.985 0.985 0.985 0.985 0.985 0.985 0.985 0.985 0.984 0.984 0.984 0.984 0.984 0.984 0.984 0.984 0.983 0.983 0.983 0.983 0.983 0.983 0.983 0.982 0.982 0.982 0.983 0.983 0.981 0.981 0.981 0.980 0.979 0.979 0.978 0.978 0.978 0.977 0.977 0.978 0.977 0.977 0.977 0.976 0.976 0.974 0.973 0.973 0.969 0.965 0.963 0.964 0.963 0.963 0.959 0.946 0.938 0.929 0.892 0.908 0.918 0.900 0.879 0.907 0.907 0.902 0.903 0.897 0.911 0.941 0.954 0.954 0.951 0.953 0.953 0.955 0.953 0.948 0.951 0.943 0.941 0.956 0.957 0.948 0.954 0.938 0.943 0.919 0.941 0.933 0.918 0.915 0.905 0.907 0.888 0.832 0.770 0.941 0.945 0.947 0.957 0.940 0.925 0.811 0.898 0.496 0.689 0.302 0.479 0.512 0.750 0.918 0.915 0.928 0.941 0.901 0.904 0.913 0.926 0.944 0.950 0.949 0.944 0.945 0.950 0.938 0.927 0.812 0.744 0.690 0.672 0.575 0.627 0.603 0.532 0.570 0.553 0.558 0.560 0.475 0.590 0.407 0.446 0.645 0.775 0.802 0.853 0.883 0.906 0.912 0.921 0.934 0.938 0.942 0.946 0.949 0.957 0.956 0.953 0.954 0.952 0.950 0.953 0.957 0.959 0.952 0.952 0.958 0.957 0.958 0.954 0.948 0.952 0.950 0.954 0.957 0.958 0.959 0.963 0.962 0.966 0.968 0.968 0.968 0.969 0.969 0.969 0.965 0.968 0.970 0.973 0.972 0.971 0.971 0.971 0.970 0.971 0.971 0.971 0.972 0.974 0.972 0.971 0.968 0.969 0.966 0.960 0.953 0.944 0.939 0.932 0.932 0.935 0.923 0.900 0.877 0.859 0.847 0.866 0.900 0.889 0.887 0.869 0.853 0.819 0.820 0.795 0.766 0.819 0.828 0.808 0.807
>7mkg
0.921 0.918 0.934 0.933 0.928 0.928 0.936 0.934 0.937 0.940 0.941 0.946 0.944 0.944 0.949 0.953 0.955 0.955 0.954 0.953 0.956 0.955 0.961 0.963 0.968 0.967 0.971 0.971 0.973 0.975 0.975 0.977 0.977 0.979 0.980 0.979 0.979 0.979 0.979 0.979 0.980 0.981 0.981 0.982 0.982 0.983 0.983 0.983 0.983 0.983 0.983 0.983 0.983 0.983 0.983 0.983 0.983 0.982 0.983 0.983 0.983 0.983 0.983 0.983 0.983 0.983 0.983 0.983 0.983 0.983 0.983 0.983 0.983 0.984 0.983 0.983 0.984 0.984 0.984 0.984 0.984 0.984 0.984 0.984 0.984 0.984 0.984 0.984 0.984 0.984 0.984 0.984 0.984 0.984 0.984 0.983 0.984 0.984 0.984 0.983 0.983 0.982 0.982 0.982 0.982 0.982 0.981 0.982 0.981 0.981 0.982 0.981 0.982 0.981 0.981 0.981 0.981 0.980 0.980 0.981 0.980 0.980 0.980 0.980 0.980 0.981 0.980 0.980 0.981 0.981 0.980 0.981 0.981 0.981 0.981 0.981 0.982 0.982 0.982 0.982 0.983 0.983 0.983 0.984 0.984 0.985 0.985 0.985 0.985 0.985 0.985 0.985 0.985 0.985 0.985 0.985 0.985 0.985 0.985 0.985 0.985 0.985 0.986 0.985 0.986 0.986 0.986 0.985 0.985 0.985 0.985 0.985 0.986 0.986 0.985 0.985 0.985 0.985 0.985 0.985 0.985 0.985 0.985 0.985 0.985 0.985 0.985 0.985 0.985 0.985 0.985 0.985 0.985 0.985 0.986 0.986 0.985 0.985 0.985 0.985 0.985 0.986 0.986 0.986 0.985 0.985 0.985 0.985 0.986 0.985 0.985 0.985 0.985 0.985 0.985 0.985 0.985 0.984 0.984 0.984 0.984 0.984 0.984 0.984 0.984 0.983 0.983 0.983 0.983 0.983 0.983 0.983 0.982 0.982 0.982 0.983 0.983 0.981 0.981 0.981 0.980 0.979 0.979 0.978 0.978 0.978 0.977 0.977 0.978 0.977 0.977 0.977 0.976 0.976 0.974 0.973 0.973 0.969 0.965 0.963 0.964 0.963 0.963 0.959 0.946 0.938 0.929 0.892 0.908 0.918 0.900 0.879 0.907 0.907 0.902 0.903 0.897 0.911 0.941 0.954 0.954 0.951 0.953 0.953 0.955 0.953 0.948 0.951 0.943 0.941 0.956 0.957 0.948 0.954 0.938 0.943 0.919 0.941 0.933 0.918 0.915 0.905 0.907 0.888 0.832 0.770 0.941 0.945 0.947 0.957 0.940 0.925 0.811 0.898 0.496 0.689 0.302 0.479 0.512 0.750 0.918 0.915 0.928 0.941 0.901 0.904 0.913 0.926 0.944 0.950 0.949 0.944 0.945 0.950 0.938 0.927 0.812 0.744 0.690 0.672 0.575 0.627 0.603 0.532 0.570 0.553 0.558 0.560 0.475 0.590 0.407 0.446 0.645 0.775 0.802 0.853 0.883 0.906 0.912 0.921 0.934 0.938 0.942 0.946 0.949 0.957 0.956 0.953 0.954 0.952 0.950 0.953 0.957 0.959 0.952 0.952 0.958 0.957 0.958 0.954 0.948 0.952 0.950 0.954 0.957 0.958 0.959 0.963 0.962 0.966 0.968 0.968 0.968 0.969 0.969 0.969 0.965 0.968 0.970 0.973 0.972 0.971 0.971 0.971 0.970 0.971 0.971 0.971 0.972 0.974 0.972 0.971 0.968 0.969 0.966 0.960 0.953 0.944 0.939 0.932 0.932 0.935 0.923 0.900 0.877 0.859 0.847 0.866 0.900 0.889 0.887 0.869 0.853 0.819 0.820 0.795 0.766 0.819 0.828 0.808 0.807
>7mkh
0.921 0.918 0.934 0.933 0.928 0.928 0.936 0.934 0.937 0.940 0.941 0.946 0.944 0.944 0.949 0.953 0.955 0.955 0.954 0.953 0.956 0.955 0.961 0.963 0.968 0.967 0.971 0.971 0.973 0.975 0.975 0.977 0.977 0.979 0.980 0.979 0.979 0.979 0.979 0.979 0.980 0.981 0.981 0.982 0.982 0.983 0.983 0.983 0.983 0.983 0.983 0.983 0.983 0.983 0.983 0.983 0.983 0.982 0.983 0.983 0.983 0.983 0.983 0.983 0.983 0.983 0.983 0.983 0.983 0.983 0.983 0.983 0.983 0.984 0.983 0.983 0.984 0.984 0.984 0.984 0.984 0.984 0.984 0.984 0.984 0.984 0.984 0.984 0.984 0.984 0.984 0.984 0.984 0.984 0.984 0.983 0.984 0.984 0.984 0.983 0.983 0.982 0.982 0.982 0.982 0.982 0.981 0.982 0.981 0.981 0.982 0.981 0.982 0.981 0.981 0.981 0.981 0.980 0.980 0.981 0.980 0.980 0.980 0.980 0.980 0.981 0.980 0.980 0.981 0.981 0.980 0.981 0.981 0.981 0.981 0.981 0.982 0.982 0.982 0.982 0.983 0.983 0.983 0.984 0.984 0.985 0.985 0.985 0.985 0.985 0.985 0.985 0.985 0.985 0.985 0.985 0.985 0.985 0.985 0.985 0.985 0.985 0.986 0.985 0.986 0.986 0.986 0.985 0.985 0.985 0.985 0.985 0.986 0.986 0.985 0.985 0.985 0.985 0.985 0.985 0.985 0.985 0.985 0.985 0.985 0.985 0.985 0.985 0.985 0.985 0.985 0.985 0.985 0.985 0.986 0.986 0.985 0.985 0.985 0.985 0.985 0.986 0.986 0.986 0.985 0.985 0.985 0.985 0.986 0.985 0.985 0.985 0.985 0.985 0.985 0.985 0.985 0.984 0.984 0.984 0.984 0.984 0.984 0.984 0.984 0.983 0.983 0.983 0.983 0.983 0.983 0.983 0.982 0.982 0.982 0.983 0.983 0.981 0.981 0.981 0.980 0.979 0.979 0.978 0.978 0.978 0.977 0.977 0.978 0.977 0.977 0.977 0.976 0.976 0.974 0.973 0.973 0.969 0.965 0.963 0.964 0.963 0.963 0.959 0.946 0.938 0.929 0.892 0.908 0.918 0.900 0.879 0.907 0.907 0.902 0.903 0.897 0.911 0.941 0.954 0.954 0.951 0.953 0.953 0.955 0.953 0.948 0.951 0.943 0.941 0.956 0.957 0.948 0.954 0.938 0.943 0.919 0.941 0.933 0.918 0.915 0.905 0.907 0.888 0.832 0.770 0.941 0.945 0.947 0.957 0.940 0.925 0.811 0.898 0.496 0.689 0.302 0.479 0.512 0.750 0.918 0.915 0.928 0.941 0.901 0.904 0.913 0.926 0.944 0.950 0.949 0.944 0.945 0.950 0.938 0.927 0.812 0.744 0.690 0.672 0.575 0.627 0.603 0.532 0.570 0.553 0.558 0.560 0.475 0.590 0.407 0.446 0.645 0.775 0.802 0.853 0.883 0.906 0.912 0.921 0.934 0.938 0.942 0.946 0.949 0.957 0.956 0.953 0.954 0.952 0.950 0.953 0.957 0.959 0.952 0.952 0.958 0.957 0.958 0.954 0.948 0.952 0.950 0.954 0.957 0.958 0.959 0.963 0.962 0.966 0.968 0.968 0.968 0.969 0.969 0.969 0.965 0.968 0.970 0.973 0.972 0.971 0.971 0.971 0.970 0.971 0.971 0.971 0.972 0.974 0.972 0.971 0.968 0.969 0.966 0.960 0.953 0.944 0.939 0.932 0.932 0.935 0.923 0.900 0.877 0.859 0.847 0.866 0.900 0.889 0.887 0.869 0.853 0.819 0.820 0.795 0.766 0.819 0.828 0.808 0.807
>7nca
0.509 0.733 0.748 0.762 0.780 0.724 0.777 0.813 0.789 0.790 0.782 0.729 0.727 0.669 0.662 0.706 0.675 0.677 0.680 0.703 0.699 0.662 0.615 0.743 0.664 0.603 0.598 0.565 0.592 0.637 0.700 0.792 0.842 0.838 0.746 0.779 0.819 0.887 0.872 0.889 0.898 0.866 0.833 0.880 0.849 0.837 0.846 0.832 0.850 0.831 0.862 0.795 0.765 0.749 0.691 0.660 0.654 0.574 0.519 0.545 0.566 0.592 0.624 0.637 0.652 0.681 0.669 0.683 0.684 0.665 0.651 0.674 0.695 0.700 0.707 0.688 0.675 0.679 0.715 0.779 0.805 0.807 0.804 0.833 0.845 0.874 0.885 0.896 0.895 0.892 0.920 0.921 0.929 0.935 0.938 0.942 0.943 0.943 0.938 0.926 0.915 0.917 0.933 0.954 0.954 0.952 0.945 0.948 0.952 0.947 0.955 0.952 0.956 0.961 0.964 0.964 0.965 0.962 0.960 0.963 0.961 0.961 0.960 0.959 0.957 0.955 0.956 0.960 0.962 0.968 0.971 0.969 0.962 0.972 0.978 0.960 0.960 0.959 0.966 0.006
>7ncg
0.509 0.733 0.748 0.762 0.780 0.724 0.777 0.813 0.789 0.790 0.782 0.729 0.727 0.669 0.662 0.706 0.675 0.677 0.680 0.703 0.699 0.662 0.615 0.743 0.664 0.603 0.598 0.565 0.592 0.637 0.700 0.792 0.842 0.838 0.746 0.779 0.819 0.887 0.872 0.889 0.898 0.866 0.833 0.880 0.849 0.837 0.846 0.832 0.850 0.831 0.862 0.795 0.765 0.749 0.691 0.660 0.654 0.574 0.519 0.545 0.566 0.592 0.624 0.637 0.652 0.681 0.669 0.683 0.684 0.665 0.651 0.674 0.695 0.700 0.707 0.688 0.675 0.679 0.715 0.779 0.805 0.807 0.804 0.833 0.845 0.874 0.885 0.896 0.895 0.892 0.920 0.921 0.929 0.935 0.938 0.942 0.943 0.943 0.938 0.926 0.915 0.917 0.933 0.954 0.954 0.952 0.945 0.948 0.952 0.947 0.955 0.952 0.956 0.961 0.964 0.964 0.965 0.962 0.960 0.963 0.961 0.961 0.960 0.959 0.957 0.955 0.956 0.960 0.962 0.968 0.971 0.969 0.962 0.972 0.978 0.960 0.960 0.959 0.966 0.006
>7nch
0.509 0.733 0.748 0.762 0.780 0.724 0.777 0.813 0.789 0.790 0.782 0.729 0.727 0.669 0.662 0.706 0.675 0.677 0.680 0.703 0.699 0.662 0.615 0.743 0.664 0.603 0.598 0.565 0.592 0.637 0.700 0.792 0.842 0.838 0.746 0.779 0.819 0.887 0.872 0.889 0.898 0.866 0.833 0.880 0.849 0.837 0.846 0.832 0.850 0.831 0.862 0.795 0.765 0.749 0.691 0.660 0.654 0.574 0.519 0.545 0.566 0.592 0.624 0.637 0.652 0.681 0.669 0.683 0.684 0.665 0.651 0.674 0.695 0.700 0.707 0.688 0.675 0.679 0.715 0.779 0.805 0.807 0.804 0.833 0.845 0.874 0.885 0.896 0.895 0.892 0.920 0.921 0.929 0.935 0.938 0.942 0.943 0.943 0.938 0.926 0.915 0.917 0.933 0.954 0.954 0.952 0.945 0.948 0.952 0.947 0.955 0.952 0.956 0.961 0.964 0.964 0.965 0.962 0.960 0.963 0.961 0.961 0.960 0.959 0.957 0.955 0.956 0.960 0.962 0.968 0.971 0.969 0.962 0.972 0.978 0.960 0.960 0.959 0.966 0.006
>7nci
0.509 0.733 0.748 0.762 0.780 0.724 0.777 0.813 0.789 0.790 0.782 0.729 0.727 0.669 0.662 0.706 0.675 0.677 0.680 0.703 0.699 0.662 0.615 0.743 0.664 0.603 0.598 0.565 0.592 0.637 0.700 0.792 0.842 0.838 0.746 0.779 0.819 0.887 0.872 0.889 0.898 0.866 0.833 0.880 0.849 0.837 0.846 0.832 0.850 0.831 0.862 0.795 0.765 0.749 0.691 0.660 0.654 0.574 0.519 0.545 0.566 0.592 0.624 0.637 0.652 0.681 0.669 0.683 0.684 0.665 0.651 0.674 0.695 0.700 0.707 0.688 0.675 0.679 0.715 0.779 0.805 0.807 0.804 0.833 0.845 0.874 0.885 0.896 0.895 0.892 0.920 0.921 0.929 0.935 0.938 0.942 0.943 0.943 0.938 0.926 0.915 0.917 0.933 0.954 0.954 0.952 0.945 0.948 0.952 0.947 0.955 0.952 0.956 0.961 0.964 0.964 0.965 0.962 0.960 0.963 0.961 0.961 0.960 0.959 0.957 0.955 0.956 0.960 0.962 0.968 0.971 0.969 0.962 0.972 0.978 0.960 0.960 0.959 0.966 0.006
>7ncj
0.509 0.733 0.748 0.762 0.780 0.724 0.777 0.813 0.789 0.790 0.782 0.729 0.727 0.669 0.662 0.706 0.675 0.677 0.680 0.703 0.699 0.662 0.615 0.743 0.664 0.603 0.598 0.565 0.592 0.637 0.700 0.792 0.842 0.838 0.746 0.779 0.819 0.887 0.872 0.889 0.898 0.866 0.833 0.880 0.849 0.837 0.846 0.832 0.850 0.831 0.862 0.795 0.765 0.749 0.691 0.660 0.654 0.574 0.519 0.545 0.566 0.592 0.624 0.637 0.652 0.681 0.669 0.683 0.684 0.665 0.651 0.674 0.695 0.700 0.707 0.688 0.675 0.679 0.715 0.779 0.805 0.807 0.804 0.833 0.845 0.874 0.885 0.896 0.895 0.892 0.920 0.921 0.929 0.935 0.938 0.942 0.943 0.943 0.938 0.926 0.915 0.917 0.933 0.954 0.954 0.952 0.945 0.948 0.952 0.947 0.955 0.952 0.956 0.961 0.964 0.964 0.965 0.962 0.960 0.963 0.961 0.961 0.960 0.959 0.957 0.955 0.956 0.960 0.962 0.968 0.971 0.969 0.962 0.972 0.978 0.960 0.960 0.959 0.966 0.006
>7nck
0.509 0.733 0.748 0.762 0.780 0.724 0.777 0.813 0.789 0.790 0.782 0.729 0.727 0.669 0.662 0.706 0.675 0.677 0.680 0.703 0.699 0.662 0.615 0.743 0.664 0.603 0.598 0.565 0.592 0.637 0.700 0.792 0.842 0.838 0.746 0.779 0.819 0.887 0.872 0.889 0.898 0.866 0.833 0.880 0.849 0.837 0.846 0.832 0.850 0.831 0.862 0.795 0.765 0.749 0.691 0.660 0.654 0.574 0.519 0.545 0.566 0.592 0.624 0.637 0.652 0.681 0.669 0.683 0.684 0.665 0.651 0.674 0.695 0.700 0.707 0.688 0.675 0.679 0.715 0.779 0.805 0.807 0.804 0.833 0.845 0.874 0.885 0.896 0.895 0.892 0.920 0.921 0.929 0.935 0.938 0.942 0.943 0.943 0.938 0.926 0.915 0.917 0.933 0.954 0.954 0.952 0.945 0.948 0.952 0.947 0.955 0.952 0.956 0.961 0.964 0.964 0.965 0.962 0.960 0.963 0.961 0.961 0.960 0.959 0.957 0.955 0.956 0.960 0.962 0.968 0.971 0.969 0.962 0.972 0.978 0.960 0.960 0.959 0.966 0.006
>7nrq
0.921 0.918 0.934 0.933 0.928 0.928 0.936 0.934 0.937 0.940 0.941 0.946 0.944 0.944 0.949 0.953 0.955 0.955 0.954 0.953 0.956 0.955 0.961 0.963 0.968 0.967 0.971 0.971 0.973 0.975 0.975 0.977 0.977 0.979 0.980 0.979 0.979 0.979 0.979 0.979 0.980 0.981 0.981 0.982 0.982 0.983 0.983 0.983 0.983 0.983 0.983 0.983 0.983 0.983 0.983 0.983 0.983 0.982 0.983 0.983 0.983 0.983 0.983 0.983 0.983 0.983 0.983 0.983 0.983 0.983 0.983 0.983 0.983 0.984 0.983 0.983 0.984 0.984 0.984 0.984 0.984 0.984 0.984 0.984 0.984 0.984 0.984 0.984 0.984 0.984 0.984 0.984 0.984 0.984 0.984 0.983 0.984 0.984 0.984 0.983 0.983 0.982 0.982 0.982 0.982 0.982 0.981 0.982 0.981 0.981 0.982 0.981 0.982 0.981 0.981 0.981 0.981 0.980 0.980 0.981 0.980 0.980 0.980 0.980 0.980 0.981 0.980 0.980 0.981 0.981 0.980 0.981 0.981 0.981 0.981 0.981 0.982 0.982 0.982 0.982 0.983 0.983 0.983 0.984 0.984 0.985 0.985 0.985 0.985 0.985 0.985 0.985 0.985 0.985 0.985 0.985 0.985 0.985 0.985 0.985 0.985 0.985 0.986 0.985 0.986 0.986 0.986 0.985 0.985 0.985 0.985 0.985 0.986 0.986 0.985 0.985 0.985 0.985 0.985 0.985 0.985 0.985 0.985 0.985 0.985 0.985 0.985 0.985 0.985 0.985 0.985 0.985 0.985 0.985 0.986 0.986 0.985 0.985 0.985 0.985 0.985 0.986 0.986 0.986 0.985 0.985 0.985 0.985 0.986 0.985 0.985 0.985 0.985 0.985 0.985 0.985 0.985 0.984 0.984 0.984 0.984 0.984 0.984 0.984 0.984 0.983 0.983 0.983 0.983 0.983 0.983 0.983 0.982 0.982 0.982 0.983 0.983 0.981 0.981 0.981 0.980 0.979 0.979 0.978 0.978 0.978 0.977 0.977 0.978 0.977 0.977 0.977 0.976 0.976 0.974 0.973 0.973 0.969 0.965 0.963 0.964 0.963 0.963 0.959 0.946 0.938 0.929 0.892 0.908 0.918 0.900 0.879 0.907 0.907 0.902 0.903 0.897 0.911 0.941 0.954 0.954 0.951 0.953 0.953 0.955 0.953 0.948 0.951 0.943 0.941 0.956 0.957 0.948 0.954 0.938 0.943 0.919 0.941 0.933 0.918 0.915 0.905 0.907 0.888 0.832 0.770 0.941 0.945 0.947 0.957 0.940 0.925 0.811 0.898 0.496 0.689 0.302 0.479 0.512 0.750 0.918 0.915 0.928 0.941 0.901 0.904 0.913 0.926 0.944 0.950 0.949 0.944 0.945 0.950 0.938 0.927 0.812 0.744 0.690 0.672 0.575 0.627 0.603 0.532 0.570 0.553 0.558 0.560 0.475 0.590 0.407 0.446 0.645 0.775 0.802 0.853 0.883 0.906 0.912 0.921 0.934 0.938 0.942 0.946 0.949 0.957 0.956 0.953 0.954 0.952 0.950 0.953 0.957 0.959 0.952 0.952 0.958 0.957 0.958 0.954 0.948 0.952 0.950 0.954 0.957 0.958 0.959 0.963 0.962 0.966 0.968 0.968 0.968 0.969 0.969 0.969 0.965 0.968 0.970 0.973 0.972 0.971 0.971 0.971 0.970 0.971 0.971 0.971 0.972 0.974 0.972 0.971 0.968 0.969 0.966 0.960 0.953 0.944 0.939 0.932 0.932 0.935 0.923 0.900 0.877 0.859 0.847 0.866 0.900 0.889 0.887 0.869 0.853 0.819 0.820 0.795 0.766 0.819 0.828 0.808 0.807
>7nrs
0.921 0.918 0.934 0.933 0.928 0.928 0.936 0.934 0.937 0.940 0.941 0.946 0.944 0.944 0.949 0.953 0.955 0.955 0.954 0.953 0.956 0.955 0.961 0.963 0.968 0.967 0.971 0.971 0.973 0.975 0.975 0.977 0.977 0.979 0.980 0.979 0.979 0.979 0.979 0.979 0.980 0.981 0.981 0.982 0.982 0.983 0.983 0.983 0.983 0.983 0.983 0.983 0.983 0.983 0.983 0.983 0.983 0.982 0.983 0.983 0.983 0.983 0.983 0.983 0.983 0.983 0.983 0.983 0.983 0.983 0.983 0.983 0.983 0.984 0.983 0.983 0.984 0.984 0.984 0.984 0.984 0.984 0.984 0.984 0.984 0.984 0.984 0.984 0.984 0.984 0.984 0.984 0.984 0.984 0.984 0.983 0.984 0.984 0.984 0.983 0.983 0.982 0.982 0.982 0.982 0.982 0.981 0.982 0.981 0.981 0.982 0.981 0.982 0.981 0.981 0.981 0.981 0.980 0.980 0.981 0.980 0.980 0.980 0.980 0.980 0.981 0.980 0.980 0.981 0.981 0.980 0.981 0.981 0.981 0.981 0.981 0.982 0.982 0.982 0.982 0.983 0.983 0.983 0.984 0.984 0.985 0.985 0.985 0.985 0.985 0.985 0.985 0.985 0.985 0.985 0.985 0.985 0.985 0.985 0.985 0.985 0.985 0.986 0.985 0.986 0.986 0.986 0.985 0.985 0.985 0.985 0.985 0.986 0.986 0.985 0.985 0.985 0.985 0.985 0.985 0.985 0.985 0.985 0.985 0.985 0.985 0.985 0.985 0.985 0.985 0.985 0.985 0.985 0.985 0.986 0.986 0.985 0.985 0.985 0.985 0.985 0.986 0.986 0.986 0.985 0.985 0.985 0.985 0.986 0.985 0.985 0.985 0.985 0.985 0.985 0.985 0.985 0.984 0.984 0.984 0.984 0.984 0.984 0.984 0.984 0.983 0.983 0.983 0.983 0.983 0.983 0.983 0.982 0.982 0.982 0.983 0.983 0.981 0.981 0.981 0.980 0.979 0.979 0.978 0.978 0.978 0.977 0.977 0.978 0.977 0.977 0.977 0.976 0.976 0.974 0.973 0.973 0.969 0.965 0.963 0.964 0.963 0.963 0.959 0.946 0.938 0.929 0.892 0.908 0.918 0.900 0.879 0.907 0.907 0.902 0.903 0.897 0.911 0.941 0.954 0.954 0.951 0.953 0.953 0.955 0.953 0.948 0.951 0.943 0.941 0.956 0.957 0.948 0.954 0.938 0.943 0.919 0.941 0.933 0.918 0.915 0.905 0.907 0.888 0.832 0.770 0.941 0.945 0.947 0.957 0.940 0.925 0.811 0.898 0.496 0.689 0.302 0.479 0.512 0.750 0.918 0.915 0.928 0.941 0.901 0.904 0.913 0.926 0.944 0.950 0.949 0.944 0.945 0.950 0.938 0.927 0.812 0.744 0.690 0.672 0.575 0.627 0.603 0.532 0.570 0.553 0.558 0.560 0.475 0.590 0.407 0.446 0.645 0.775 0.802 0.853 0.883 0.906 0.912 0.921 0.934 0.938 0.942 0.946 0.949 0.957 0.956 0.953 0.954 0.952 0.950 0.953 0.957 0.959 0.952 0.952 0.958 0.957 0.958 0.954 0.948 0.952 0.950 0.954 0.957 0.958 0.959 0.963 0.962 0.966 0.968 0.968 0.968 0.969 0.969 0.969 0.965 0.968 0.970 0.973 0.972 0.971 0.971 0.971 0.970 0.971 0.971 0.971 0.972 0.974 0.972 0.971 0.968 0.969 0.966 0.960 0.953 0.944 0.939 0.932 0.932 0.935 0.923 0.900 0.877 0.859 0.847 0.866 0.900 0.889 0.887 0.869 0.853 0.819 0.820 0.795 0.766 0.819 0.828 0.808 0.807
>7nrt
0.921 0.918 0.934 0.933 0.928 0.928 0.936 0.934 0.937 0.940 0.941 0.946 0.944 0.944 0.949 0.953 0.955 0.955 0.954 0.953 0.956 0.955 0.961 0.963 0.968 0.967 0.971 0.971 0.973 0.975 0.975 0.977 0.977 0.979 0.980 0.979 0.979 0.979 0.979 0.979 0.980 0.981 0.981 0.982 0.982 0.983 0.983 0.983 0.983 0.983 0.983 0.983 0.983 0.983 0.983 0.983 0.983 0.982 0.983 0.983 0.983 0.983 0.983 0.983 0.983 0.983 0.983 0.983 0.983 0.983 0.983 0.983 0.983 0.984 0.983 0.983 0.984 0.984 0.984 0.984 0.984 0.984 0.984 0.984 0.984 0.984 0.984 0.984 0.984 0.984 0.984 0.984 0.984 0.984 0.984 0.983 0.984 0.984 0.984 0.983 0.983 0.982 0.982 0.982 0.982 0.982 0.981 0.982 0.981 0.981 0.982 0.981 0.982 0.981 0.981 0.981 0.981 0.980 0.980 0.981 0.980 0.980 0.980 0.980 0.980 0.981 0.980 0.980 0.981 0.981 0.980 0.981 0.981 0.981 0.981 0.981 0.982 0.982 0.982 0.982 0.983 0.983 0.983 0.984 0.984 0.985 0.985 0.985 0.985 0.985 0.985 0.985 0.985 0.985 0.985 0.985 0.985 0.985 0.985 0.985 0.985 0.985 0.986 0.985 0.986 0.986 0.986 0.985 0.985 0.985 0.985 0.985 0.986 0.986 0.985 0.985 0.985 0.985 0.985 0.985 0.985 0.985 0.985 0.985 0.985 0.985 0.985 0.985 0.985 0.985 0.985 0.985 0.985 0.985 0.986 0.986 0.985 0.985 0.985 0.985 0.985 0.986 0.986 0.986 0.985 0.985 0.985 0.985 0.986 0.985 0.985 0.985 0.985 0.985 0.985 0.985 0.985 0.984 0.984 0.984 0.984 0.984 0.984 0.984 0.984 0.983 0.983 0.983 0.983 0.983 0.983 0.983 0.982 0.982 0.982 0.983 0.983 0.981 0.981 0.981 0.980 0.979 0.979 0.978 0.978 0.978 0.977 0.977 0.978 0.977 0.977 0.977 0.976 0.976 0.974 0.973 0.973 0.969 0.965 0.963 0.964 0.963 0.963 0.959 0.946 0.938 0.929 0.892 0.908 0.918 0.900 0.879 0.907 0.907 0.902 0.903 0.897 0.911 0.941 0.954 0.954 0.951 0.953 0.953 0.955 0.953 0.948 0.951 0.943 0.941 0.956 0.957 0.948 0.954 0.938 0.943 0.919 0.941 0.933 0.918 0.915 0.905 0.907 0.888 0.832 0.770 0.941 0.945 0.947 0.957 0.940 0.925 0.811 0.898 0.496 0.689 0.302 0.479 0.512 0.750 0.918 0.915 0.928 0.941 0.901 0.904 0.913 0.926 0.944 0.950 0.949 0.944 0.945 0.950 0.938 0.927 0.812 0.744 0.690 0.672 0.575 0.627 0.603 0.532 0.570 0.553 0.558 0.560 0.475 0.590 0.407 0.446 0.645 0.775 0.802 0.853 0.883 0.906 0.912 0.921 0.934 0.938 0.942 0.946 0.949 0.957 0.956 0.953 0.954 0.952 0.950 0.953 0.957 0.959 0.952 0.952 0.958 0.957 0.958 0.954 0.948 0.952 0.950 0.954 0.957 0.958 0.959 0.963 0.962 0.966 0.968 0.968 0.968 0.969 0.969 0.969 0.965 0.968 0.970 0.973 0.972 0.971 0.971 0.971 0.970 0.971 0.971 0.971 0.972 0.974 0.972 0.971 0.968 0.969 0.966 0.960 0.953 0.944 0.939 0.932 0.932 0.935 0.923 0.900 0.877 0.859 0.847 0.866 0.900 0.889 0.887 0.869 0.853 0.819 0.820 0.795 0.766 0.819 0.828 0.808 0.807
>7nrv
0.921 0.918 0.934 0.933 0.928 0.928 0.936 0.934 0.937 0.940 0.941 0.946 0.944 0.944 0.949 0.953 0.955 0.955 0.954 0.953 0.956 0.955 0.961 0.963 0.968 0.967 0.971 0.971 0.973 0.975 0.975 0.977 0.977 0.979 0.980 0.979 0.979 0.979 0.979 0.979 0.980 0.981 0.981 0.982 0.982 0.983 0.983 0.983 0.983 0.983 0.983 0.983 0.983 0.983 0.983 0.983 0.983 0.982 0.983 0.983 0.983 0.983 0.983 0.983 0.983 0.983 0.983 0.983 0.983 0.983 0.983 0.983 0.983 0.984 0.983 0.983 0.984 0.984 0.984 0.984 0.984 0.984 0.984 0.984 0.984 0.984 0.984 0.984 0.984 0.984 0.984 0.984 0.984 0.984 0.984 0.983 0.984 0.984 0.984 0.983 0.983 0.982 0.982 0.982 0.982 0.982 0.981 0.982 0.981 0.981 0.982 0.981 0.982 0.981 0.981 0.981 0.981 0.980 0.980 0.981 0.980 0.980 0.980 0.980 0.980 0.981 0.980 0.980 0.981 0.981 0.980 0.981 0.981 0.981 0.981 0.981 0.982 0.982 0.982 0.982 0.983 0.983 0.983 0.984 0.984 0.985 0.985 0.985 0.985 0.985 0.985 0.985 0.985 0.985 0.985 0.985 0.985 0.985 0.985 0.985 0.985 0.985 0.986 0.985 0.986 0.986 0.986 0.985 0.985 0.985 0.985 0.985 0.986 0.986 0.985 0.985 0.985 0.985 0.985 0.985 0.985 0.985 0.985 0.985 0.985 0.985 0.985 0.985 0.985 0.985 0.985 0.985 0.985 0.985 0.986 0.986 0.985 0.985 0.985 0.985 0.985 0.986 0.986 0.986 0.985 0.985 0.985 0.985 0.986 0.985 0.985 0.985 0.985 0.985 0.985 0.985 0.985 0.984 0.984 0.984 0.984 0.984 0.984 0.984 0.984 0.983 0.983 0.983 0.983 0.983 0.983 0.983 0.982 0.982 0.982 0.983 0.983 0.981 0.981 0.981 0.980 0.979 0.979 0.978 0.978 0.978 0.977 0.977 0.978 0.977 0.977 0.977 0.976 0.976 0.974 0.973 0.973 0.969 0.965 0.963 0.964 0.963 0.963 0.959 0.946 0.938 0.929 0.892 0.908 0.918 0.900 0.879 0.907 0.907 0.902 0.903 0.897 0.911 0.941 0.954 0.954 0.951 0.953 0.953 0.955 0.953 0.948 0.951 0.943 0.941 0.956 0.957 0.948 0.954 0.938 0.943 0.919 0.941 0.933 0.918 0.915 0.905 0.907 0.888 0.832 0.770 0.941 0.945 0.947 0.957 0.940 0.925 0.811 0.898 0.496 0.689 0.302 0.479 0.512 0.750 0.918 0.915 0.928 0.941 0.901 0.904 0.913 0.926 0.944 0.950 0.949 0.944 0.945 0.950 0.938 0.927 0.812 0.744 0.690 0.672 0.575 0.627 0.603 0.532 0.570 0.553 0.558 0.560 0.475 0.590 0.407 0.446 0.645 0.775 0.802 0.853 0.883 0.906 0.912 0.921 0.934 0.938 0.942 0.946 0.949 0.957 0.956 0.953 0.954 0.952 0.950 0.953 0.957 0.959 0.952 0.952 0.958 0.957 0.958 0.954 0.948 0.952 0.950 0.954 0.957 0.958 0.959 0.963 0.962 0.966 0.968 0.968 0.968 0.969 0.969 0.969 0.965 0.968 0.970 0.973 0.972 0.971 0.971 0.971 0.970 0.971 0.971 0.971 0.972 0.974 0.972 0.971 0.968 0.969 0.966 0.960 0.953 0.944 0.939 0.932 0.932 0.935 0.923 0.900 0.877 0.859 0.847 0.866 0.900 0.889 0.887 0.869 0.853 0.819 0.820 0.795 0.766 0.819 0.828 0.808 0.807
>7nrx
0.921 0.918 0.934 0.933 0.928 0.928 0.936 0.934 0.937 0.940 0.941 0.946 0.944 0.944 0.949 0.953 0.955 0.955 0.954 0.953 0.956 0.955 0.961 0.963 0.968 0.967 0.971 0.971 0.973 0.975 0.975 0.977 0.977 0.979 0.980 0.979 0.979 0.979 0.979 0.979 0.980 0.981 0.981 0.982 0.982 0.983 0.983 0.983 0.983 0.983 0.983 0.983 0.983 0.983 0.983 0.983 0.983 0.982 0.983 0.983 0.983 0.983 0.983 0.983 0.983 0.983 0.983 0.983 0.983 0.983 0.983 0.983 0.983 0.984 0.983 0.983 0.984 0.984 0.984 0.984 0.984 0.984 0.984 0.984 0.984 0.984 0.984 0.984 0.984 0.984 0.984 0.984 0.984 0.984 0.984 0.983 0.984 0.984 0.984 0.983 0.983 0.982 0.982 0.982 0.982 0.982 0.981 0.982 0.981 0.981 0.982 0.981 0.982 0.981 0.981 0.981 0.981 0.980 0.980 0.981 0.980 0.980 0.980 0.980 0.980 0.981 0.980 0.980 0.981 0.981 0.980 0.981 0.981 0.981 0.981 0.981 0.982 0.982 0.982 0.982 0.983 0.983 0.983 0.984 0.984 0.985 0.985 0.985 0.985 0.985 0.985 0.985 0.985 0.985 0.985 0.985 0.985 0.985 0.985 0.985 0.985 0.985 0.986 0.985 0.986 0.986 0.986 0.985 0.985 0.985 0.985 0.985 0.986 0.986 0.985 0.985 0.985 0.985 0.985 0.985 0.985 0.985 0.985 0.985 0.985 0.985 0.985 0.985 0.985 0.985 0.985 0.985 0.985 0.985 0.986 0.986 0.985 0.985 0.985 0.985 0.985 0.986 0.986 0.986 0.985 0.985 0.985 0.985 0.986 0.985 0.985 0.985 0.985 0.985 0.985 0.985 0.985 0.984 0.984 0.984 0.984 0.984 0.984 0.984 0.984 0.983 0.983 0.983 0.983 0.983 0.983 0.983 0.982 0.982 0.982 0.983 0.983 0.981 0.981 0.981 0.980 0.979 0.979 0.978 0.978 0.978 0.977 0.977 0.978 0.977 0.977 0.977 0.976 0.976 0.974 0.973 0.973 0.969 0.965 0.963 0.964 0.963 0.963 0.959 0.946 0.938 0.929 0.892 0.908 0.918 0.900 0.879 0.907 0.907 0.902 0.903 0.897 0.911 0.941 0.954 0.954 0.951 0.953 0.953 0.955 0.953 0.948 0.951 0.943 0.941 0.956 0.957 0.948 0.954 0.938 0.943 0.919 0.941 0.933 0.918 0.915 0.905 0.907 0.888 0.832 0.770 0.941 0.945 0.947 0.957 0.940 0.925 0.811 0.898 0.496 0.689 0.302 0.479 0.512 0.750 0.918 0.915 0.928 0.941 0.901 0.904 0.913 0.926 0.944 0.950 0.949 0.944 0.945 0.950 0.938 0.927 0.812 0.744 0.690 0.672 0.575 0.627 0.603 0.532 0.570 0.553 0.558 0.560 0.475 0.590 0.407 0.446 0.645 0.775 0.802 0.853 0.883 0.906 0.912 0.921 0.934 0.938 0.942 0.946 0.949 0.957 0.956 0.953 0.954 0.952 0.950 0.953 0.957 0.959 0.952 0.952 0.958 0.957 0.958 0.954 0.948 0.952 0.950 0.954 0.957 0.958 0.959 0.963 0.962 0.966 0.968 0.968 0.968 0.969 0.969 0.969 0.965 0.968 0.970 0.973 0.972 0.971 0.971 0.971 0.970 0.971 0.971 0.971 0.972 0.974 0.972 0.971 0.968 0.969 0.966 0.960 0.953 0.944 0.939 0.932 0.932 0.935 0.923 0.900 0.877 0.859 0.847 0.866 0.900 0.889 0.887 0.869 0.853 0.819 0.820 0.795 0.766 0.819 0.828 0.808 0.807
>7nsl
0.809 0.843 0.863 0.864 0.863 0.829 0.854 0.866 0.837 0.782 0.656 0.614 0.559 0.429 0.401 0.394 0.451 0.411 0.383 0.339 0.324 0.323 0.263 0.276 0.252 0.239 0.222 0.217 0.242 0.228 0.224 0.210 0.227 0.206 0.194 0.164 0.148 0.137 0.139 0.127 0.119 0.141 0.156 0.149 0.151 0.182 0.206 0.212 0.281 0.312 0.353 0.355 0.385 0.364 0.317 0.309 0.335 0.329 0.385 0.390 0.425 0.431 0.442 0.412 0.435 0.429 0.424 0.342 0.419 0.484 0.475 0.414 0.440 0.459 0.443 0.416 0.429 0.420 0.463 0.430 0.406 0.410 0.385 0.316 0.317 0.281 0.300 0.341 0.328 0.297 0.271 0.250 0.251 0.246 0.260 0.231 0.260 0.317 0.309 0.316 0.464 0.429 0.486 0.522 0.519 0.706 0.539 0.604 0.742 0.785 0.812 0.844 0.810 0.760 0.654 0.663 0.689 0.623
>7ob4
0.822 0.712 0.655 0.638 0.569 0.527 0.434 0.410 0.431 0.425 0.352 0.345 0.316 0.262 0.186 0.159 0.144 0.116 0.094 0.078 0.068 0.051 0.059 0.064 0.062 0.066 0.080 0.083 0.096 0.109 0.125 0.151 0.158 0.157 0.151 0.155 0.164 0.179 0.218 0.235 0.266 0.317 0.351 0.379 0.396 0.418 0.393 0.420 0.463 0.453 0.453 0.448 0.451 0.431 0.444 0.441 0.449 0.413 0.417 0.389 0.341 0.291 0.280 0.246 0.263 0.237 0.235 0.217 0.211 0.209 0.211 0.212 0.208 0.188 0.180 0.172 0.171 0.187 0.175 0.168 0.170 0.157 0.134 0.117 0.114 0.106 0.095 0.098 0.102 0.100 0.118 0.113 0.107 0.109 0.093 0.085 0.085 0.078 0.071 0.066 0.059 0.053 0.053 0.050 0.048 0.058 0.068 0.085 0.094 0.092 0.086 0.081 0.073 0.077 0.092 0.116 0.113 0.118 0.146 0.169 0.164 0.173 0.195 0.212 0.241 0.309 0.313
>7ovt
0.141 0.147 0.159 0.156 0.148 0.154 0.168 0.166 0.174 0.159 0.157 0.133 0.133 0.161 0.172 0.177 0.177 0.219 0.268 0.269 0.266 0.294 0.280 0.247 0.257 0.285 0.286 0.284 0.289 0.258 0.249 0.266 0.287 0.290 0.287 0.288 0.299 0.299 0.295 0.299 0.294 0.289 0.282 0.337 0.323 0.283 0.292 0.308 0.304 0.301 0.353 0.368 0.312 0.334 0.342 0.318 0.308 0.304 0.289 0.295 0.307 0.340 0.398 0.394 0.412 0.422 0.459 0.480 0.478 0.508 0.551 0.555 0.581 0.611 0.649 0.715 0.778 0.818 0.815 0.822 0.853 0.876 0.894 0.909 0.908 0.909 0.921 0.927 0.929 0.934 0.942 0.943 0.940 0.940 0.948 0.944 0.954 0.954 0.955 0.956 0.957 0.951 0.957
>7ozg
0.509 0.733 0.748 0.762 0.780 0.724 0.777 0.813 0.789 0.790 0.782 0.729 0.727 0.669 0.662 0.706 0.675 0.677 0.680 0.703 0.699 0.662 0.615 0.743 0.664 0.603 0.598 0.565 0.592 0.637 0.700 0.792 0.842 0.838 0.746 0.779 0.819 0.887 0.872 0.889 0.898 0.866 0.833 0.880 0.849 0.837 0.846 0.832 0.850 0.831 0.862 0.795 0.765 0.749 0.691 0.660 0.654 0.574 0.519 0.545 0.566 0.592 0.624 0.637 0.652 0.681 0.669 0.683 0.684 0.665 0.651 0.674 0.695 0.700 0.707 0.688 0.675 0.679 0.715 0.779 0.805 0.807 0.804 0.833 0.845 0.874 0.885 0.896 0.895 0.892 0.920 0.921 0.929 0.935 0.938 0.942 0.943 0.943 0.938 0.926 0.915 0.917 0.933 0.954 0.954 0.952 0.945 0.948 0.952 0.947 0.955 0.952 0.956 0.961 0.964 0.964 0.965 0.962 0.960 0.963 0.961 0.961 0.960 0.959 0.957 0.955 0.956 0.960 0.962 0.968 0.971 0.969 0.962 0.972 0.978 0.960 0.960 0.959 0.966 0.006
>7ozh
0.509 0.733 0.748 0.762 0.780 0.724 0.777 0.813 0.789 0.790 0.782 0.729 0.727 0.669 0.662 0.706 0.675 0.677 0.680 0.703 0.699 0.662 0.615 0.743 0.664 0.603 0.598 0.565 0.592 0.637 0.700 0.792 0.842 0.838 0.746 0.779 0.819 0.887 0.872 0.889 0.898 0.866 0.833 0.880 0.849 0.837 0.846 0.832 0.850 0.831 0.862 0.795 0.765 0.749 0.691 0.660 0.654 0.574 0.519 0.545 0.566 0.592 0.624 0.637 0.652 0.681 0.669 0.683 0.684 0.665 0.651 0.674 0.695 0.700 0.707 0.688 0.675 0.679 0.715 0.779 0.805 0.807 0.804 0.833 0.845 0.874 0.885 0.896 0.895 0.892 0.920 0.921 0.929 0.935 0.938 0.942 0.943 0.943 0.938 0.926 0.915 0.917 0.933 0.954 0.954 0.952 0.945 0.948 0.952 0.947 0.955 0.952 0.956 0.961 0.964 0.964 0.965 0.962 0.960 0.963 0.961 0.961 0.960 0.959 0.957 0.955 0.956 0.960 0.962 0.968 0.971 0.969 0.962 0.972 0.978 0.960 0.960 0.959 0.966 0.006
>7p65
0.921 0.918 0.934 0.933 0.928 0.928 0.936 0.934 0.937 0.940 0.941 0.946 0.944 0.944 0.949 0.953 0.955 0.955 0.954 0.953 0.956 0.955 0.961 0.963 0.968 0.967 0.971 0.971 0.973 0.975 0.975 0.977 0.977 0.979 0.980 0.979 0.979 0.979 0.979 0.979 0.980 0.981 0.981 0.982 0.982 0.983 0.983 0.983 0.983 0.983 0.983 0.983 0.983 0.983 0.983 0.983 0.983 0.982 0.983 0.983 0.983 0.983 0.983 0.983 0.983 0.983 0.983 0.983 0.983 0.983 0.983 0.983 0.983 0.984 0.983 0.983 0.984 0.984 0.984 0.984 0.984 0.984 0.984 0.984 0.984 0.984 0.984 0.984 0.984 0.984 0.984 0.984 0.984 0.984 0.984 0.983 0.984 0.984 0.984 0.983 0.983 0.982 0.982 0.982 0.982 0.982 0.981 0.982 0.981 0.981 0.982 0.981 0.982 0.981 0.981 0.981 0.981 0.980 0.980 0.981 0.980 0.980 0.980 0.980 0.980 0.981 0.980 0.980 0.981 0.981 0.980 0.981 0.981 0.981 0.981 0.981 0.982 0.982 0.982 0.982 0.983 0.983 0.983 0.984 0.984 0.985 0.985 0.985 0.985 0.985 0.985 0.985 0.985 0.985 0.985 0.985 0.985 0.985 0.985 0.985 0.985 0.985 0.986 0.985 0.986 0.986 0.986 0.985 0.985 0.985 0.985 0.985 0.986 0.986 0.985 0.985 0.985 0.985 0.985 0.985 0.985 0.985 0.985 0.985 0.985 0.985 0.985 0.985 0.985 0.985 0.985 0.985 0.985 0.985 0.986 0.986 0.985 0.985 0.985 0.985 0.985 0.986 0.986 0.986 0.985 0.985 0.985 0.985 0.986 0.985 0.985 0.985 0.985 0.985 0.985 0.985 0.985 0.984 0.984 0.984 0.984 0.984 0.984 0.984 0.984 0.983 0.983 0.983 0.983 0.983 0.983 0.983 0.982 0.982 0.982 0.983 0.983 0.981 0.981 0.981 0.980 0.979 0.979 0.978 0.978 0.978 0.977 0.977 0.978 0.977 0.977 0.977 0.976 0.976 0.974 0.973 0.973 0.969 0.965 0.963 0.964 0.963 0.963 0.959 0.946 0.938 0.929 0.892 0.908 0.918 0.900 0.879 0.907 0.907 0.902 0.903 0.897 0.911 0.941 0.954 0.954 0.951 0.953 0.953 0.955 0.953 0.948 0.951 0.943 0.941 0.956 0.957 0.948 0.954 0.938 0.943 0.919 0.941 0.933 0.918 0.915 0.905 0.907 0.888 0.832 0.770 0.941 0.945 0.947 0.957 0.940 0.925 0.811 0.898 0.496 0.689 0.302 0.479 0.512 0.750 0.918 0.915 0.928 0.941 0.901 0.904 0.913 0.926 0.944 0.950 0.949 0.944 0.945 0.950 0.938 0.927 0.812 0.744 0.690 0.672 0.575 0.627 0.603 0.532 0.570 0.553 0.558 0.560 0.475 0.590 0.407 0.446 0.645 0.775 0.802 0.853 0.883 0.906 0.912 0.921 0.934 0.938 0.942 0.946 0.949 0.957 0.956 0.953 0.954 0.952 0.950 0.953 0.957 0.959 0.952 0.952 0.958 0.957 0.958 0.954 0.948 0.952 0.950 0.954 0.957 0.958 0.959 0.963 0.962 0.966 0.968 0.968 0.968 0.969 0.969 0.969 0.965 0.968 0.970 0.973 0.972 0.971 0.971 0.971 0.970 0.971 0.971 0.971 0.972 0.974 0.972 0.971 0.968 0.969 0.966 0.960 0.953 0.944 0.939 0.932 0.932 0.935 0.923 0.900 0.877 0.859 0.847 0.866 0.900 0.889 0.887 0.869 0.853 0.819 0.820 0.795 0.766 0.819 0.828 0.808 0.807
>7p66
0.921 0.918 0.934 0.933 0.928 0.928 0.936 0.934 0.937 0.940 0.941 0.946 0.944 0.944 0.949 0.953 0.955 0.955 0.954 0.953 0.956 0.955 0.961 0.963 0.968 0.967 0.971 0.971 0.973 0.975 0.975 0.977 0.977 0.979 0.980 0.979 0.979 0.979 0.979 0.979 0.980 0.981 0.981 0.982 0.982 0.983 0.983 0.983 0.983 0.983 0.983 0.983 0.983 0.983 0.983 0.983 0.983 0.982 0.983 0.983 0.983 0.983 0.983 0.983 0.983 0.983 0.983 0.983 0.983 0.983 0.983 0.983 0.983 0.984 0.983 0.983 0.984 0.984 0.984 0.984 0.984 0.984 0.984 0.984 0.984 0.984 0.984 0.984 0.984 0.984 0.984 0.984 0.984 0.984 0.984 0.983 0.984 0.984 0.984 0.983 0.983 0.982 0.982 0.982 0.982 0.982 0.981 0.982 0.981 0.981 0.982 0.981 0.982 0.981 0.981 0.981 0.981 0.980 0.980 0.981 0.980 0.980 0.980 0.980 0.980 0.981 0.980 0.980 0.981 0.981 0.980 0.981 0.981 0.981 0.981 0.981 0.982 0.982 0.982 0.982 0.983 0.983 0.983 0.984 0.984 0.985 0.985 0.985 0.985 0.985 0.985 0.985 0.985 0.985 0.985 0.985 0.985 0.985 0.985 0.985 0.985 0.985 0.986 0.985 0.986 0.986 0.986 0.985 0.985 0.985 0.985 0.985 0.986 0.986 0.985 0.985 0.985 0.985 0.985 0.985 0.985 0.985 0.985 0.985 0.985 0.985 0.985 0.985 0.985 0.985 0.985 0.985 0.985 0.985 0.986 0.986 0.985 0.985 0.985 0.985 0.985 0.986 0.986 0.986 0.985 0.985 0.985 0.985 0.986 0.985 0.985 0.985 0.985 0.985 0.985 0.985 0.985 0.984 0.984 0.984 0.984 0.984 0.984 0.984 0.984 0.983 0.983 0.983 0.983 0.983 0.983 0.983 0.982 0.982 0.982 0.983 0.983 0.981 0.981 0.981 0.980 0.979 0.979 0.978 0.978 0.978 0.977 0.977 0.978 0.977 0.977 0.977 0.976 0.976 0.974 0.973 0.973 0.969 0.965 0.963 0.964 0.963 0.963 0.959 0.946 0.938 0.929 0.892 0.908 0.918 0.900 0.879 0.907 0.907 0.902 0.903 0.897 0.911 0.941 0.954 0.954 0.951 0.953 0.953 0.955 0.953 0.948 0.951 0.943 0.941 0.956 0.957 0.948 0.954 0.938 0.943 0.919 0.941 0.933 0.918 0.915 0.905 0.907 0.888 0.832 0.770 0.941 0.945 0.947 0.957 0.940 0.925 0.811 0.898 0.496 0.689 0.302 0.479 0.512 0.750 0.918 0.915 0.928 0.941 0.901 0.904 0.913 0.926 0.944 0.950 0.949 0.944 0.945 0.950 0.938 0.927 0.812 0.744 0.690 0.672 0.575 0.627 0.603 0.532 0.570 0.553 0.558 0.560 0.475 0.590 0.407 0.446 0.645 0.775 0.802 0.853 0.883 0.906 0.912 0.921 0.934 0.938 0.942 0.946 0.949 0.957 0.956 0.953 0.954 0.952 0.950 0.953 0.957 0.959 0.952 0.952 0.958 0.957 0.958 0.954 0.948 0.952 0.950 0.954 0.957 0.958 0.959 0.963 0.962 0.966 0.968 0.968 0.968 0.969 0.969 0.969 0.965 0.968 0.970 0.973 0.972 0.971 0.971 0.971 0.970 0.971 0.971 0.971 0.972 0.974 0.972 0.971 0.968 0.969 0.966 0.960 0.953 0.944 0.939 0.932 0.932 0.935 0.923 0.900 0.877 0.859 0.847 0.866 0.900 0.889 0.887 0.869 0.853 0.819 0.820 0.795 0.766 0.819 0.828 0.808 0.807
>7p67
0.921 0.918 0.934 0.933 0.928 0.928 0.936 0.934 0.937 0.940 0.941 0.946 0.944 0.944 0.949 0.953 0.955 0.955 0.954 0.953 0.956 0.955 0.961 0.963 0.968 0.967 0.971 0.971 0.973 0.975 0.975 0.977 0.977 0.979 0.980 0.979 0.979 0.979 0.979 0.979 0.980 0.981 0.981 0.982 0.982 0.983 0.983 0.983 0.983 0.983 0.983 0.983 0.983 0.983 0.983 0.983 0.983 0.982 0.983 0.983 0.983 0.983 0.983 0.983 0.983 0.983 0.983 0.983 0.983 0.983 0.983 0.983 0.983 0.984 0.983 0.983 0.984 0.984 0.984 0.984 0.984 0.984 0.984 0.984 0.984 0.984 0.984 0.984 0.984 0.984 0.984 0.984 0.984 0.984 0.984 0.983 0.984 0.984 0.984 0.983 0.983 0.982 0.982 0.982 0.982 0.982 0.981 0.982 0.981 0.981 0.982 0.981 0.982 0.981 0.981 0.981 0.981 0.980 0.980 0.981 0.980 0.980 0.980 0.980 0.980 0.981 0.980 0.980 0.981 0.981 0.980 0.981 0.981 0.981 0.981 0.981 0.982 0.982 0.982 0.982 0.983 0.983 0.983 0.984 0.984 0.985 0.985 0.985 0.985 0.985 0.985 0.985 0.985 0.985 0.985 0.985 0.985 0.985 0.985 0.985 0.985 0.985 0.986 0.985 0.986 0.986 0.986 0.985 0.985 0.985 0.985 0.985 0.986 0.986 0.985 0.985 0.985 0.985 0.985 0.985 0.985 0.985 0.985 0.985 0.985 0.985 0.985 0.985 0.985 0.985 0.985 0.985 0.985 0.985 0.986 0.986 0.985 0.985 0.985 0.985 0.985 0.986 0.986 0.986 0.985 0.985 0.985 0.985 0.986 0.985 0.985 0.985 0.985 0.985 0.985 0.985 0.985 0.984 0.984 0.984 0.984 0.984 0.984 0.984 0.984 0.983 0.983 0.983 0.983 0.983 0.983 0.983 0.982 0.982 0.982 0.983 0.983 0.981 0.981 0.981 0.980 0.979 0.979 0.978 0.978 0.978 0.977 0.977 0.978 0.977 0.977 0.977 0.976 0.976 0.974 0.973 0.973 0.969 0.965 0.963 0.964 0.963 0.963 0.959 0.946 0.938 0.929 0.892 0.908 0.918 0.900 0.879 0.907 0.907 0.902 0.903 0.897 0.911 0.941 0.954 0.954 0.951 0.953 0.953 0.955 0.953 0.948 0.951 0.943 0.941 0.956 0.957 0.948 0.954 0.938 0.943 0.919 0.941 0.933 0.918 0.915 0.905 0.907 0.888 0.832 0.770 0.941 0.945 0.947 0.957 0.940 0.925 0.811 0.898 0.496 0.689 0.302 0.479 0.512 0.750 0.918 0.915 0.928 0.941 0.901 0.904 0.913 0.926 0.944 0.950 0.949 0.944 0.945 0.950 0.938 0.927 0.812 0.744 0.690 0.672 0.575 0.627 0.603 0.532 0.570 0.553 0.558 0.560 0.475 0.590 0.407 0.446 0.645 0.775 0.802 0.853 0.883 0.906 0.912 0.921 0.934 0.938 0.942 0.946 0.949 0.957 0.956 0.953 0.954 0.952 0.950 0.953 0.957 0.959 0.952 0.952 0.958 0.957 0.958 0.954 0.948 0.952 0.950 0.954 0.957 0.958 0.959 0.963 0.962 0.966 0.968 0.968 0.968 0.969 0.969 0.969 0.965 0.968 0.970 0.973 0.972 0.971 0.971 0.971 0.970 0.971 0.971 0.971 0.972 0.974 0.972 0.971 0.968 0.969 0.966 0.960 0.953 0.944 0.939 0.932 0.932 0.935 0.923 0.900 0.877 0.859 0.847 0.866 0.900 0.889 0.887 0.869 0.853 0.819 0.820 0.795 0.766 0.819 0.828 0.808 0.807
>7p68
0.921 0.918 0.934 0.933 0.928 0.928 0.936 0.934 0.937 0.940 0.941 0.946 0.944 0.944 0.949 0.953 0.955 0.955 0.954 0.953 0.956 0.955 0.961 0.963 0.968 0.967 0.971 0.971 0.973 0.975 0.975 0.977 0.977 0.979 0.980 0.979 0.979 0.979 0.979 0.979 0.980 0.981 0.981 0.982 0.982 0.983 0.983 0.983 0.983 0.983 0.983 0.983 0.983 0.983 0.983 0.983 0.983 0.982 0.983 0.983 0.983 0.983 0.983 0.983 0.983 0.983 0.983 0.983 0.983 0.983 0.983 0.983 0.983 0.984 0.983 0.983 0.984 0.984 0.984 0.984 0.984 0.984 0.984 0.984 0.984 0.984 0.984 0.984 0.984 0.984 0.984 0.984 0.984 0.984 0.984 0.983 0.984 0.984 0.984 0.983 0.983 0.982 0.982 0.982 0.982 0.982 0.981 0.982 0.981 0.981 0.982 0.981 0.982 0.981 0.981 0.981 0.981 0.980 0.980 0.981 0.980 0.980 0.980 0.980 0.980 0.981 0.980 0.980 0.981 0.981 0.980 0.981 0.981 0.981 0.981 0.981 0.982 0.982 0.982 0.982 0.983 0.983 0.983 0.984 0.984 0.985 0.985 0.985 0.985 0.985 0.985 0.985 0.985 0.985 0.985 0.985 0.985 0.985 0.985 0.985 0.985 0.985 0.986 0.985 0.986 0.986 0.986 0.985 0.985 0.985 0.985 0.985 0.986 0.986 0.985 0.985 0.985 0.985 0.985 0.985 0.985 0.985 0.985 0.985 0.985 0.985 0.985 0.985 0.985 0.985 0.985 0.985 0.985 0.985 0.986 0.986 0.985 0.985 0.985 0.985 0.985 0.986 0.986 0.986 0.985 0.985 0.985 0.985 0.986 0.985 0.985 0.985 0.985 0.985 0.985 0.985 0.985 0.984 0.984 0.984 0.984 0.984 0.984 0.984 0.984 0.983 0.983 0.983 0.983 0.983 0.983 0.983 0.982 0.982 0.982 0.983 0.983 0.981 0.981 0.981 0.980 0.979 0.979 0.978 0.978 0.978 0.977 0.977 0.978 0.977 0.977 0.977 0.976 0.976 0.974 0.973 0.973 0.969 0.965 0.963 0.964 0.963 0.963 0.959 0.946 0.938 0.929 0.892 0.908 0.918 0.900 0.879 0.907 0.907 0.902 0.903 0.897 0.911 0.941 0.954 0.954 0.951 0.953 0.953 0.955 0.953 0.948 0.951 0.943 0.941 0.956 0.957 0.948 0.954 0.938 0.943 0.919 0.941 0.933 0.918 0.915 0.905 0.907 0.888 0.832 0.770 0.941 0.945 0.947 0.957 0.940 0.925 0.811 0.898 0.496 0.689 0.302 0.479 0.512 0.750 0.918 0.915 0.928 0.941 0.901 0.904 0.913 0.926 0.944 0.950 0.949 0.944 0.945 0.950 0.938 0.927 0.812 0.744 0.690 0.672 0.575 0.627 0.603 0.532 0.570 0.553 0.558 0.560 0.475 0.590 0.407 0.446 0.645 0.775 0.802 0.853 0.883 0.906 0.912 0.921 0.934 0.938 0.942 0.946 0.949 0.957 0.956 0.953 0.954 0.952 0.950 0.953 0.957 0.959 0.952 0.952 0.958 0.957 0.958 0.954 0.948 0.952 0.950 0.954 0.957 0.958 0.959 0.963 0.962 0.966 0.968 0.968 0.968 0.969 0.969 0.969 0.965 0.968 0.970 0.973 0.972 0.971 0.971 0.971 0.970 0.971 0.971 0.971 0.972 0.974 0.972 0.971 0.968 0.969 0.966 0.960 0.953 0.944 0.939 0.932 0.932 0.935 0.923 0.900 0.877 0.859 0.847 0.866 0.900 0.889 0.887 0.869 0.853 0.819 0.820 0.795 0.766 0.819 0.828 0.808 0.807
>7p6a
0.921 0.918 0.934 0.933 0.928 0.928 0.936 0.934 0.937 0.940 0.941 0.946 0.944 0.944 0.949 0.953 0.955 0.955 0.954 0.953 0.956 0.955 0.961 0.963 0.968 0.967 0.971 0.971 0.973 0.975 0.975 0.977 0.977 0.979 0.980 0.979 0.979 0.979 0.979 0.979 0.980 0.981 0.981 0.982 0.982 0.983 0.983 0.983 0.983 0.983 0.983 0.983 0.983 0.983 0.983 0.983 0.983 0.982 0.983 0.983 0.983 0.983 0.983 0.983 0.983 0.983 0.983 0.983 0.983 0.983 0.983 0.983 0.983 0.984 0.983 0.983 0.984 0.984 0.984 0.984 0.984 0.984 0.984 0.984 0.984 0.984 0.984 0.984 0.984 0.984 0.984 0.984 0.984 0.984 0.984 0.983 0.984 0.984 0.984 0.983 0.983 0.982 0.982 0.982 0.982 0.982 0.981 0.982 0.981 0.981 0.982 0.981 0.982 0.981 0.981 0.981 0.981 0.980 0.980 0.981 0.980 0.980 0.980 0.980 0.980 0.981 0.980 0.980 0.981 0.981 0.980 0.981 0.981 0.981 0.981 0.981 0.982 0.982 0.982 0.982 0.983 0.983 0.983 0.984 0.984 0.985 0.985 0.985 0.985 0.985 0.985 0.985 0.985 0.985 0.985 0.985 0.985 0.985 0.985 0.985 0.985 0.985 0.986 0.985 0.986 0.986 0.986 0.985 0.985 0.985 0.985 0.985 0.986 0.986 0.985 0.985 0.985 0.985 0.985 0.985 0.985 0.985 0.985 0.985 0.985 0.985 0.985 0.985 0.985 0.985 0.985 0.985 0.985 0.985 0.986 0.986 0.985 0.985 0.985 0.985 0.985 0.986 0.986 0.986 0.985 0.985 0.985 0.985 0.986 0.985 0.985 0.985 0.985 0.985 0.985 0.985 0.985 0.984 0.984 0.984 0.984 0.984 0.984 0.984 0.984 0.983 0.983 0.983 0.983 0.983 0.983 0.983 0.982 0.982 0.982 0.983 0.983 0.981 0.981 0.981 0.980 0.979 0.979 0.978 0.978 0.978 0.977 0.977 0.978 0.977 0.977 0.977 0.976 0.976 0.974 0.973 0.973 0.969 0.965 0.963 0.964 0.963 0.963 0.959 0.946 0.938 0.929 0.892 0.908 0.918 0.900 0.879 0.907 0.907 0.902 0.903 0.897 0.911 0.941 0.954 0.954 0.951 0.953 0.953 0.955 0.953 0.948 0.951 0.943 0.941 0.956 0.957 0.948 0.954 0.938 0.943 0.919 0.941 0.933 0.918 0.915 0.905 0.907 0.888 0.832 0.770 0.941 0.945 0.947 0.957 0.940 0.925 0.811 0.898 0.496 0.689 0.302 0.479 0.512 0.750 0.918 0.915 0.928 0.941 0.901 0.904 0.913 0.926 0.944 0.950 0.949 0.944 0.945 0.950 0.938 0.927 0.812 0.744 0.690 0.672 0.575 0.627 0.603 0.532 0.570 0.553 0.558 0.560 0.475 0.590 0.407 0.446 0.645 0.775 0.802 0.853 0.883 0.906 0.912 0.921 0.934 0.938 0.942 0.946 0.949 0.957 0.956 0.953 0.954 0.952 0.950 0.953 0.957 0.959 0.952 0.952 0.958 0.957 0.958 0.954 0.948 0.952 0.950 0.954 0.957 0.958 0.959 0.963 0.962 0.966 0.968 0.968 0.968 0.969 0.969 0.969 0.965 0.968 0.970 0.973 0.972 0.971 0.971 0.971 0.970 0.971 0.971 0.971 0.972 0.974 0.972 0.971 0.968 0.969 0.966 0.960 0.953 0.944 0.939 0.932 0.932 0.935 0.923 0.900 0.877 0.859 0.847 0.866 0.900 0.889 0.887 0.869 0.853 0.819 0.820 0.795 0.766 0.819 0.828 0.808 0.807
>7p6b
0.921 0.918 0.934 0.933 0.928 0.928 0.936 0.934 0.937 0.940 0.941 0.946 0.944 0.944 0.949 0.953 0.955 0.955 0.954 0.953 0.956 0.955 0.961 0.963 0.968 0.967 0.971 0.971 0.973 0.975 0.975 0.977 0.977 0.979 0.980 0.979 0.979 0.979 0.979 0.979 0.980 0.981 0.981 0.982 0.982 0.983 0.983 0.983 0.983 0.983 0.983 0.983 0.983 0.983 0.983 0.983 0.983 0.982 0.983 0.983 0.983 0.983 0.983 0.983 0.983 0.983 0.983 0.983 0.983 0.983 0.983 0.983 0.983 0.984 0.983 0.983 0.984 0.984 0.984 0.984 0.984 0.984 0.984 0.984 0.984 0.984 0.984 0.984 0.984 0.984 0.984 0.984 0.984 0.984 0.984 0.983 0.984 0.984 0.984 0.983 0.983 0.982 0.982 0.982 0.982 0.982 0.981 0.982 0.981 0.981 0.982 0.981 0.982 0.981 0.981 0.981 0.981 0.980 0.980 0.981 0.980 0.980 0.980 0.980 0.980 0.981 0.980 0.980 0.981 0.981 0.980 0.981 0.981 0.981 0.981 0.981 0.982 0.982 0.982 0.982 0.983 0.983 0.983 0.984 0.984 0.985 0.985 0.985 0.985 0.985 0.985 0.985 0.985 0.985 0.985 0.985 0.985 0.985 0.985 0.985 0.985 0.985 0.986 0.985 0.986 0.986 0.986 0.985 0.985 0.985 0.985 0.985 0.986 0.986 0.985 0.985 0.985 0.985 0.985 0.985 0.985 0.985 0.985 0.985 0.985 0.985 0.985 0.985 0.985 0.985 0.985 0.985 0.985 0.985 0.986 0.986 0.985 0.985 0.985 0.985 0.985 0.986 0.986 0.986 0.985 0.985 0.985 0.985 0.986 0.985 0.985 0.985 0.985 0.985 0.985 0.985 0.985 0.984 0.984 0.984 0.984 0.984 0.984 0.984 0.984 0.983 0.983 0.983 0.983 0.983 0.983 0.983 0.982 0.982 0.982 0.983 0.983 0.981 0.981 0.981 0.980 0.979 0.979 0.978 0.978 0.978 0.977 0.977 0.978 0.977 0.977 0.977 0.976 0.976 0.974 0.973 0.973 0.969 0.965 0.963 0.964 0.963 0.963 0.959 0.946 0.938 0.929 0.892 0.908 0.918 0.900 0.879 0.907 0.907 0.902 0.903 0.897 0.911 0.941 0.954 0.954 0.951 0.953 0.953 0.955 0.953 0.948 0.951 0.943 0.941 0.956 0.957 0.948 0.954 0.938 0.943 0.919 0.941 0.933 0.918 0.915 0.905 0.907 0.888 0.832 0.770 0.941 0.945 0.947 0.957 0.940 0.925 0.811 0.898 0.496 0.689 0.302 0.479 0.512 0.750 0.918 0.915 0.928 0.941 0.901 0.904 0.913 0.926 0.944 0.950 0.949 0.944 0.945 0.950 0.938 0.927 0.812 0.744 0.690 0.672 0.575 0.627 0.603 0.532 0.570 0.553 0.558 0.560 0.475 0.590 0.407 0.446 0.645 0.775 0.802 0.853 0.883 0.906 0.912 0.921 0.934 0.938 0.942 0.946 0.949 0.957 0.956 0.953 0.954 0.952 0.950 0.953 0.957 0.959 0.952 0.952 0.958 0.957 0.958 0.954 0.948 0.952 0.950 0.954 0.957 0.958 0.959 0.963 0.962 0.966 0.968 0.968 0.968 0.969 0.969 0.969 0.965 0.968 0.970 0.973 0.972 0.971 0.971 0.971 0.970 0.971 0.971 0.971 0.972 0.974 0.972 0.971 0.968 0.969 0.966 0.960 0.953 0.944 0.939 0.932 0.932 0.935 0.923 0.900 0.877 0.859 0.847 0.866 0.900 0.889 0.887 0.869 0.853 0.819 0.820 0.795 0.766 0.819 0.828 0.808 0.807
>7p6c
0.921 0.918 0.934 0.933 0.928 0.928 0.936 0.934 0.937 0.940 0.941 0.946 0.944 0.944 0.949 0.953 0.955 0.955 0.954 0.953 0.956 0.955 0.961 0.963 0.968 0.967 0.971 0.971 0.973 0.975 0.975 0.977 0.977 0.979 0.980 0.979 0.979 0.979 0.979 0.979 0.980 0.981 0.981 0.982 0.982 0.983 0.983 0.983 0.983 0.983 0.983 0.983 0.983 0.983 0.983 0.983 0.983 0.982 0.983 0.983 0.983 0.983 0.983 0.983 0.983 0.983 0.983 0.983 0.983 0.983 0.983 0.983 0.983 0.984 0.983 0.983 0.984 0.984 0.984 0.984 0.984 0.984 0.984 0.984 0.984 0.984 0.984 0.984 0.984 0.984 0.984 0.984 0.984 0.984 0.984 0.983 0.984 0.984 0.984 0.983 0.983 0.982 0.982 0.982 0.982 0.982 0.981 0.982 0.981 0.981 0.982 0.981 0.982 0.981 0.981 0.981 0.981 0.980 0.980 0.981 0.980 0.980 0.980 0.980 0.980 0.981 0.980 0.980 0.981 0.981 0.980 0.981 0.981 0.981 0.981 0.981 0.982 0.982 0.982 0.982 0.983 0.983 0.983 0.984 0.984 0.985 0.985 0.985 0.985 0.985 0.985 0.985 0.985 0.985 0.985 0.985 0.985 0.985 0.985 0.985 0.985 0.985 0.986 0.985 0.986 0.986 0.986 0.985 0.985 0.985 0.985 0.985 0.986 0.986 0.985 0.985 0.985 0.985 0.985 0.985 0.985 0.985 0.985 0.985 0.985 0.985 0.985 0.985 0.985 0.985 0.985 0.985 0.985 0.985 0.986 0.986 0.985 0.985 0.985 0.985 0.985 0.986 0.986 0.986 0.985 0.985 0.985 0.985 0.986 0.985 0.985 0.985 0.985 0.985 0.985 0.985 0.985 0.984 0.984 0.984 0.984 0.984 0.984 0.984 0.984 0.983 0.983 0.983 0.983 0.983 0.983 0.983 0.982 0.982 0.982 0.983 0.983 0.981 0.981 0.981 0.980 0.979 0.979 0.978 0.978 0.978 0.977 0.977 0.978 0.977 0.977 0.977 0.976 0.976 0.974 0.973 0.973 0.969 0.965 0.963 0.964 0.963 0.963 0.959 0.946 0.938 0.929 0.892 0.908 0.918 0.900 0.879 0.907 0.907 0.902 0.903 0.897 0.911 0.941 0.954 0.954 0.951 0.953 0.953 0.955 0.953 0.948 0.951 0.943 0.941 0.956 0.957 0.948 0.954 0.938 0.943 0.919 0.941 0.933 0.918 0.915 0.905 0.907 0.888 0.832 0.770 0.941 0.945 0.947 0.957 0.940 0.925 0.811 0.898 0.496 0.689 0.302 0.479 0.512 0.750 0.918 0.915 0.928 0.941 0.901 0.904 0.913 0.926 0.944 0.950 0.949 0.944 0.945 0.950 0.938 0.927 0.812 0.744 0.690 0.672 0.575 0.627 0.603 0.532 0.570 0.553 0.558 0.560 0.475 0.590 0.407 0.446 0.645 0.775 0.802 0.853 0.883 0.906 0.912 0.921 0.934 0.938 0.942 0.946 0.949 0.957 0.956 0.953 0.954 0.952 0.950 0.953 0.957 0.959 0.952 0.952 0.958 0.957 0.958 0.954 0.948 0.952 0.950 0.954 0.957 0.958 0.959 0.963 0.962 0.966 0.968 0.968 0.968 0.969 0.969 0.969 0.965 0.968 0.970 0.973 0.972 0.971 0.971 0.971 0.970 0.971 0.971 0.971 0.972 0.974 0.972 0.971 0.968 0.969 0.966 0.960 0.953 0.944 0.939 0.932 0.932 0.935 0.923 0.900 0.877 0.859 0.847 0.866 0.900 0.889 0.887 0.869 0.853 0.819 0.820 0.795 0.766 0.819 0.828 0.808 0.807
>7p6d
0.921 0.918 0.934 0.933 0.928 0.928 0.936 0.934 0.937 0.940 0.941 0.946 0.944 0.944 0.949 0.953 0.955 0.955 0.954 0.953 0.956 0.955 0.961 0.963 0.968 0.967 0.971 0.971 0.973 0.975 0.975 0.977 0.977 0.979 0.980 0.979 0.979 0.979 0.979 0.979 0.980 0.981 0.981 0.982 0.982 0.983 0.983 0.983 0.983 0.983 0.983 0.983 0.983 0.983 0.983 0.983 0.983 0.982 0.983 0.983 0.983 0.983 0.983 0.983 0.983 0.983 0.983 0.983 0.983 0.983 0.983 0.983 0.983 0.984 0.983 0.983 0.984 0.984 0.984 0.984 0.984 0.984 0.984 0.984 0.984 0.984 0.984 0.984 0.984 0.984 0.984 0.984 0.984 0.984 0.984 0.983 0.984 0.984 0.984 0.983 0.983 0.982 0.982 0.982 0.982 0.982 0.981 0.982 0.981 0.981 0.982 0.981 0.982 0.981 0.981 0.981 0.981 0.980 0.980 0.981 0.980 0.980 0.980 0.980 0.980 0.981 0.980 0.980 0.981 0.981 0.980 0.981 0.981 0.981 0.981 0.981 0.982 0.982 0.982 0.982 0.983 0.983 0.983 0.984 0.984 0.985 0.985 0.985 0.985 0.985 0.985 0.985 0.985 0.985 0.985 0.985 0.985 0.985 0.985 0.985 0.985 0.985 0.986 0.985 0.986 0.986 0.986 0.985 0.985 0.985 0.985 0.985 0.986 0.986 0.985 0.985 0.985 0.985 0.985 0.985 0.985 0.985 0.985 0.985 0.985 0.985 0.985 0.985 0.985 0.985 0.985 0.985 0.985 0.985 0.986 0.986 0.985 0.985 0.985 0.985 0.985 0.986 0.986 0.986 0.985 0.985 0.985 0.985 0.986 0.985 0.985 0.985 0.985 0.985 0.985 0.985 0.985 0.984 0.984 0.984 0.984 0.984 0.984 0.984 0.984 0.983 0.983 0.983 0.983 0.983 0.983 0.983 0.982 0.982 0.982 0.983 0.983 0.981 0.981 0.981 0.980 0.979 0.979 0.978 0.978 0.978 0.977 0.977 0.978 0.977 0.977 0.977 0.976 0.976 0.974 0.973 0.973 0.969 0.965 0.963 0.964 0.963 0.963 0.959 0.946 0.938 0.929 0.892 0.908 0.918 0.900 0.879 0.907 0.907 0.902 0.903 0.897 0.911 0.941 0.954 0.954 0.951 0.953 0.953 0.955 0.953 0.948 0.951 0.943 0.941 0.956 0.957 0.948 0.954 0.938 0.943 0.919 0.941 0.933 0.918 0.915 0.905 0.907 0.888 0.832 0.770 0.941 0.945 0.947 0.957 0.940 0.925 0.811 0.898 0.496 0.689 0.302 0.479 0.512 0.750 0.918 0.915 0.928 0.941 0.901 0.904 0.913 0.926 0.944 0.950 0.949 0.944 0.945 0.950 0.938 0.927 0.812 0.744 0.690 0.672 0.575 0.627 0.603 0.532 0.570 0.553 0.558 0.560 0.475 0.590 0.407 0.446 0.645 0.775 0.802 0.853 0.883 0.906 0.912 0.921 0.934 0.938 0.942 0.946 0.949 0.957 0.956 0.953 0.954 0.952 0.950 0.953 0.957 0.959 0.952 0.952 0.958 0.957 0.958 0.954 0.948 0.952 0.950 0.954 0.957 0.958 0.959 0.963 0.962 0.966 0.968 0.968 0.968 0.969 0.969 0.969 0.965 0.968 0.970 0.973 0.972 0.971 0.971 0.971 0.970 0.971 0.971 0.971 0.972 0.974 0.972 0.971 0.968 0.969 0.966 0.960 0.953 0.944 0.939 0.932 0.932 0.935 0.923 0.900 0.877 0.859 0.847 0.866 0.900 0.889 0.887 0.869 0.853 0.819 0.820 0.795 0.766 0.819 0.828 0.808 0.807
>7p6e
0.921 0.918 0.934 0.933 0.928 0.928 0.936 0.934 0.937 0.940 0.941 0.946 0.944 0.944 0.949 0.953 0.955 0.955 0.954 0.953 0.956 0.955 0.961 0.963 0.968 0.967 0.971 0.971 0.973 0.975 0.975 0.977 0.977 0.979 0.980 0.979 0.979 0.979 0.979 0.979 0.980 0.981 0.981 0.982 0.982 0.983 0.983 0.983 0.983 0.983 0.983 0.983 0.983 0.983 0.983 0.983 0.983 0.982 0.983 0.983 0.983 0.983 0.983 0.983 0.983 0.983 0.983 0.983 0.983 0.983 0.983 0.983 0.983 0.984 0.983 0.983 0.984 0.984 0.984 0.984 0.984 0.984 0.984 0.984 0.984 0.984 0.984 0.984 0.984 0.984 0.984 0.984 0.984 0.984 0.984 0.983 0.984 0.984 0.984 0.983 0.983 0.982 0.982 0.982 0.982 0.982 0.981 0.982 0.981 0.981 0.982 0.981 0.982 0.981 0.981 0.981 0.981 0.980 0.980 0.981 0.980 0.980 0.980 0.980 0.980 0.981 0.980 0.980 0.981 0.981 0.980 0.981 0.981 0.981 0.981 0.981 0.982 0.982 0.982 0.982 0.983 0.983 0.983 0.984 0.984 0.985 0.985 0.985 0.985 0.985 0.985 0.985 0.985 0.985 0.985 0.985 0.985 0.985 0.985 0.985 0.985 0.985 0.986 0.985 0.986 0.986 0.986 0.985 0.985 0.985 0.985 0.985 0.986 0.986 0.985 0.985 0.985 0.985 0.985 0.985 0.985 0.985 0.985 0.985 0.985 0.985 0.985 0.985 0.985 0.985 0.985 0.985 0.985 0.985 0.986 0.986 0.985 0.985 0.985 0.985 0.985 0.986 0.986 0.986 0.985 0.985 0.985 0.985 0.986 0.985 0.985 0.985 0.985 0.985 0.985 0.985 0.985 0.984 0.984 0.984 0.984 0.984 0.984 0.984 0.984 0.983 0.983 0.983 0.983 0.983 0.983 0.983 0.982 0.982 0.982 0.983 0.983 0.981 0.981 0.981 0.980 0.979 0.979 0.978 0.978 0.978 0.977 0.977 0.978 0.977 0.977 0.977 0.976 0.976 0.974 0.973 0.973 0.969 0.965 0.963 0.964 0.963 0.963 0.959 0.946 0.938 0.929 0.892 0.908 0.918 0.900 0.879 0.907 0.907 0.902 0.903 0.897 0.911 0.941 0.954 0.954 0.951 0.953 0.953 0.955 0.953 0.948 0.951 0.943 0.941 0.956 0.957 0.948 0.954 0.938 0.943 0.919 0.941 0.933 0.918 0.915 0.905 0.907 0.888 0.832 0.770 0.941 0.945 0.947 0.957 0.940 0.925 0.811 0.898 0.496 0.689 0.302 0.479 0.512 0.750 0.918 0.915 0.928 0.941 0.901 0.904 0.913 0.926 0.944 0.950 0.949 0.944 0.945 0.950 0.938 0.927 0.812 0.744 0.690 0.672 0.575 0.627 0.603 0.532 0.570 0.553 0.558 0.560 0.475 0.590 0.407 0.446 0.645 0.775 0.802 0.853 0.883 0.906 0.912 0.921 0.934 0.938 0.942 0.946 0.949 0.957 0.956 0.953 0.954 0.952 0.950 0.953 0.957 0.959 0.952 0.952 0.958 0.957 0.958 0.954 0.948 0.952 0.950 0.954 0.957 0.958 0.959 0.963 0.962 0.966 0.968 0.968 0.968 0.969 0.969 0.969 0.965 0.968 0.970 0.973 0.972 0.971 0.971 0.971 0.970 0.971 0.971 0.971 0.972 0.974 0.972 0.971 0.968 0.969 0.966 0.960 0.953 0.944 0.939 0.932 0.932 0.935 0.923 0.900 0.877 0.859 0.847 0.866 0.900 0.889 0.887 0.869 0.853 0.819 0.820 0.795 0.766 0.819 0.828 0.808 0.807
>7py2
0.725 0.751 0.794 0.818 0.782 0.839 0.773 0.732 0.768 0.795 0.710 0.668 0.599 0.507 0.468 0.423 0.340 0.337 0.300 0.278 0.294 0.280 0.273 0.246 0.203 0.207 0.191 0.165 0.148 0.117 0.115 0.098 0.098 0.089 0.071 0.061 0.054 0.056 0.060 0.062 0.069 0.074 0.071 0.084 0.083 0.076 0.072 0.076 0.065 0.050 0.051 0.054 0.058 0.067 0.071 0.079 0.075 0.067 0.060 0.058 0.049 0.043 0.038 0.035 0.032 0.030 0.032 0.037 0.044 0.050 0.056 0.072 0.085 0.089 0.097 0.111 0.116 0.111 0.107 0.110 0.108 0.104 0.115 0.129 0.137 0.144 0.174 0.202 0.200 0.225 0.255 0.241 0.219 0.215 0.181 0.150 0.127 0.114 0.097 0.070 0.059 0.061 0.061 0.059 0.061 0.064 0.073 0.065 0.058 0.057 0.059 0.056 0.053 0.048 0.046 0.042 0.039 0.041 0.042 0.040 0.042 0.044 0.047 0.047 0.051 0.059 0.061 0.059 0.067 0.071 0.067 0.074 0.090 0.099 0.094 0.098 0.100 0.094 0.087 0.088 0.084 0.080 0.083 0.089 0.090 0.093 0.090 0.091 0.088 0.077 0.069 0.068 0.063 0.062 0.064 0.061 0.059 0.058 0.057 0.064 0.066 0.063 0.067 0.066 0.074 0.071 0.075 0.090 0.093 0.114 0.132 0.158 0.167 0.195 0.215 0.235 0.254 0.283 0.297 0.297 0.289 0.228 0.237 0.215 0.202 0.197 0.178 0.199 0.200 0.207 0.182 0.163 0.146 0.149 0.138 0.112 0.101 0.096 0.085 0.070 0.077 0.071 0.064 0.064 0.064 0.066 0.070 0.077 0.077 0.073 0.072 0.069 0.069 0.067 0.067 0.066 0.064 0.056 0.053 0.051 0.044 0.036 0.037 0.040 0.036 0.033 0.037 0.033 0.029 0.033 0.036 0.035 0.037 0.041 0.047 0.047 0.043 0.041 0.040 0.041 0.045 0.049 0.053 0.053 0.060 0.063 0.074 0.083 0.082 0.086 0.096 0.121 0.151 0.161 0.187 0.216 0.263 0.281 0.291 0.336 0.361 0.411 0.479 0.538 0.604 0.689 0.733 0.825 0.859 0.887 0.914 0.933 0.958 0.969 0.971 0.975 0.979 0.981 0.984 0.986 0.987 0.987 0.986 0.988 0.988 0.988 0.989 0.989 0.989 0.990 0.989 0.990 0.991 0.990 0.990 0.990 0.990 0.990 0.990 0.990 0.990 0.990 0.989 0.990 0.990 0.990 0.988 0.988 0.987 0.985 0.985 0.984 0.983 0.981 0.979 0.976 0.973 0.967 0.962 0.956 0.960 0.951 0.953 0.934 0.934 0.921 0.934 0.925 0.918 0.926 0.929 0.931 0.937 0.945 0.946 0.946 0.951 0.953 0.958 0.959 0.959 0.962 0.958 0.961 0.965 0.968 0.968 0.969 0.971 0.970 0.973 0.973 0.975 0.977 0.978 0.981 0.980 0.981 0.981 0.981 0.981 0.980 0.981 0.981 0.981 0.981 0.982 0.982 0.982 0.982 0.983 0.984 0.984 0.984 0.984 0.985 0.986 0.985 0.985 0.984 0.984 0.984 0.985 0.985 0.985 0.985 0.985 0.985 0.985 0.986 0.986 0.985 0.985 0.985 0.983 0.981 0.980 0.978 0.978 0.977 0.976 0.977 0.977 0.977 0.976 0.973 0.973 0.971 0.971 0.969 0.969 0.967 0.969 0.964
>7q3u
0.957 0.969 0.971 0.978 0.982 0.983 0.983 0.982 0.982 0.983 0.984 0.983 0.984 0.984 0.984 0.985 0.985 0.986 0.986 0.987 0.987 0.988 0.987 0.987 0.987 0.987 0.987 0.986 0.984 0.983 0.979 0.977 0.976 0.974 0.972 0.970 0.969 0.967 0.965 0.958 0.952 0.936 0.930 0.914 0.920 0.907 0.902 0.878 0.881 0.859 0.846 0.839 0.835 0.835 0.844 0.850 0.864 0.875 0.890 0.908 0.922 0.929 0.936 0.938 0.935 0.933 0.934 0.937 0.940 0.946 0.952 0.956 0.957 0.957 0.958 0.954 0.953 0.954 0.957 0.950 0.954 0.954
>7q4b
0.779 0.826 0.821 0.848 0.815 0.803 0.807 0.814 0.809 0.777 0.739 0.691 0.682 0.668 0.667 0.659 0.631 0.591 0.562 0.515 0.502 0.457 0.498 0.472 0.492 0.477 0.483 0.533 0.574 0.643 0.599 0.599 0.615 0.598 0.582 0.566 0.561 0.593 0.579 0.574 0.556 0.003
>7q4m
0.779 0.826 0.821 0.848 0.815 0.803 0.807 0.814 0.809 0.777 0.739 0.691 0.682 0.668 0.667 0.659 0.631 0.591 0.562 0.515 0.502 0.457 0.498 0.472 0.492 0.477 0.483 0.533 0.574 0.643 0.599 0.599 0.615 0.598 0.582 0.566 0.561 0.593 0.579 0.574 0.556 0.003
>7q64
0.913 0.916 0.911 0.916 0.941 0.937 0.911 0.908 0.897 0.887 0.913 0.917 0.919 0.925 0.931 0.936 0.939 0.937 0.941 0.941 0.934 0.938 0.934 0.940 0.938 0.931 0.929 0.907 0.889 0.888 0.865 0.868 0.853 0.864 0.855 0.824 0.819 0.802 0.867 0.911
>7q65
0.913 0.916 0.911 0.916 0.941 0.937 0.911 0.908 0.897 0.887 0.913 0.917 0.919 0.925 0.931 0.936 0.939 0.937 0.941 0.941 0.934 0.938 0.934 0.940 0.938 0.931 0.929 0.907 0.889 0.888 0.865 0.868 0.853 0.864 0.855 0.824 0.819 0.802 0.867 0.911
>7q66
0.913 0.916 0.911 0.916 0.941 0.937 0.911 0.908 0.897 0.887 0.913 0.917 0.919 0.925 0.931 0.936 0.939 0.937 0.941 0.941 0.934 0.938 0.934 0.940 0.938 0.931 0.929 0.907 0.889 0.888 0.865 0.868 0.853 0.864 0.855 0.824 0.819 0.802 0.867 0.911
>7q67
0.913 0.916 0.911 0.916 0.941 0.937 0.911 0.908 0.897 0.887 0.913 0.917 0.919 0.925 0.931 0.936 0.939 0.937 0.941 0.941 0.934 0.938 0.934 0.940 0.938 0.931 0.929 0.907 0.889 0.888 0.865 0.868 0.853 0.864 0.855 0.824 0.819 0.802 0.867 0.911
>7qig
0.935 0.946 0.944 0.951 0.951 0.956 0.959 0.960 0.955 0.958 0.953 0.954 0.947 0.944 0.939 0.932 0.928 0.925 0.917 0.920 0.924 0.942 0.954 0.963 0.963 0.959 0.964 0.956 0.959 0.957 0.969 0.963 0.971 0.967 0.968 0.960 0.946 0.929 0.892 0.849 0.701 0.543 0.520 0.430 0.515 0.541 0.566 0.533 0.423 0.344 0.345 0.314 0.258 0.287 0.285 0.282 0.273 0.275 0.283 0.280 0.308 0.288 0.291 0.327 0.360 0.319 0.321 0.373 0.339 0.350 0.355 0.342 0.368 0.364 0.343 0.337 0.309 0.276 0.261 0.259 0.267 0.278 0.270 0.263 0.261 0.254 0.242 0.232 0.249 0.247 0.259 0.276 0.262 0.266 0.272 0.269 0.255 0.258 0.328 0.319 0.330 0.357 0.414 0.360 0.346 0.370 0.396 0.395 0.359 0.346 0.320 0.308 0.264 0.286 0.259 0.226 0.216 0.198 0.205 0.207 0.224 0.280 0.253 0.265 0.279 0.287 0.298 0.336 0.406 0.411 0.380 0.438
>7qjv
0.921 0.918 0.934 0.933 0.928 0.928 0.936 0.934 0.937 0.940 0.941 0.946 0.944 0.944 0.949 0.953 0.955 0.955 0.954 0.953 0.956 0.955 0.961 0.963 0.968 0.967 0.971 0.971 0.973 0.975 0.975 0.977 0.977 0.979 0.980 0.979 0.979 0.979 0.979 0.979 0.980 0.981 0.981 0.982 0.982 0.983 0.983 0.983 0.983 0.983 0.983 0.983 0.983 0.983 0.983 0.983 0.983 0.982 0.983 0.983 0.983 0.983 0.983 0.983 0.983 0.983 0.983 0.983 0.983 0.983 0.983 0.983 0.983 0.984 0.983 0.983 0.984 0.984 0.984 0.984 0.984 0.984 0.984 0.984 0.984 0.984 0.984 0.984 0.984 0.984 0.984 0.984 0.984 0.984 0.984 0.983 0.984 0.984 0.984 0.983 0.983 0.982 0.982 0.982 0.982 0.982 0.981 0.982 0.981 0.981 0.982 0.981 0.982 0.981 0.981 0.981 0.981 0.980 0.980 0.981 0.980 0.980 0.980 0.980 0.980 0.981 0.980 0.980 0.981 0.981 0.980 0.981 0.981 0.981 0.981 0.981 0.982 0.982 0.982 0.982 0.983 0.983 0.983 0.984 0.984 0.985 0.985 0.985 0.985 0.985 0.985 0.985 0.985 0.985 0.985 0.985 0.985 0.985 0.985 0.985 0.985 0.985 0.986 0.985 0.986 0.986 0.986 0.985 0.985 0.985 0.985 0.985 0.986 0.986 0.985 0.985 0.985 0.985 0.985 0.985 0.985 0.985 0.985 0.985 0.985 0.985 0.985 0.985 0.985 0.985 0.985 0.985 0.985 0.985 0.986 0.986 0.985 0.985 0.985 0.985 0.985 0.986 0.986 0.986 0.985 0.985 0.985 0.985 0.986 0.985 0.985 0.985 0.985 0.985 0.985 0.985 0.985 0.984 0.984 0.984 0.984 0.984 0.984 0.984 0.984 0.983 0.983 0.983 0.983 0.983 0.983 0.983 0.982 0.982 0.982 0.983 0.983 0.981 0.981 0.981 0.980 0.979 0.979 0.978 0.978 0.978 0.977 0.977 0.978 0.977 0.977 0.977 0.976 0.976 0.974 0.973 0.973 0.969 0.965 0.963 0.964 0.963 0.963 0.959 0.946 0.938 0.929 0.892 0.908 0.918 0.900 0.879 0.907 0.907 0.902 0.903 0.897 0.911 0.941 0.954 0.954 0.951 0.953 0.953 0.955 0.953 0.948 0.951 0.943 0.941 0.956 0.957 0.948 0.954 0.938 0.943 0.919 0.941 0.933 0.918 0.915 0.905 0.907 0.888 0.832 0.770 0.941 0.945 0.947 0.957 0.940 0.925 0.811 0.898 0.496 0.689 0.302 0.479 0.512 0.750 0.918 0.915 0.928 0.941 0.901 0.904 0.913 0.926 0.944 0.950 0.949 0.944 0.945 0.950 0.938 0.927 0.812 0.744 0.690 0.672 0.575 0.627 0.603 0.532 0.570 0.553 0.558 0.560 0.475 0.590 0.407 0.446 0.645 0.775 0.802 0.853 0.883 0.906 0.912 0.921 0.934 0.938 0.942 0.946 0.949 0.957 0.956 0.953 0.954 0.952 0.950 0.953 0.957 0.959 0.952 0.952 0.958 0.957 0.958 0.954 0.948 0.952 0.950 0.954 0.957 0.958 0.959 0.963 0.962 0.966 0.968 0.968 0.968 0.969 0.969 0.969 0.965 0.968 0.970 0.973 0.972 0.971 0.971 0.971 0.970 0.971 0.971 0.971 0.972 0.974 0.972 0.971 0.968 0.969 0.966 0.960 0.953 0.944 0.939 0.932 0.932 0.935 0.923 0.900 0.877 0.859 0.847 0.866 0.900 0.889 0.887 0.869 0.853 0.819 0.820 0.795 0.766 0.819 0.828 0.808 0.807
>7qjw
0.921 0.918 0.934 0.933 0.928 0.928 0.936 0.934 0.937 0.940 0.941 0.946 0.944 0.944 0.949 0.953 0.955 0.955 0.954 0.953 0.956 0.955 0.961 0.963 0.968 0.967 0.971 0.971 0.973 0.975 0.975 0.977 0.977 0.979 0.980 0.979 0.979 0.979 0.979 0.979 0.980 0.981 0.981 0.982 0.982 0.983 0.983 0.983 0.983 0.983 0.983 0.983 0.983 0.983 0.983 0.983 0.983 0.982 0.983 0.983 0.983 0.983 0.983 0.983 0.983 0.983 0.983 0.983 0.983 0.983 0.983 0.983 0.983 0.984 0.983 0.983 0.984 0.984 0.984 0.984 0.984 0.984 0.984 0.984 0.984 0.984 0.984 0.984 0.984 0.984 0.984 0.984 0.984 0.984 0.984 0.983 0.984 0.984 0.984 0.983 0.983 0.982 0.982 0.982 0.982 0.982 0.981 0.982 0.981 0.981 0.982 0.981 0.982 0.981 0.981 0.981 0.981 0.980 0.980 0.981 0.980 0.980 0.980 0.980 0.980 0.981 0.980 0.980 0.981 0.981 0.980 0.981 0.981 0.981 0.981 0.981 0.982 0.982 0.982 0.982 0.983 0.983 0.983 0.984 0.984 0.985 0.985 0.985 0.985 0.985 0.985 0.985 0.985 0.985 0.985 0.985 0.985 0.985 0.985 0.985 0.985 0.985 0.986 0.985 0.986 0.986 0.986 0.985 0.985 0.985 0.985 0.985 0.986 0.986 0.985 0.985 0.985 0.985 0.985 0.985 0.985 0.985 0.985 0.985 0.985 0.985 0.985 0.985 0.985 0.985 0.985 0.985 0.985 0.985 0.986 0.986 0.985 0.985 0.985 0.985 0.985 0.986 0.986 0.986 0.985 0.985 0.985 0.985 0.986 0.985 0.985 0.985 0.985 0.985 0.985 0.985 0.985 0.984 0.984 0.984 0.984 0.984 0.984 0.984 0.984 0.983 0.983 0.983 0.983 0.983 0.983 0.983 0.982 0.982 0.982 0.983 0.983 0.981 0.981 0.981 0.980 0.979 0.979 0.978 0.978 0.978 0.977 0.977 0.978 0.977 0.977 0.977 0.976 0.976 0.974 0.973 0.973 0.969 0.965 0.963 0.964 0.963 0.963 0.959 0.946 0.938 0.929 0.892 0.908 0.918 0.900 0.879 0.907 0.907 0.902 0.903 0.897 0.911 0.941 0.954 0.954 0.951 0.953 0.953 0.955 0.953 0.948 0.951 0.943 0.941 0.956 0.957 0.948 0.954 0.938 0.943 0.919 0.941 0.933 0.918 0.915 0.905 0.907 0.888 0.832 0.770 0.941 0.945 0.947 0.957 0.940 0.925 0.811 0.898 0.496 0.689 0.302 0.479 0.512 0.750 0.918 0.915 0.928 0.941 0.901 0.904 0.913 0.926 0.944 0.950 0.949 0.944 0.945 0.950 0.938 0.927 0.812 0.744 0.690 0.672 0.575 0.627 0.603 0.532 0.570 0.553 0.558 0.560 0.475 0.590 0.407 0.446 0.645 0.775 0.802 0.853 0.883 0.906 0.912 0.921 0.934 0.938 0.942 0.946 0.949 0.957 0.956 0.953 0.954 0.952 0.950 0.953 0.957 0.959 0.952 0.952 0.958 0.957 0.958 0.954 0.948 0.952 0.950 0.954 0.957 0.958 0.959 0.963 0.962 0.966 0.968 0.968 0.968 0.969 0.969 0.969 0.965 0.968 0.970 0.973 0.972 0.971 0.971 0.971 0.970 0.971 0.971 0.971 0.972 0.974 0.972 0.971 0.968 0.969 0.966 0.960 0.953 0.944 0.939 0.932 0.932 0.935 0.923 0.900 0.877 0.859 0.847 0.866 0.900 0.889 0.887 0.869 0.853 0.819 0.820 0.795 0.766 0.819 0.828 0.808 0.807
>7qjx
0.921 0.918 0.934 0.933 0.928 0.928 0.936 0.934 0.937 0.940 0.941 0.946 0.944 0.944 0.949 0.953 0.955 0.955 0.954 0.953 0.956 0.955 0.961 0.963 0.968 0.967 0.971 0.971 0.973 0.975 0.975 0.977 0.977 0.979 0.980 0.979 0.979 0.979 0.979 0.979 0.980 0.981 0.981 0.982 0.982 0.983 0.983 0.983 0.983 0.983 0.983 0.983 0.983 0.983 0.983 0.983 0.983 0.982 0.983 0.983 0.983 0.983 0.983 0.983 0.983 0.983 0.983 0.983 0.983 0.983 0.983 0.983 0.983 0.984 0.983 0.983 0.984 0.984 0.984 0.984 0.984 0.984 0.984 0.984 0.984 0.984 0.984 0.984 0.984 0.984 0.984 0.984 0.984 0.984 0.984 0.983 0.984 0.984 0.984 0.983 0.983 0.982 0.982 0.982 0.982 0.982 0.981 0.982 0.981 0.981 0.982 0.981 0.982 0.981 0.981 0.981 0.981 0.980 0.980 0.981 0.980 0.980 0.980 0.980 0.980 0.981 0.980 0.980 0.981 0.981 0.980 0.981 0.981 0.981 0.981 0.981 0.982 0.982 0.982 0.982 0.983 0.983 0.983 0.984 0.984 0.985 0.985 0.985 0.985 0.985 0.985 0.985 0.985 0.985 0.985 0.985 0.985 0.985 0.985 0.985 0.985 0.985 0.986 0.985 0.986 0.986 0.986 0.985 0.985 0.985 0.985 0.985 0.986 0.986 0.985 0.985 0.985 0.985 0.985 0.985 0.985 0.985 0.985 0.985 0.985 0.985 0.985 0.985 0.985 0.985 0.985 0.985 0.985 0.985 0.986 0.986 0.985 0.985 0.985 0.985 0.985 0.986 0.986 0.986 0.985 0.985 0.985 0.985 0.986 0.985 0.985 0.985 0.985 0.985 0.985 0.985 0.985 0.984 0.984 0.984 0.984 0.984 0.984 0.984 0.984 0.983 0.983 0.983 0.983 0.983 0.983 0.983 0.982 0.982 0.982 0.983 0.983 0.981 0.981 0.981 0.980 0.979 0.979 0.978 0.978 0.978 0.977 0.977 0.978 0.977 0.977 0.977 0.976 0.976 0.974 0.973 0.973 0.969 0.965 0.963 0.964 0.963 0.963 0.959 0.946 0.938 0.929 0.892 0.908 0.918 0.900 0.879 0.907 0.907 0.902 0.903 0.897 0.911 0.941 0.954 0.954 0.951 0.953 0.953 0.955 0.953 0.948 0.951 0.943 0.941 0.956 0.957 0.948 0.954 0.938 0.943 0.919 0.941 0.933 0.918 0.915 0.905 0.907 0.888 0.832 0.770 0.941 0.945 0.947 0.957 0.940 0.925 0.811 0.898 0.496 0.689 0.302 0.479 0.512 0.750 0.918 0.915 0.928 0.941 0.901 0.904 0.913 0.926 0.944 0.950 0.949 0.944 0.945 0.950 0.938 0.927 0.812 0.744 0.690 0.672 0.575 0.627 0.603 0.532 0.570 0.553 0.558 0.560 0.475 0.590 0.407 0.446 0.645 0.775 0.802 0.853 0.883 0.906 0.912 0.921 0.934 0.938 0.942 0.946 0.949 0.957 0.956 0.953 0.954 0.952 0.950 0.953 0.957 0.959 0.952 0.952 0.958 0.957 0.958 0.954 0.948 0.952 0.950 0.954 0.957 0.958 0.959 0.963 0.962 0.966 0.968 0.968 0.968 0.969 0.969 0.969 0.965 0.968 0.970 0.973 0.972 0.971 0.971 0.971 0.970 0.971 0.971 0.971 0.972 0.974 0.972 0.971 0.968 0.969 0.966 0.960 0.953 0.944 0.939 0.932 0.932 0.935 0.923 0.900 0.877 0.859 0.847 0.866 0.900 0.889 0.887 0.869 0.853 0.819 0.820 0.795 0.766 0.819 0.828 0.808 0.807
>7qjy
0.921 0.918 0.934 0.933 0.928 0.928 0.936 0.934 0.937 0.940 0.941 0.946 0.944 0.944 0.949 0.953 0.955 0.955 0.954 0.953 0.956 0.955 0.961 0.963 0.968 0.967 0.971 0.971 0.973 0.975 0.975 0.977 0.977 0.979 0.980 0.979 0.979 0.979 0.979 0.979 0.980 0.981 0.981 0.982 0.982 0.983 0.983 0.983 0.983 0.983 0.983 0.983 0.983 0.983 0.983 0.983 0.983 0.982 0.983 0.983 0.983 0.983 0.983 0.983 0.983 0.983 0.983 0.983 0.983 0.983 0.983 0.983 0.983 0.984 0.983 0.983 0.984 0.984 0.984 0.984 0.984 0.984 0.984 0.984 0.984 0.984 0.984 0.984 0.984 0.984 0.984 0.984 0.984 0.984 0.984 0.983 0.984 0.984 0.984 0.983 0.983 0.982 0.982 0.982 0.982 0.982 0.981 0.982 0.981 0.981 0.982 0.981 0.982 0.981 0.981 0.981 0.981 0.980 0.980 0.981 0.980 0.980 0.980 0.980 0.980 0.981 0.980 0.980 0.981 0.981 0.980 0.981 0.981 0.981 0.981 0.981 0.982 0.982 0.982 0.982 0.983 0.983 0.983 0.984 0.984 0.985 0.985 0.985 0.985 0.985 0.985 0.985 0.985 0.985 0.985 0.985 0.985 0.985 0.985 0.985 0.985 0.985 0.986 0.985 0.986 0.986 0.986 0.985 0.985 0.985 0.985 0.985 0.986 0.986 0.985 0.985 0.985 0.985 0.985 0.985 0.985 0.985 0.985 0.985 0.985 0.985 0.985 0.985 0.985 0.985 0.985 0.985 0.985 0.985 0.986 0.986 0.985 0.985 0.985 0.985 0.985 0.986 0.986 0.986 0.985 0.985 0.985 0.985 0.986 0.985 0.985 0.985 0.985 0.985 0.985 0.985 0.985 0.984 0.984 0.984 0.984 0.984 0.984 0.984 0.984 0.983 0.983 0.983 0.983 0.983 0.983 0.983 0.982 0.982 0.982 0.983 0.983 0.981 0.981 0.981 0.980 0.979 0.979 0.978 0.978 0.978 0.977 0.977 0.978 0.977 0.977 0.977 0.976 0.976 0.974 0.973 0.973 0.969 0.965 0.963 0.964 0.963 0.963 0.959 0.946 0.938 0.929 0.892 0.908 0.918 0.900 0.879 0.907 0.907 0.902 0.903 0.897 0.911 0.941 0.954 0.954 0.951 0.953 0.953 0.955 0.953 0.948 0.951 0.943 0.941 0.956 0.957 0.948 0.954 0.938 0.943 0.919 0.941 0.933 0.918 0.915 0.905 0.907 0.888 0.832 0.770 0.941 0.945 0.947 0.957 0.940 0.925 0.811 0.898 0.496 0.689 0.302 0.479 0.512 0.750 0.918 0.915 0.928 0.941 0.901 0.904 0.913 0.926 0.944 0.950 0.949 0.944 0.945 0.950 0.938 0.927 0.812 0.744 0.690 0.672 0.575 0.627 0.603 0.532 0.570 0.553 0.558 0.560 0.475 0.590 0.407 0.446 0.645 0.775 0.802 0.853 0.883 0.906 0.912 0.921 0.934 0.938 0.942 0.946 0.949 0.957 0.956 0.953 0.954 0.952 0.950 0.953 0.957 0.959 0.952 0.952 0.958 0.957 0.958 0.954 0.948 0.952 0.950 0.954 0.957 0.958 0.959 0.963 0.962 0.966 0.968 0.968 0.968 0.969 0.969 0.969 0.965 0.968 0.970 0.973 0.972 0.971 0.971 0.971 0.970 0.971 0.971 0.971 0.972 0.974 0.972 0.971 0.968 0.969 0.966 0.960 0.953 0.944 0.939 0.932 0.932 0.935 0.923 0.900 0.877 0.859 0.847 0.866 0.900 0.889 0.887 0.869 0.853 0.819 0.820 0.795 0.766 0.819 0.828 0.808 0.807
>7qjz
0.921 0.918 0.934 0.933 0.928 0.928 0.936 0.934 0.937 0.940 0.941 0.946 0.944 0.944 0.949 0.953 0.955 0.955 0.954 0.953 0.956 0.955 0.961 0.963 0.968 0.967 0.971 0.971 0.973 0.975 0.975 0.977 0.977 0.979 0.980 0.979 0.979 0.979 0.979 0.979 0.980 0.981 0.981 0.982 0.982 0.983 0.983 0.983 0.983 0.983 0.983 0.983 0.983 0.983 0.983 0.983 0.983 0.982 0.983 0.983 0.983 0.983 0.983 0.983 0.983 0.983 0.983 0.983 0.983 0.983 0.983 0.983 0.983 0.984 0.983 0.983 0.984 0.984 0.984 0.984 0.984 0.984 0.984 0.984 0.984 0.984 0.984 0.984 0.984 0.984 0.984 0.984 0.984 0.984 0.984 0.983 0.984 0.984 0.984 0.983 0.983 0.982 0.982 0.982 0.982 0.982 0.981 0.982 0.981 0.981 0.982 0.981 0.982 0.981 0.981 0.981 0.981 0.980 0.980 0.981 0.980 0.980 0.980 0.980 0.980 0.981 0.980 0.980 0.981 0.981 0.980 0.981 0.981 0.981 0.981 0.981 0.982 0.982 0.982 0.982 0.983 0.983 0.983 0.984 0.984 0.985 0.985 0.985 0.985 0.985 0.985 0.985 0.985 0.985 0.985 0.985 0.985 0.985 0.985 0.985 0.985 0.985 0.986 0.985 0.986 0.986 0.986 0.985 0.985 0.985 0.985 0.985 0.986 0.986 0.985 0.985 0.985 0.985 0.985 0.985 0.985 0.985 0.985 0.985 0.985 0.985 0.985 0.985 0.985 0.985 0.985 0.985 0.985 0.985 0.986 0.986 0.985 0.985 0.985 0.985 0.985 0.986 0.986 0.986 0.985 0.985 0.985 0.985 0.986 0.985 0.985 0.985 0.985 0.985 0.985 0.985 0.985 0.984 0.984 0.984 0.984 0.984 0.984 0.984 0.984 0.983 0.983 0.983 0.983 0.983 0.983 0.983 0.982 0.982 0.982 0.983 0.983 0.981 0.981 0.981 0.980 0.979 0.979 0.978 0.978 0.978 0.977 0.977 0.978 0.977 0.977 0.977 0.976 0.976 0.974 0.973 0.973 0.969 0.965 0.963 0.964 0.963 0.963 0.959 0.946 0.938 0.929 0.892 0.908 0.918 0.900 0.879 0.907 0.907 0.902 0.903 0.897 0.911 0.941 0.954 0.954 0.951 0.953 0.953 0.955 0.953 0.948 0.951 0.943 0.941 0.956 0.957 0.948 0.954 0.938 0.943 0.919 0.941 0.933 0.918 0.915 0.905 0.907 0.888 0.832 0.770 0.941 0.945 0.947 0.957 0.940 0.925 0.811 0.898 0.496 0.689 0.302 0.479 0.512 0.750 0.918 0.915 0.928 0.941 0.901 0.904 0.913 0.926 0.944 0.950 0.949 0.944 0.945 0.950 0.938 0.927 0.812 0.744 0.690 0.672 0.575 0.627 0.603 0.532 0.570 0.553 0.558 0.560 0.475 0.590 0.407 0.446 0.645 0.775 0.802 0.853 0.883 0.906 0.912 0.921 0.934 0.938 0.942 0.946 0.949 0.957 0.956 0.953 0.954 0.952 0.950 0.953 0.957 0.959 0.952 0.952 0.958 0.957 0.958 0.954 0.948 0.952 0.950 0.954 0.957 0.958 0.959 0.963 0.962 0.966 0.968 0.968 0.968 0.969 0.969 0.969 0.965 0.968 0.970 0.973 0.972 0.971 0.971 0.971 0.970 0.971 0.971 0.971 0.972 0.974 0.972 0.971 0.968 0.969 0.966 0.960 0.953 0.944 0.939 0.932 0.932 0.935 0.923 0.900 0.877 0.859 0.847 0.866 0.900 0.889 0.887 0.869 0.853 0.819 0.820 0.795 0.766 0.819 0.828 0.808 0.807
>7qk1
0.921 0.918 0.934 0.933 0.928 0.928 0.936 0.934 0.937 0.940 0.941 0.946 0.944 0.944 0.949 0.953 0.955 0.955 0.954 0.953 0.956 0.955 0.961 0.963 0.968 0.967 0.971 0.971 0.973 0.975 0.975 0.977 0.977 0.979 0.980 0.979 0.979 0.979 0.979 0.979 0.980 0.981 0.981 0.982 0.982 0.983 0.983 0.983 0.983 0.983 0.983 0.983 0.983 0.983 0.983 0.983 0.983 0.982 0.983 0.983 0.983 0.983 0.983 0.983 0.983 0.983 0.983 0.983 0.983 0.983 0.983 0.983 0.983 0.984 0.983 0.983 0.984 0.984 0.984 0.984 0.984 0.984 0.984 0.984 0.984 0.984 0.984 0.984 0.984 0.984 0.984 0.984 0.984 0.984 0.984 0.983 0.984 0.984 0.984 0.983 0.983 0.982 0.982 0.982 0.982 0.982 0.981 0.982 0.981 0.981 0.982 0.981 0.982 0.981 0.981 0.981 0.981 0.980 0.980 0.981 0.980 0.980 0.980 0.980 0.980 0.981 0.980 0.980 0.981 0.981 0.980 0.981 0.981 0.981 0.981 0.981 0.982 0.982 0.982 0.982 0.983 0.983 0.983 0.984 0.984 0.985 0.985 0.985 0.985 0.985 0.985 0.985 0.985 0.985 0.985 0.985 0.985 0.985 0.985 0.985 0.985 0.985 0.986 0.985 0.986 0.986 0.986 0.985 0.985 0.985 0.985 0.985 0.986 0.986 0.985 0.985 0.985 0.985 0.985 0.985 0.985 0.985 0.985 0.985 0.985 0.985 0.985 0.985 0.985 0.985 0.985 0.985 0.985 0.985 0.986 0.986 0.985 0.985 0.985 0.985 0.985 0.986 0.986 0.986 0.985 0.985 0.985 0.985 0.986 0.985 0.985 0.985 0.985 0.985 0.985 0.985 0.985 0.984 0.984 0.984 0.984 0.984 0.984 0.984 0.984 0.983 0.983 0.983 0.983 0.983 0.983 0.983 0.982 0.982 0.982 0.983 0.983 0.981 0.981 0.981 0.980 0.979 0.979 0.978 0.978 0.978 0.977 0.977 0.978 0.977 0.977 0.977 0.976 0.976 0.974 0.973 0.973 0.969 0.965 0.963 0.964 0.963 0.963 0.959 0.946 0.938 0.929 0.892 0.908 0.918 0.900 0.879 0.907 0.907 0.902 0.903 0.897 0.911 0.941 0.954 0.954 0.951 0.953 0.953 0.955 0.953 0.948 0.951 0.943 0.941 0.956 0.957 0.948 0.954 0.938 0.943 0.919 0.941 0.933 0.918 0.915 0.905 0.907 0.888 0.832 0.770 0.941 0.945 0.947 0.957 0.940 0.925 0.811 0.898 0.496 0.689 0.302 0.479 0.512 0.750 0.918 0.915 0.928 0.941 0.901 0.904 0.913 0.926 0.944 0.950 0.949 0.944 0.945 0.950 0.938 0.927 0.812 0.744 0.690 0.672 0.575 0.627 0.603 0.532 0.570 0.553 0.558 0.560 0.475 0.590 0.407 0.446 0.645 0.775 0.802 0.853 0.883 0.906 0.912 0.921 0.934 0.938 0.942 0.946 0.949 0.957 0.956 0.953 0.954 0.952 0.950 0.953 0.957 0.959 0.952 0.952 0.958 0.957 0.958 0.954 0.948 0.952 0.950 0.954 0.957 0.958 0.959 0.963 0.962 0.966 0.968 0.968 0.968 0.969 0.969 0.969 0.965 0.968 0.970 0.973 0.972 0.971 0.971 0.971 0.970 0.971 0.971 0.971 0.972 0.974 0.972 0.971 0.968 0.969 0.966 0.960 0.953 0.944 0.939 0.932 0.932 0.935 0.923 0.900 0.877 0.859 0.847 0.866 0.900 0.889 0.887 0.869 0.853 0.819 0.820 0.795 0.766 0.819 0.828 0.808 0.807
>7qk2
0.921 0.918 0.934 0.933 0.928 0.928 0.936 0.934 0.937 0.940 0.941 0.946 0.944 0.944 0.949 0.953 0.955 0.955 0.954 0.953 0.956 0.955 0.961 0.963 0.968 0.967 0.971 0.971 0.973 0.975 0.975 0.977 0.977 0.979 0.980 0.979 0.979 0.979 0.979 0.979 0.980 0.981 0.981 0.982 0.982 0.983 0.983 0.983 0.983 0.983 0.983 0.983 0.983 0.983 0.983 0.983 0.983 0.982 0.983 0.983 0.983 0.983 0.983 0.983 0.983 0.983 0.983 0.983 0.983 0.983 0.983 0.983 0.983 0.984 0.983 0.983 0.984 0.984 0.984 0.984 0.984 0.984 0.984 0.984 0.984 0.984 0.984 0.984 0.984 0.984 0.984 0.984 0.984 0.984 0.984 0.983 0.984 0.984 0.984 0.983 0.983 0.982 0.982 0.982 0.982 0.982 0.981 0.982 0.981 0.981 0.982 0.981 0.982 0.981 0.981 0.981 0.981 0.980 0.980 0.981 0.980 0.980 0.980 0.980 0.980 0.981 0.980 0.980 0.981 0.981 0.980 0.981 0.981 0.981 0.981 0.981 0.982 0.982 0.982 0.982 0.983 0.983 0.983 0.984 0.984 0.985 0.985 0.985 0.985 0.985 0.985 0.985 0.985 0.985 0.985 0.985 0.985 0.985 0.985 0.985 0.985 0.985 0.986 0.985 0.986 0.986 0.986 0.985 0.985 0.985 0.985 0.985 0.986 0.986 0.985 0.985 0.985 0.985 0.985 0.985 0.985 0.985 0.985 0.985 0.985 0.985 0.985 0.985 0.985 0.985 0.985 0.985 0.985 0.985 0.986 0.986 0.985 0.985 0.985 0.985 0.985 0.986 0.986 0.986 0.985 0.985 0.985 0.985 0.986 0.985 0.985 0.985 0.985 0.985 0.985 0.985 0.985 0.984 0.984 0.984 0.984 0.984 0.984 0.984 0.984 0.983 0.983 0.983 0.983 0.983 0.983 0.983 0.982 0.982 0.982 0.983 0.983 0.981 0.981 0.981 0.980 0.979 0.979 0.978 0.978 0.978 0.977 0.977 0.978 0.977 0.977 0.977 0.976 0.976 0.974 0.973 0.973 0.969 0.965 0.963 0.964 0.963 0.963 0.959 0.946 0.938 0.929 0.892 0.908 0.918 0.900 0.879 0.907 0.907 0.902 0.903 0.897 0.911 0.941 0.954 0.954 0.951 0.953 0.953 0.955 0.953 0.948 0.951 0.943 0.941 0.956 0.957 0.948 0.954 0.938 0.943 0.919 0.941 0.933 0.918 0.915 0.905 0.907 0.888 0.832 0.770 0.941 0.945 0.947 0.957 0.940 0.925 0.811 0.898 0.496 0.689 0.302 0.479 0.512 0.750 0.918 0.915 0.928 0.941 0.901 0.904 0.913 0.926 0.944 0.950 0.949 0.944 0.945 0.950 0.938 0.927 0.812 0.744 0.690 0.672 0.575 0.627 0.603 0.532 0.570 0.553 0.558 0.560 0.475 0.590 0.407 0.446 0.645 0.775 0.802 0.853 0.883 0.906 0.912 0.921 0.934 0.938 0.942 0.946 0.949 0.957 0.956 0.953 0.954 0.952 0.950 0.953 0.957 0.959 0.952 0.952 0.958 0.957 0.958 0.954 0.948 0.952 0.950 0.954 0.957 0.958 0.959 0.963 0.962 0.966 0.968 0.968 0.968 0.969 0.969 0.969 0.965 0.968 0.970 0.973 0.972 0.971 0.971 0.971 0.970 0.971 0.971 0.971 0.972 0.974 0.972 0.971 0.968 0.969 0.966 0.960 0.953 0.944 0.939 0.932 0.932 0.935 0.923 0.900 0.877 0.859 0.847 0.866 0.900 0.889 0.887 0.869 0.853 0.819 0.820 0.795 0.766 0.819 0.828 0.808 0.807
>7qk3
0.921 0.918 0.934 0.933 0.928 0.928 0.936 0.934 0.937 0.940 0.941 0.946 0.944 0.944 0.949 0.953 0.955 0.955 0.954 0.953 0.956 0.955 0.961 0.963 0.968 0.967 0.971 0.971 0.973 0.975 0.975 0.977 0.977 0.979 0.980 0.979 0.979 0.979 0.979 0.979 0.980 0.981 0.981 0.982 0.982 0.983 0.983 0.983 0.983 0.983 0.983 0.983 0.983 0.983 0.983 0.983 0.983 0.982 0.983 0.983 0.983 0.983 0.983 0.983 0.983 0.983 0.983 0.983 0.983 0.983 0.983 0.983 0.983 0.984 0.983 0.983 0.984 0.984 0.984 0.984 0.984 0.984 0.984 0.984 0.984 0.984 0.984 0.984 0.984 0.984 0.984 0.984 0.984 0.984 0.984 0.983 0.984 0.984 0.984 0.983 0.983 0.982 0.982 0.982 0.982 0.982 0.981 0.982 0.981 0.981 0.982 0.981 0.982 0.981 0.981 0.981 0.981 0.980 0.980 0.981 0.980 0.980 0.980 0.980 0.980 0.981 0.980 0.980 0.981 0.981 0.980 0.981 0.981 0.981 0.981 0.981 0.982 0.982 0.982 0.982 0.983 0.983 0.983 0.984 0.984 0.985 0.985 0.985 0.985 0.985 0.985 0.985 0.985 0.985 0.985 0.985 0.985 0.985 0.985 0.985 0.985 0.985 0.986 0.985 0.986 0.986 0.986 0.985 0.985 0.985 0.985 0.985 0.986 0.986 0.985 0.985 0.985 0.985 0.985 0.985 0.985 0.985 0.985 0.985 0.985 0.985 0.985 0.985 0.985 0.985 0.985 0.985 0.985 0.985 0.986 0.986 0.985 0.985 0.985 0.985 0.985 0.986 0.986 0.986 0.985 0.985 0.985 0.985 0.986 0.985 0.985 0.985 0.985 0.985 0.985 0.985 0.985 0.984 0.984 0.984 0.984 0.984 0.984 0.984 0.984 0.983 0.983 0.983 0.983 0.983 0.983 0.983 0.982 0.982 0.982 0.983 0.983 0.981 0.981 0.981 0.980 0.979 0.979 0.978 0.978 0.978 0.977 0.977 0.978 0.977 0.977 0.977 0.976 0.976 0.974 0.973 0.973 0.969 0.965 0.963 0.964 0.963 0.963 0.959 0.946 0.938 0.929 0.892 0.908 0.918 0.900 0.879 0.907 0.907 0.902 0.903 0.897 0.911 0.941 0.954 0.954 0.951 0.953 0.953 0.955 0.953 0.948 0.951 0.943 0.941 0.956 0.957 0.948 0.954 0.938 0.943 0.919 0.941 0.933 0.918 0.915 0.905 0.907 0.888 0.832 0.770 0.941 0.945 0.947 0.957 0.940 0.925 0.811 0.898 0.496 0.689 0.302 0.479 0.512 0.750 0.918 0.915 0.928 0.941 0.901 0.904 0.913 0.926 0.944 0.950 0.949 0.944 0.945 0.950 0.938 0.927 0.812 0.744 0.690 0.672 0.575 0.627 0.603 0.532 0.570 0.553 0.558 0.560 0.475 0.590 0.407 0.446 0.645 0.775 0.802 0.853 0.883 0.906 0.912 0.921 0.934 0.938 0.942 0.946 0.949 0.957 0.956 0.953 0.954 0.952 0.950 0.953 0.957 0.959 0.952 0.952 0.958 0.957 0.958 0.954 0.948 0.952 0.950 0.954 0.957 0.958 0.959 0.963 0.962 0.966 0.968 0.968 0.968 0.969 0.969 0.969 0.965 0.968 0.970 0.973 0.972 0.971 0.971 0.971 0.970 0.971 0.971 0.971 0.972 0.974 0.972 0.971 0.968 0.969 0.966 0.960 0.953 0.944 0.939 0.932 0.932 0.935 0.923 0.900 0.877 0.859 0.847 0.866 0.900 0.889 0.887 0.869 0.853 0.819 0.820 0.795 0.766 0.819 0.828 0.808 0.807
>7qk5
0.921 0.918 0.934 0.933 0.928 0.928 0.936 0.934 0.937 0.940 0.941 0.946 0.944 0.944 0.949 0.953 0.955 0.955 0.954 0.953 0.956 0.955 0.961 0.963 0.968 0.967 0.971 0.971 0.973 0.975 0.975 0.977 0.977 0.979 0.980 0.979 0.979 0.979 0.979 0.979 0.980 0.981 0.981 0.982 0.982 0.983 0.983 0.983 0.983 0.983 0.983 0.983 0.983 0.983 0.983 0.983 0.983 0.982 0.983 0.983 0.983 0.983 0.983 0.983 0.983 0.983 0.983 0.983 0.983 0.983 0.983 0.983 0.983 0.984 0.983 0.983 0.984 0.984 0.984 0.984 0.984 0.984 0.984 0.984 0.984 0.984 0.984 0.984 0.984 0.984 0.984 0.984 0.984 0.984 0.984 0.983 0.984 0.984 0.984 0.983 0.983 0.982 0.982 0.982 0.982 0.982 0.981 0.982 0.981 0.981 0.982 0.981 0.982 0.981 0.981 0.981 0.981 0.980 0.980 0.981 0.980 0.980 0.980 0.980 0.980 0.981 0.980 0.980 0.981 0.981 0.980 0.981 0.981 0.981 0.981 0.981 0.982 0.982 0.982 0.982 0.983 0.983 0.983 0.984 0.984 0.985 0.985 0.985 0.985 0.985 0.985 0.985 0.985 0.985 0.985 0.985 0.985 0.985 0.985 0.985 0.985 0.985 0.986 0.985 0.986 0.986 0.986 0.985 0.985 0.985 0.985 0.985 0.986 0.986 0.985 0.985 0.985 0.985 0.985 0.985 0.985 0.985 0.985 0.985 0.985 0.985 0.985 0.985 0.985 0.985 0.985 0.985 0.985 0.985 0.986 0.986 0.985 0.985 0.985 0.985 0.985 0.986 0.986 0.986 0.985 0.985 0.985 0.985 0.986 0.985 0.985 0.985 0.985 0.985 0.985 0.985 0.985 0.984 0.984 0.984 0.984 0.984 0.984 0.984 0.984 0.983 0.983 0.983 0.983 0.983 0.983 0.983 0.982 0.982 0.982 0.983 0.983 0.981 0.981 0.981 0.980 0.979 0.979 0.978 0.978 0.978 0.977 0.977 0.978 0.977 0.977 0.977 0.976 0.976 0.974 0.973 0.973 0.969 0.965 0.963 0.964 0.963 0.963 0.959 0.946 0.938 0.929 0.892 0.908 0.918 0.900 0.879 0.907 0.907 0.902 0.903 0.897 0.911 0.941 0.954 0.954 0.951 0.953 0.953 0.955 0.953 0.948 0.951 0.943 0.941 0.956 0.957 0.948 0.954 0.938 0.943 0.919 0.941 0.933 0.918 0.915 0.905 0.907 0.888 0.832 0.770 0.941 0.945 0.947 0.957 0.940 0.925 0.811 0.898 0.496 0.689 0.302 0.479 0.512 0.750 0.918 0.915 0.928 0.941 0.901 0.904 0.913 0.926 0.944 0.950 0.949 0.944 0.945 0.950 0.938 0.927 0.812 0.744 0.690 0.672 0.575 0.627 0.603 0.532 0.570 0.553 0.558 0.560 0.475 0.590 0.407 0.446 0.645 0.775 0.802 0.853 0.883 0.906 0.912 0.921 0.934 0.938 0.942 0.946 0.949 0.957 0.956 0.953 0.954 0.952 0.950 0.953 0.957 0.959 0.952 0.952 0.958 0.957 0.958 0.954 0.948 0.952 0.950 0.954 0.957 0.958 0.959 0.963 0.962 0.966 0.968 0.968 0.968 0.969 0.969 0.969 0.965 0.968 0.970 0.973 0.972 0.971 0.971 0.971 0.970 0.971 0.971 0.971 0.972 0.974 0.972 0.971 0.968 0.969 0.966 0.960 0.953 0.944 0.939 0.932 0.932 0.935 0.923 0.900 0.877 0.859 0.847 0.866 0.900 0.889 0.887 0.869 0.853 0.819 0.820 0.795 0.766 0.819 0.828 0.808 0.807
>7qk6
0.921 0.918 0.934 0.933 0.928 0.928 0.936 0.934 0.937 0.940 0.941 0.946 0.944 0.944 0.949 0.953 0.955 0.955 0.954 0.953 0.956 0.955 0.961 0.963 0.968 0.967 0.971 0.971 0.973 0.975 0.975 0.977 0.977 0.979 0.980 0.979 0.979 0.979 0.979 0.979 0.980 0.981 0.981 0.982 0.982 0.983 0.983 0.983 0.983 0.983 0.983 0.983 0.983 0.983 0.983 0.983 0.983 0.982 0.983 0.983 0.983 0.983 0.983 0.983 0.983 0.983 0.983 0.983 0.983 0.983 0.983 0.983 0.983 0.984 0.983 0.983 0.984 0.984 0.984 0.984 0.984 0.984 0.984 0.984 0.984 0.984 0.984 0.984 0.984 0.984 0.984 0.984 0.984 0.984 0.984 0.983 0.984 0.984 0.984 0.983 0.983 0.982 0.982 0.982 0.982 0.982 0.981 0.982 0.981 0.981 0.982 0.981 0.982 0.981 0.981 0.981 0.981 0.980 0.980 0.981 0.980 0.980 0.980 0.980 0.980 0.981 0.980 0.980 0.981 0.981 0.980 0.981 0.981 0.981 0.981 0.981 0.982 0.982 0.982 0.982 0.983 0.983 0.983 0.984 0.984 0.985 0.985 0.985 0.985 0.985 0.985 0.985 0.985 0.985 0.985 0.985 0.985 0.985 0.985 0.985 0.985 0.985 0.986 0.985 0.986 0.986 0.986 0.985 0.985 0.985 0.985 0.985 0.986 0.986 0.985 0.985 0.985 0.985 0.985 0.985 0.985 0.985 0.985 0.985 0.985 0.985 0.985 0.985 0.985 0.985 0.985 0.985 0.985 0.985 0.986 0.986 0.985 0.985 0.985 0.985 0.985 0.986 0.986 0.986 0.985 0.985 0.985 0.985 0.986 0.985 0.985 0.985 0.985 0.985 0.985 0.985 0.985 0.984 0.984 0.984 0.984 0.984 0.984 0.984 0.984 0.983 0.983 0.983 0.983 0.983 0.983 0.983 0.982 0.982 0.982 0.983 0.983 0.981 0.981 0.981 0.980 0.979 0.979 0.978 0.978 0.978 0.977 0.977 0.978 0.977 0.977 0.977 0.976 0.976 0.974 0.973 0.973 0.969 0.965 0.963 0.964 0.963 0.963 0.959 0.946 0.938 0.929 0.892 0.908 0.918 0.900 0.879 0.907 0.907 0.902 0.903 0.897 0.911 0.941 0.954 0.954 0.951 0.953 0.953 0.955 0.953 0.948 0.951 0.943 0.941 0.956 0.957 0.948 0.954 0.938 0.943 0.919 0.941 0.933 0.918 0.915 0.905 0.907 0.888 0.832 0.770 0.941 0.945 0.947 0.957 0.940 0.925 0.811 0.898 0.496 0.689 0.302 0.479 0.512 0.750 0.918 0.915 0.928 0.941 0.901 0.904 0.913 0.926 0.944 0.950 0.949 0.944 0.945 0.950 0.938 0.927 0.812 0.744 0.690 0.672 0.575 0.627 0.603 0.532 0.570 0.553 0.558 0.560 0.475 0.590 0.407 0.446 0.645 0.775 0.802 0.853 0.883 0.906 0.912 0.921 0.934 0.938 0.942 0.946 0.949 0.957 0.956 0.953 0.954 0.952 0.950 0.953 0.957 0.959 0.952 0.952 0.958 0.957 0.958 0.954 0.948 0.952 0.950 0.954 0.957 0.958 0.959 0.963 0.962 0.966 0.968 0.968 0.968 0.969 0.969 0.969 0.965 0.968 0.970 0.973 0.972 0.971 0.971 0.971 0.970 0.971 0.971 0.971 0.972 0.974 0.972 0.971 0.968 0.969 0.966 0.960 0.953 0.944 0.939 0.932 0.932 0.935 0.923 0.900 0.877 0.859 0.847 0.866 0.900 0.889 0.887 0.869 0.853 0.819 0.820 0.795 0.766 0.819 0.828 0.808 0.807
>7qkf
0.921 0.918 0.934 0.933 0.928 0.928 0.936 0.934 0.937 0.940 0.941 0.946 0.944 0.944 0.949 0.953 0.955 0.955 0.954 0.953 0.956 0.955 0.961 0.963 0.968 0.967 0.971 0.971 0.973 0.975 0.975 0.977 0.977 0.979 0.980 0.979 0.979 0.979 0.979 0.979 0.980 0.981 0.981 0.982 0.982 0.983 0.983 0.983 0.983 0.983 0.983 0.983 0.983 0.983 0.983 0.983 0.983 0.982 0.983 0.983 0.983 0.983 0.983 0.983 0.983 0.983 0.983 0.983 0.983 0.983 0.983 0.983 0.983 0.984 0.983 0.983 0.984 0.984 0.984 0.984 0.984 0.984 0.984 0.984 0.984 0.984 0.984 0.984 0.984 0.984 0.984 0.984 0.984 0.984 0.984 0.983 0.984 0.984 0.984 0.983 0.983 0.982 0.982 0.982 0.982 0.982 0.981 0.982 0.981 0.981 0.982 0.981 0.982 0.981 0.981 0.981 0.981 0.980 0.980 0.981 0.980 0.980 0.980 0.980 0.980 0.981 0.980 0.980 0.981 0.981 0.980 0.981 0.981 0.981 0.981 0.981 0.982 0.982 0.982 0.982 0.983 0.983 0.983 0.984 0.984 0.985 0.985 0.985 0.985 0.985 0.985 0.985 0.985 0.985 0.985 0.985 0.985 0.985 0.985 0.985 0.985 0.985 0.986 0.985 0.986 0.986 0.986 0.985 0.985 0.985 0.985 0.985 0.986 0.986 0.985 0.985 0.985 0.985 0.985 0.985 0.985 0.985 0.985 0.985 0.985 0.985 0.985 0.985 0.985 0.985 0.985 0.985 0.985 0.985 0.986 0.986 0.985 0.985 0.985 0.985 0.985 0.986 0.986 0.986 0.985 0.985 0.985 0.985 0.986 0.985 0.985 0.985 0.985 0.985 0.985 0.985 0.985 0.984 0.984 0.984 0.984 0.984 0.984 0.984 0.984 0.983 0.983 0.983 0.983 0.983 0.983 0.983 0.982 0.982 0.982 0.983 0.983 0.981 0.981 0.981 0.980 0.979 0.979 0.978 0.978 0.978 0.977 0.977 0.978 0.977 0.977 0.977 0.976 0.976 0.974 0.973 0.973 0.969 0.965 0.963 0.964 0.963 0.963 0.959 0.946 0.938 0.929 0.892 0.908 0.918 0.900 0.879 0.907 0.907 0.902 0.903 0.897 0.911 0.941 0.954 0.954 0.951 0.953 0.953 0.955 0.953 0.948 0.951 0.943 0.941 0.956 0.957 0.948 0.954 0.938 0.943 0.919 0.941 0.933 0.918 0.915 0.905 0.907 0.888 0.832 0.770 0.941 0.945 0.947 0.957 0.940 0.925 0.811 0.898 0.496 0.689 0.302 0.479 0.512 0.750 0.918 0.915 0.928 0.941 0.901 0.904 0.913 0.926 0.944 0.950 0.949 0.944 0.945 0.950 0.938 0.927 0.812 0.744 0.690 0.672 0.575 0.627 0.603 0.532 0.570 0.553 0.558 0.560 0.475 0.590 0.407 0.446 0.645 0.775 0.802 0.853 0.883 0.906 0.912 0.921 0.934 0.938 0.942 0.946 0.949 0.957 0.956 0.953 0.954 0.952 0.950 0.953 0.957 0.959 0.952 0.952 0.958 0.957 0.958 0.954 0.948 0.952 0.950 0.954 0.957 0.958 0.959 0.963 0.962 0.966 0.968 0.968 0.968 0.969 0.969 0.969 0.965 0.968 0.970 0.973 0.972 0.971 0.971 0.971 0.970 0.971 0.971 0.971 0.972 0.974 0.972 0.971 0.968 0.969 0.966 0.960 0.953 0.944 0.939 0.932 0.932 0.935 0.923 0.900 0.877 0.859 0.847 0.866 0.900 0.889 0.887 0.869 0.853 0.819 0.820 0.795 0.766 0.819 0.828 0.808 0.807
>7qkg
0.921 0.918 0.934 0.933 0.928 0.928 0.936 0.934 0.937 0.940 0.941 0.946 0.944 0.944 0.949 0.953 0.955 0.955 0.954 0.953 0.956 0.955 0.961 0.963 0.968 0.967 0.971 0.971 0.973 0.975 0.975 0.977 0.977 0.979 0.980 0.979 0.979 0.979 0.979 0.979 0.980 0.981 0.981 0.982 0.982 0.983 0.983 0.983 0.983 0.983 0.983 0.983 0.983 0.983 0.983 0.983 0.983 0.982 0.983 0.983 0.983 0.983 0.983 0.983 0.983 0.983 0.983 0.983 0.983 0.983 0.983 0.983 0.983 0.984 0.983 0.983 0.984 0.984 0.984 0.984 0.984 0.984 0.984 0.984 0.984 0.984 0.984 0.984 0.984 0.984 0.984 0.984 0.984 0.984 0.984 0.983 0.984 0.984 0.984 0.983 0.983 0.982 0.982 0.982 0.982 0.982 0.981 0.982 0.981 0.981 0.982 0.981 0.982 0.981 0.981 0.981 0.981 0.980 0.980 0.981 0.980 0.980 0.980 0.980 0.980 0.981 0.980 0.980 0.981 0.981 0.980 0.981 0.981 0.981 0.981 0.981 0.982 0.982 0.982 0.982 0.983 0.983 0.983 0.984 0.984 0.985 0.985 0.985 0.985 0.985 0.985 0.985 0.985 0.985 0.985 0.985 0.985 0.985 0.985 0.985 0.985 0.985 0.986 0.985 0.986 0.986 0.986 0.985 0.985 0.985 0.985 0.985 0.986 0.986 0.985 0.985 0.985 0.985 0.985 0.985 0.985 0.985 0.985 0.985 0.985 0.985 0.985 0.985 0.985 0.985 0.985 0.985 0.985 0.985 0.986 0.986 0.985 0.985 0.985 0.985 0.985 0.986 0.986 0.986 0.985 0.985 0.985 0.985 0.986 0.985 0.985 0.985 0.985 0.985 0.985 0.985 0.985 0.984 0.984 0.984 0.984 0.984 0.984 0.984 0.984 0.983 0.983 0.983 0.983 0.983 0.983 0.983 0.982 0.982 0.982 0.983 0.983 0.981 0.981 0.981 0.980 0.979 0.979 0.978 0.978 0.978 0.977 0.977 0.978 0.977 0.977 0.977 0.976 0.976 0.974 0.973 0.973 0.969 0.965 0.963 0.964 0.963 0.963 0.959 0.946 0.938 0.929 0.892 0.908 0.918 0.900 0.879 0.907 0.907 0.902 0.903 0.897 0.911 0.941 0.954 0.954 0.951 0.953 0.953 0.955 0.953 0.948 0.951 0.943 0.941 0.956 0.957 0.948 0.954 0.938 0.943 0.919 0.941 0.933 0.918 0.915 0.905 0.907 0.888 0.832 0.770 0.941 0.945 0.947 0.957 0.940 0.925 0.811 0.898 0.496 0.689 0.302 0.479 0.512 0.750 0.918 0.915 0.928 0.941 0.901 0.904 0.913 0.926 0.944 0.950 0.949 0.944 0.945 0.950 0.938 0.927 0.812 0.744 0.690 0.672 0.575 0.627 0.603 0.532 0.570 0.553 0.558 0.560 0.475 0.590 0.407 0.446 0.645 0.775 0.802 0.853 0.883 0.906 0.912 0.921 0.934 0.938 0.942 0.946 0.949 0.957 0.956 0.953 0.954 0.952 0.950 0.953 0.957 0.959 0.952 0.952 0.958 0.957 0.958 0.954 0.948 0.952 0.950 0.954 0.957 0.958 0.959 0.963 0.962 0.966 0.968 0.968 0.968 0.969 0.969 0.969 0.965 0.968 0.970 0.973 0.972 0.971 0.971 0.971 0.970 0.971 0.971 0.971 0.972 0.974 0.972 0.971 0.968 0.969 0.966 0.960 0.953 0.944 0.939 0.932 0.932 0.935 0.923 0.900 0.877 0.859 0.847 0.866 0.900 0.889 0.887 0.869 0.853 0.819 0.820 0.795 0.766 0.819 0.828 0.808 0.807
>7qkh
0.921 0.918 0.934 0.933 0.928 0.928 0.936 0.934 0.937 0.940 0.941 0.946 0.944 0.944 0.949 0.953 0.955 0.955 0.954 0.953 0.956 0.955 0.961 0.963 0.968 0.967 0.971 0.971 0.973 0.975 0.975 0.977 0.977 0.979 0.980 0.979 0.979 0.979 0.979 0.979 0.980 0.981 0.981 0.982 0.982 0.983 0.983 0.983 0.983 0.983 0.983 0.983 0.983 0.983 0.983 0.983 0.983 0.982 0.983 0.983 0.983 0.983 0.983 0.983 0.983 0.983 0.983 0.983 0.983 0.983 0.983 0.983 0.983 0.984 0.983 0.983 0.984 0.984 0.984 0.984 0.984 0.984 0.984 0.984 0.984 0.984 0.984 0.984 0.984 0.984 0.984 0.984 0.984 0.984 0.984 0.983 0.984 0.984 0.984 0.983 0.983 0.982 0.982 0.982 0.982 0.982 0.981 0.982 0.981 0.981 0.982 0.981 0.982 0.981 0.981 0.981 0.981 0.980 0.980 0.981 0.980 0.980 0.980 0.980 0.980 0.981 0.980 0.980 0.981 0.981 0.980 0.981 0.981 0.981 0.981 0.981 0.982 0.982 0.982 0.982 0.983 0.983 0.983 0.984 0.984 0.985 0.985 0.985 0.985 0.985 0.985 0.985 0.985 0.985 0.985 0.985 0.985 0.985 0.985 0.985 0.985 0.985 0.986 0.985 0.986 0.986 0.986 0.985 0.985 0.985 0.985 0.985 0.986 0.986 0.985 0.985 0.985 0.985 0.985 0.985 0.985 0.985 0.985 0.985 0.985 0.985 0.985 0.985 0.985 0.985 0.985 0.985 0.985 0.985 0.986 0.986 0.985 0.985 0.985 0.985 0.985 0.986 0.986 0.986 0.985 0.985 0.985 0.985 0.986 0.985 0.985 0.985 0.985 0.985 0.985 0.985 0.985 0.984 0.984 0.984 0.984 0.984 0.984 0.984 0.984 0.983 0.983 0.983 0.983 0.983 0.983 0.983 0.982 0.982 0.982 0.983 0.983 0.981 0.981 0.981 0.980 0.979 0.979 0.978 0.978 0.978 0.977 0.977 0.978 0.977 0.977 0.977 0.976 0.976 0.974 0.973 0.973 0.969 0.965 0.963 0.964 0.963 0.963 0.959 0.946 0.938 0.929 0.892 0.908 0.918 0.900 0.879 0.907 0.907 0.902 0.903 0.897 0.911 0.941 0.954 0.954 0.951 0.953 0.953 0.955 0.953 0.948 0.951 0.943 0.941 0.956 0.957 0.948 0.954 0.938 0.943 0.919 0.941 0.933 0.918 0.915 0.905 0.907 0.888 0.832 0.770 0.941 0.945 0.947 0.957 0.940 0.925 0.811 0.898 0.496 0.689 0.302 0.479 0.512 0.750 0.918 0.915 0.928 0.941 0.901 0.904 0.913 0.926 0.944 0.950 0.949 0.944 0.945 0.950 0.938 0.927 0.812 0.744 0.690 0.672 0.575 0.627 0.603 0.532 0.570 0.553 0.558 0.560 0.475 0.590 0.407 0.446 0.645 0.775 0.802 0.853 0.883 0.906 0.912 0.921 0.934 0.938 0.942 0.946 0.949 0.957 0.956 0.953 0.954 0.952 0.950 0.953 0.957 0.959 0.952 0.952 0.958 0.957 0.958 0.954 0.948 0.952 0.950 0.954 0.957 0.958 0.959 0.963 0.962 0.966 0.968 0.968 0.968 0.969 0.969 0.969 0.965 0.968 0.970 0.973 0.972 0.971 0.971 0.971 0.970 0.971 0.971 0.971 0.972 0.974 0.972 0.971 0.968 0.969 0.966 0.960 0.953 0.944 0.939 0.932 0.932 0.935 0.923 0.900 0.877 0.859 0.847 0.866 0.900 0.889 0.887 0.869 0.853 0.819 0.820 0.795 0.766 0.819 0.828 0.808 0.807
>7qki
0.921 0.918 0.934 0.933 0.928 0.928 0.936 0.934 0.937 0.940 0.941 0.946 0.944 0.944 0.949 0.953 0.955 0.955 0.954 0.953 0.956 0.955 0.961 0.963 0.968 0.967 0.971 0.971 0.973 0.975 0.975 0.977 0.977 0.979 0.980 0.979 0.979 0.979 0.979 0.979 0.980 0.981 0.981 0.982 0.982 0.983 0.983 0.983 0.983 0.983 0.983 0.983 0.983 0.983 0.983 0.983 0.983 0.982 0.983 0.983 0.983 0.983 0.983 0.983 0.983 0.983 0.983 0.983 0.983 0.983 0.983 0.983 0.983 0.984 0.983 0.983 0.984 0.984 0.984 0.984 0.984 0.984 0.984 0.984 0.984 0.984 0.984 0.984 0.984 0.984 0.984 0.984 0.984 0.984 0.984 0.983 0.984 0.984 0.984 0.983 0.983 0.982 0.982 0.982 0.982 0.982 0.981 0.982 0.981 0.981 0.982 0.981 0.982 0.981 0.981 0.981 0.981 0.980 0.980 0.981 0.980 0.980 0.980 0.980 0.980 0.981 0.980 0.980 0.981 0.981 0.980 0.981 0.981 0.981 0.981 0.981 0.982 0.982 0.982 0.982 0.983 0.983 0.983 0.984 0.984 0.985 0.985 0.985 0.985 0.985 0.985 0.985 0.985 0.985 0.985 0.985 0.985 0.985 0.985 0.985 0.985 0.985 0.986 0.985 0.986 0.986 0.986 0.985 0.985 0.985 0.985 0.985 0.986 0.986 0.985 0.985 0.985 0.985 0.985 0.985 0.985 0.985 0.985 0.985 0.985 0.985 0.985 0.985 0.985 0.985 0.985 0.985 0.985 0.985 0.986 0.986 0.985 0.985 0.985 0.985 0.985 0.986 0.986 0.986 0.985 0.985 0.985 0.985 0.986 0.985 0.985 0.985 0.985 0.985 0.985 0.985 0.985 0.984 0.984 0.984 0.984 0.984 0.984 0.984 0.984 0.983 0.983 0.983 0.983 0.983 0.983 0.983 0.982 0.982 0.982 0.983 0.983 0.981 0.981 0.981 0.980 0.979 0.979 0.978 0.978 0.978 0.977 0.977 0.978 0.977 0.977 0.977 0.976 0.976 0.974 0.973 0.973 0.969 0.965 0.963 0.964 0.963 0.963 0.959 0.946 0.938 0.929 0.892 0.908 0.918 0.900 0.879 0.907 0.907 0.902 0.903 0.897 0.911 0.941 0.954 0.954 0.951 0.953 0.953 0.955 0.953 0.948 0.951 0.943 0.941 0.956 0.957 0.948 0.954 0.938 0.943 0.919 0.941 0.933 0.918 0.915 0.905 0.907 0.888 0.832 0.770 0.941 0.945 0.947 0.957 0.940 0.925 0.811 0.898 0.496 0.689 0.302 0.479 0.512 0.750 0.918 0.915 0.928 0.941 0.901 0.904 0.913 0.926 0.944 0.950 0.949 0.944 0.945 0.950 0.938 0.927 0.812 0.744 0.690 0.672 0.575 0.627 0.603 0.532 0.570 0.553 0.558 0.560 0.475 0.590 0.407 0.446 0.645 0.775 0.802 0.853 0.883 0.906 0.912 0.921 0.934 0.938 0.942 0.946 0.949 0.957 0.956 0.953 0.954 0.952 0.950 0.953 0.957 0.959 0.952 0.952 0.958 0.957 0.958 0.954 0.948 0.952 0.950 0.954 0.957 0.958 0.959 0.963 0.962 0.966 0.968 0.968 0.968 0.969 0.969 0.969 0.965 0.968 0.970 0.973 0.972 0.971 0.971 0.971 0.970 0.971 0.971 0.971 0.972 0.974 0.972 0.971 0.968 0.969 0.966 0.960 0.953 0.944 0.939 0.932 0.932 0.935 0.923 0.900 0.877 0.859 0.847 0.866 0.900 0.889 0.887 0.869 0.853 0.819 0.820 0.795 0.766 0.819 0.828 0.808 0.807
>7qkj
0.921 0.918 0.934 0.933 0.928 0.928 0.936 0.934 0.937 0.940 0.941 0.946 0.944 0.944 0.949 0.953 0.955 0.955 0.954 0.953 0.956 0.955 0.961 0.963 0.968 0.967 0.971 0.971 0.973 0.975 0.975 0.977 0.977 0.979 0.980 0.979 0.979 0.979 0.979 0.979 0.980 0.981 0.981 0.982 0.982 0.983 0.983 0.983 0.983 0.983 0.983 0.983 0.983 0.983 0.983 0.983 0.983 0.982 0.983 0.983 0.983 0.983 0.983 0.983 0.983 0.983 0.983 0.983 0.983 0.983 0.983 0.983 0.983 0.984 0.983 0.983 0.984 0.984 0.984 0.984 0.984 0.984 0.984 0.984 0.984 0.984 0.984 0.984 0.984 0.984 0.984 0.984 0.984 0.984 0.984 0.983 0.984 0.984 0.984 0.983 0.983 0.982 0.982 0.982 0.982 0.982 0.981 0.982 0.981 0.981 0.982 0.981 0.982 0.981 0.981 0.981 0.981 0.980 0.980 0.981 0.980 0.980 0.980 0.980 0.980 0.981 0.980 0.980 0.981 0.981 0.980 0.981 0.981 0.981 0.981 0.981 0.982 0.982 0.982 0.982 0.983 0.983 0.983 0.984 0.984 0.985 0.985 0.985 0.985 0.985 0.985 0.985 0.985 0.985 0.985 0.985 0.985 0.985 0.985 0.985 0.985 0.985 0.986 0.985 0.986 0.986 0.986 0.985 0.985 0.985 0.985 0.985 0.986 0.986 0.985 0.985 0.985 0.985 0.985 0.985 0.985 0.985 0.985 0.985 0.985 0.985 0.985 0.985 0.985 0.985 0.985 0.985 0.985 0.985 0.986 0.986 0.985 0.985 0.985 0.985 0.985 0.986 0.986 0.986 0.985 0.985 0.985 0.985 0.986 0.985 0.985 0.985 0.985 0.985 0.985 0.985 0.985 0.984 0.984 0.984 0.984 0.984 0.984 0.984 0.984 0.983 0.983 0.983 0.983 0.983 0.983 0.983 0.982 0.982 0.982 0.983 0.983 0.981 0.981 0.981 0.980 0.979 0.979 0.978 0.978 0.978 0.977 0.977 0.978 0.977 0.977 0.977 0.976 0.976 0.974 0.973 0.973 0.969 0.965 0.963 0.964 0.963 0.963 0.959 0.946 0.938 0.929 0.892 0.908 0.918 0.900 0.879 0.907 0.907 0.902 0.903 0.897 0.911 0.941 0.954 0.954 0.951 0.953 0.953 0.955 0.953 0.948 0.951 0.943 0.941 0.956 0.957 0.948 0.954 0.938 0.943 0.919 0.941 0.933 0.918 0.915 0.905 0.907 0.888 0.832 0.770 0.941 0.945 0.947 0.957 0.940 0.925 0.811 0.898 0.496 0.689 0.302 0.479 0.512 0.750 0.918 0.915 0.928 0.941 0.901 0.904 0.913 0.926 0.944 0.950 0.949 0.944 0.945 0.950 0.938 0.927 0.812 0.744 0.690 0.672 0.575 0.627 0.603 0.532 0.570 0.553 0.558 0.560 0.475 0.590 0.407 0.446 0.645 0.775 0.802 0.853 0.883 0.906 0.912 0.921 0.934 0.938 0.942 0.946 0.949 0.957 0.956 0.953 0.954 0.952 0.950 0.953 0.957 0.959 0.952 0.952 0.958 0.957 0.958 0.954 0.948 0.952 0.950 0.954 0.957 0.958 0.959 0.963 0.962 0.966 0.968 0.968 0.968 0.969 0.969 0.969 0.965 0.968 0.970 0.973 0.972 0.971 0.971 0.971 0.970 0.971 0.971 0.971 0.972 0.974 0.972 0.971 0.968 0.969 0.966 0.960 0.953 0.944 0.939 0.932 0.932 0.935 0.923 0.900 0.877 0.859 0.847 0.866 0.900 0.889 0.887 0.869 0.853 0.819 0.820 0.795 0.766 0.819 0.828 0.808 0.807
>7qkk
0.921 0.918 0.934 0.933 0.928 0.928 0.936 0.934 0.937 0.940 0.941 0.946 0.944 0.944 0.949 0.953 0.955 0.955 0.954 0.953 0.956 0.955 0.961 0.963 0.968 0.967 0.971 0.971 0.973 0.975 0.975 0.977 0.977 0.979 0.980 0.979 0.979 0.979 0.979 0.979 0.980 0.981 0.981 0.982 0.982 0.983 0.983 0.983 0.983 0.983 0.983 0.983 0.983 0.983 0.983 0.983 0.983 0.982 0.983 0.983 0.983 0.983 0.983 0.983 0.983 0.983 0.983 0.983 0.983 0.983 0.983 0.983 0.983 0.984 0.983 0.983 0.984 0.984 0.984 0.984 0.984 0.984 0.984 0.984 0.984 0.984 0.984 0.984 0.984 0.984 0.984 0.984 0.984 0.984 0.984 0.983 0.984 0.984 0.984 0.983 0.983 0.982 0.982 0.982 0.982 0.982 0.981 0.982 0.981 0.981 0.982 0.981 0.982 0.981 0.981 0.981 0.981 0.980 0.980 0.981 0.980 0.980 0.980 0.980 0.980 0.981 0.980 0.980 0.981 0.981 0.980 0.981 0.981 0.981 0.981 0.981 0.982 0.982 0.982 0.982 0.983 0.983 0.983 0.984 0.984 0.985 0.985 0.985 0.985 0.985 0.985 0.985 0.985 0.985 0.985 0.985 0.985 0.985 0.985 0.985 0.985 0.985 0.986 0.985 0.986 0.986 0.986 0.985 0.985 0.985 0.985 0.985 0.986 0.986 0.985 0.985 0.985 0.985 0.985 0.985 0.985 0.985 0.985 0.985 0.985 0.985 0.985 0.985 0.985 0.985 0.985 0.985 0.985 0.985 0.986 0.986 0.985 0.985 0.985 0.985 0.985 0.986 0.986 0.986 0.985 0.985 0.985 0.985 0.986 0.985 0.985 0.985 0.985 0.985 0.985 0.985 0.985 0.984 0.984 0.984 0.984 0.984 0.984 0.984 0.984 0.983 0.983 0.983 0.983 0.983 0.983 0.983 0.982 0.982 0.982 0.983 0.983 0.981 0.981 0.981 0.980 0.979 0.979 0.978 0.978 0.978 0.977 0.977 0.978 0.977 0.977 0.977 0.976 0.976 0.974 0.973 0.973 0.969 0.965 0.963 0.964 0.963 0.963 0.959 0.946 0.938 0.929 0.892 0.908 0.918 0.900 0.879 0.907 0.907 0.902 0.903 0.897 0.911 0.941 0.954 0.954 0.951 0.953 0.953 0.955 0.953 0.948 0.951 0.943 0.941 0.956 0.957 0.948 0.954 0.938 0.943 0.919 0.941 0.933 0.918 0.915 0.905 0.907 0.888 0.832 0.770 0.941 0.945 0.947 0.957 0.940 0.925 0.811 0.898 0.496 0.689 0.302 0.479 0.512 0.750 0.918 0.915 0.928 0.941 0.901 0.904 0.913 0.926 0.944 0.950 0.949 0.944 0.945 0.950 0.938 0.927 0.812 0.744 0.690 0.672 0.575 0.627 0.603 0.532 0.570 0.553 0.558 0.560 0.475 0.590 0.407 0.446 0.645 0.775 0.802 0.853 0.883 0.906 0.912 0.921 0.934 0.938 0.942 0.946 0.949 0.957 0.956 0.953 0.954 0.952 0.950 0.953 0.957 0.959 0.952 0.952 0.958 0.957 0.958 0.954 0.948 0.952 0.950 0.954 0.957 0.958 0.959 0.963 0.962 0.966 0.968 0.968 0.968 0.969 0.969 0.969 0.965 0.968 0.970 0.973 0.972 0.971 0.971 0.971 0.970 0.971 0.971 0.971 0.972 0.974 0.972 0.971 0.968 0.969 0.966 0.960 0.953 0.944 0.939 0.932 0.932 0.935 0.923 0.900 0.877 0.859 0.847 0.866 0.900 0.889 0.887 0.869 0.853 0.819 0.820 0.795 0.766 0.819 0.828 0.808 0.807
>7qkl
0.921 0.918 0.934 0.933 0.928 0.928 0.936 0.934 0.937 0.940 0.941 0.946 0.944 0.944 0.949 0.953 0.955 0.955 0.954 0.953 0.956 0.955 0.961 0.963 0.968 0.967 0.971 0.971 0.973 0.975 0.975 0.977 0.977 0.979 0.980 0.979 0.979 0.979 0.979 0.979 0.980 0.981 0.981 0.982 0.982 0.983 0.983 0.983 0.983 0.983 0.983 0.983 0.983 0.983 0.983 0.983 0.983 0.982 0.983 0.983 0.983 0.983 0.983 0.983 0.983 0.983 0.983 0.983 0.983 0.983 0.983 0.983 0.983 0.984 0.983 0.983 0.984 0.984 0.984 0.984 0.984 0.984 0.984 0.984 0.984 0.984 0.984 0.984 0.984 0.984 0.984 0.984 0.984 0.984 0.984 0.983 0.984 0.984 0.984 0.983 0.983 0.982 0.982 0.982 0.982 0.982 0.981 0.982 0.981 0.981 0.982 0.981 0.982 0.981 0.981 0.981 0.981 0.980 0.980 0.981 0.980 0.980 0.980 0.980 0.980 0.981 0.980 0.980 0.981 0.981 0.980 0.981 0.981 0.981 0.981 0.981 0.982 0.982 0.982 0.982 0.983 0.983 0.983 0.984 0.984 0.985 0.985 0.985 0.985 0.985 0.985 0.985 0.985 0.985 0.985 0.985 0.985 0.985 0.985 0.985 0.985 0.985 0.986 0.985 0.986 0.986 0.986 0.985 0.985 0.985 0.985 0.985 0.986 0.986 0.985 0.985 0.985 0.985 0.985 0.985 0.985 0.985 0.985 0.985 0.985 0.985 0.985 0.985 0.985 0.985 0.985 0.985 0.985 0.985 0.986 0.986 0.985 0.985 0.985 0.985 0.985 0.986 0.986 0.986 0.985 0.985 0.985 0.985 0.986 0.985 0.985 0.985 0.985 0.985 0.985 0.985 0.985 0.984 0.984 0.984 0.984 0.984 0.984 0.984 0.984 0.983 0.983 0.983 0.983 0.983 0.983 0.983 0.982 0.982 0.982 0.983 0.983 0.981 0.981 0.981 0.980 0.979 0.979 0.978 0.978 0.978 0.977 0.977 0.978 0.977 0.977 0.977 0.976 0.976 0.974 0.973 0.973 0.969 0.965 0.963 0.964 0.963 0.963 0.959 0.946 0.938 0.929 0.892 0.908 0.918 0.900 0.879 0.907 0.907 0.902 0.903 0.897 0.911 0.941 0.954 0.954 0.951 0.953 0.953 0.955 0.953 0.948 0.951 0.943 0.941 0.956 0.957 0.948 0.954 0.938 0.943 0.919 0.941 0.933 0.918 0.915 0.905 0.907 0.888 0.832 0.770 0.941 0.945 0.947 0.957 0.940 0.925 0.811 0.898 0.496 0.689 0.302 0.479 0.512 0.750 0.918 0.915 0.928 0.941 0.901 0.904 0.913 0.926 0.944 0.950 0.949 0.944 0.945 0.950 0.938 0.927 0.812 0.744 0.690 0.672 0.575 0.627 0.603 0.532 0.570 0.553 0.558 0.560 0.475 0.590 0.407 0.446 0.645 0.775 0.802 0.853 0.883 0.906 0.912 0.921 0.934 0.938 0.942 0.946 0.949 0.957 0.956 0.953 0.954 0.952 0.950 0.953 0.957 0.959 0.952 0.952 0.958 0.957 0.958 0.954 0.948 0.952 0.950 0.954 0.957 0.958 0.959 0.963 0.962 0.966 0.968 0.968 0.968 0.969 0.969 0.969 0.965 0.968 0.970 0.973 0.972 0.971 0.971 0.971 0.970 0.971 0.971 0.971 0.972 0.974 0.972 0.971 0.968 0.969 0.966 0.960 0.953 0.944 0.939 0.932 0.932 0.935 0.923 0.900 0.877 0.859 0.847 0.866 0.900 0.889 0.887 0.869 0.853 0.819 0.820 0.795 0.766 0.819 0.828 0.808 0.807
>7qkm
0.921 0.918 0.934 0.933 0.928 0.928 0.936 0.934 0.937 0.940 0.941 0.946 0.944 0.944 0.949 0.953 0.955 0.955 0.954 0.953 0.956 0.955 0.961 0.963 0.968 0.967 0.971 0.971 0.973 0.975 0.975 0.977 0.977 0.979 0.980 0.979 0.979 0.979 0.979 0.979 0.980 0.981 0.981 0.982 0.982 0.983 0.983 0.983 0.983 0.983 0.983 0.983 0.983 0.983 0.983 0.983 0.983 0.982 0.983 0.983 0.983 0.983 0.983 0.983 0.983 0.983 0.983 0.983 0.983 0.983 0.983 0.983 0.983 0.984 0.983 0.983 0.984 0.984 0.984 0.984 0.984 0.984 0.984 0.984 0.984 0.984 0.984 0.984 0.984 0.984 0.984 0.984 0.984 0.984 0.984 0.983 0.984 0.984 0.984 0.983 0.983 0.982 0.982 0.982 0.982 0.982 0.981 0.982 0.981 0.981 0.982 0.981 0.982 0.981 0.981 0.981 0.981 0.980 0.980 0.981 0.980 0.980 0.980 0.980 0.980 0.981 0.980 0.980 0.981 0.981 0.980 0.981 0.981 0.981 0.981 0.981 0.982 0.982 0.982 0.982 0.983 0.983 0.983 0.984 0.984 0.985 0.985 0.985 0.985 0.985 0.985 0.985 0.985 0.985 0.985 0.985 0.985 0.985 0.985 0.985 0.985 0.985 0.986 0.985 0.986 0.986 0.986 0.985 0.985 0.985 0.985 0.985 0.986 0.986 0.985 0.985 0.985 0.985 0.985 0.985 0.985 0.985 0.985 0.985 0.985 0.985 0.985 0.985 0.985 0.985 0.985 0.985 0.985 0.985 0.986 0.986 0.985 0.985 0.985 0.985 0.985 0.986 0.986 0.986 0.985 0.985 0.985 0.985 0.986 0.985 0.985 0.985 0.985 0.985 0.985 0.985 0.985 0.984 0.984 0.984 0.984 0.984 0.984 0.984 0.984 0.983 0.983 0.983 0.983 0.983 0.983 0.983 0.982 0.982 0.982 0.983 0.983 0.981 0.981 0.981 0.980 0.979 0.979 0.978 0.978 0.978 0.977 0.977 0.978 0.977 0.977 0.977 0.976 0.976 0.974 0.973 0.973 0.969 0.965 0.963 0.964 0.963 0.963 0.959 0.946 0.938 0.929 0.892 0.908 0.918 0.900 0.879 0.907 0.907 0.902 0.903 0.897 0.911 0.941 0.954 0.954 0.951 0.953 0.953 0.955 0.953 0.948 0.951 0.943 0.941 0.956 0.957 0.948 0.954 0.938 0.943 0.919 0.941 0.933 0.918 0.915 0.905 0.907 0.888 0.832 0.770 0.941 0.945 0.947 0.957 0.940 0.925 0.811 0.898 0.496 0.689 0.302 0.479 0.512 0.750 0.918 0.915 0.928 0.941 0.901 0.904 0.913 0.926 0.944 0.950 0.949 0.944 0.945 0.950 0.938 0.927 0.812 0.744 0.690 0.672 0.575 0.627 0.603 0.532 0.570 0.553 0.558 0.560 0.475 0.590 0.407 0.446 0.645 0.775 0.802 0.853 0.883 0.906 0.912 0.921 0.934 0.938 0.942 0.946 0.949 0.957 0.956 0.953 0.954 0.952 0.950 0.953 0.957 0.959 0.952 0.952 0.958 0.957 0.958 0.954 0.948 0.952 0.950 0.954 0.957 0.958 0.959 0.963 0.962 0.966 0.968 0.968 0.968 0.969 0.969 0.969 0.965 0.968 0.970 0.973 0.972 0.971 0.971 0.971 0.970 0.971 0.971 0.971 0.972 0.974 0.972 0.971 0.968 0.969 0.966 0.960 0.953 0.944 0.939 0.932 0.932 0.935 0.923 0.900 0.877 0.859 0.847 0.866 0.900 0.889 0.887 0.869 0.853 0.819 0.820 0.795 0.766 0.819 0.828 0.808 0.807
>7qku
0.921 0.918 0.934 0.933 0.928 0.928 0.936 0.934 0.937 0.940 0.941 0.946 0.944 0.944 0.949 0.953 0.955 0.955 0.954 0.953 0.956 0.955 0.961 0.963 0.968 0.967 0.971 0.971 0.973 0.975 0.975 0.977 0.977 0.979 0.980 0.979 0.979 0.979 0.979 0.979 0.980 0.981 0.981 0.982 0.982 0.983 0.983 0.983 0.983 0.983 0.983 0.983 0.983 0.983 0.983 0.983 0.983 0.982 0.983 0.983 0.983 0.983 0.983 0.983 0.983 0.983 0.983 0.983 0.983 0.983 0.983 0.983 0.983 0.984 0.983 0.983 0.984 0.984 0.984 0.984 0.984 0.984 0.984 0.984 0.984 0.984 0.984 0.984 0.984 0.984 0.984 0.984 0.984 0.984 0.984 0.983 0.984 0.984 0.984 0.983 0.983 0.982 0.982 0.982 0.982 0.982 0.981 0.982 0.981 0.981 0.982 0.981 0.982 0.981 0.981 0.981 0.981 0.980 0.980 0.981 0.980 0.980 0.980 0.980 0.980 0.981 0.980 0.980 0.981 0.981 0.980 0.981 0.981 0.981 0.981 0.981 0.982 0.982 0.982 0.982 0.983 0.983 0.983 0.984 0.984 0.985 0.985 0.985 0.985 0.985 0.985 0.985 0.985 0.985 0.985 0.985 0.985 0.985 0.985 0.985 0.985 0.985 0.986 0.985 0.986 0.986 0.986 0.985 0.985 0.985 0.985 0.985 0.986 0.986 0.985 0.985 0.985 0.985 0.985 0.985 0.985 0.985 0.985 0.985 0.985 0.985 0.985 0.985 0.985 0.985 0.985 0.985 0.985 0.985 0.986 0.986 0.985 0.985 0.985 0.985 0.985 0.986 0.986 0.986 0.985 0.985 0.985 0.985 0.986 0.985 0.985 0.985 0.985 0.985 0.985 0.985 0.985 0.984 0.984 0.984 0.984 0.984 0.984 0.984 0.984 0.983 0.983 0.983 0.983 0.983 0.983 0.983 0.982 0.982 0.982 0.983 0.983 0.981 0.981 0.981 0.980 0.979 0.979 0.978 0.978 0.978 0.977 0.977 0.978 0.977 0.977 0.977 0.976 0.976 0.974 0.973 0.973 0.969 0.965 0.963 0.964 0.963 0.963 0.959 0.946 0.938 0.929 0.892 0.908 0.918 0.900 0.879 0.907 0.907 0.902 0.903 0.897 0.911 0.941 0.954 0.954 0.951 0.953 0.953 0.955 0.953 0.948 0.951 0.943 0.941 0.956 0.957 0.948 0.954 0.938 0.943 0.919 0.941 0.933 0.918 0.915 0.905 0.907 0.888 0.832 0.770 0.941 0.945 0.947 0.957 0.940 0.925 0.811 0.898 0.496 0.689 0.302 0.479 0.512 0.750 0.918 0.915 0.928 0.941 0.901 0.904 0.913 0.926 0.944 0.950 0.949 0.944 0.945 0.950 0.938 0.927 0.812 0.744 0.690 0.672 0.575 0.627 0.603 0.532 0.570 0.553 0.558 0.560 0.475 0.590 0.407 0.446 0.645 0.775 0.802 0.853 0.883 0.906 0.912 0.921 0.934 0.938 0.942 0.946 0.949 0.957 0.956 0.953 0.954 0.952 0.950 0.953 0.957 0.959 0.952 0.952 0.958 0.957 0.958 0.954 0.948 0.952 0.950 0.954 0.957 0.958 0.959 0.963 0.962 0.966 0.968 0.968 0.968 0.969 0.969 0.969 0.965 0.968 0.970 0.973 0.972 0.971 0.971 0.971 0.970 0.971 0.971 0.971 0.972 0.974 0.972 0.971 0.968 0.969 0.966 0.960 0.953 0.944 0.939 0.932 0.932 0.935 0.923 0.900 0.877 0.859 0.847 0.866 0.900 0.889 0.887 0.869 0.853 0.819 0.820 0.795 0.766 0.819 0.828 0.808 0.807
>7qkv
0.921 0.918 0.934 0.933 0.928 0.928 0.936 0.934 0.937 0.940 0.941 0.946 0.944 0.944 0.949 0.953 0.955 0.955 0.954 0.953 0.956 0.955 0.961 0.963 0.968 0.967 0.971 0.971 0.973 0.975 0.975 0.977 0.977 0.979 0.980 0.979 0.979 0.979 0.979 0.979 0.980 0.981 0.981 0.982 0.982 0.983 0.983 0.983 0.983 0.983 0.983 0.983 0.983 0.983 0.983 0.983 0.983 0.982 0.983 0.983 0.983 0.983 0.983 0.983 0.983 0.983 0.983 0.983 0.983 0.983 0.983 0.983 0.983 0.984 0.983 0.983 0.984 0.984 0.984 0.984 0.984 0.984 0.984 0.984 0.984 0.984 0.984 0.984 0.984 0.984 0.984 0.984 0.984 0.984 0.984 0.983 0.984 0.984 0.984 0.983 0.983 0.982 0.982 0.982 0.982 0.982 0.981 0.982 0.981 0.981 0.982 0.981 0.982 0.981 0.981 0.981 0.981 0.980 0.980 0.981 0.980 0.980 0.980 0.980 0.980 0.981 0.980 0.980 0.981 0.981 0.980 0.981 0.981 0.981 0.981 0.981 0.982 0.982 0.982 0.982 0.983 0.983 0.983 0.984 0.984 0.985 0.985 0.985 0.985 0.985 0.985 0.985 0.985 0.985 0.985 0.985 0.985 0.985 0.985 0.985 0.985 0.985 0.986 0.985 0.986 0.986 0.986 0.985 0.985 0.985 0.985 0.985 0.986 0.986 0.985 0.985 0.985 0.985 0.985 0.985 0.985 0.985 0.985 0.985 0.985 0.985 0.985 0.985 0.985 0.985 0.985 0.985 0.985 0.985 0.986 0.986 0.985 0.985 0.985 0.985 0.985 0.986 0.986 0.986 0.985 0.985 0.985 0.985 0.986 0.985 0.985 0.985 0.985 0.985 0.985 0.985 0.985 0.984 0.984 0.984 0.984 0.984 0.984 0.984 0.984 0.983 0.983 0.983 0.983 0.983 0.983 0.983 0.982 0.982 0.982 0.983 0.983 0.981 0.981 0.981 0.980 0.979 0.979 0.978 0.978 0.978 0.977 0.977 0.978 0.977 0.977 0.977 0.976 0.976 0.974 0.973 0.973 0.969 0.965 0.963 0.964 0.963 0.963 0.959 0.946 0.938 0.929 0.892 0.908 0.918 0.900 0.879 0.907 0.907 0.902 0.903 0.897 0.911 0.941 0.954 0.954 0.951 0.953 0.953 0.955 0.953 0.948 0.951 0.943 0.941 0.956 0.957 0.948 0.954 0.938 0.943 0.919 0.941 0.933 0.918 0.915 0.905 0.907 0.888 0.832 0.770 0.941 0.945 0.947 0.957 0.940 0.925 0.811 0.898 0.496 0.689 0.302 0.479 0.512 0.750 0.918 0.915 0.928 0.941 0.901 0.904 0.913 0.926 0.944 0.950 0.949 0.944 0.945 0.950 0.938 0.927 0.812 0.744 0.690 0.672 0.575 0.627 0.603 0.532 0.570 0.553 0.558 0.560 0.475 0.590 0.407 0.446 0.645 0.775 0.802 0.853 0.883 0.906 0.912 0.921 0.934 0.938 0.942 0.946 0.949 0.957 0.956 0.953 0.954 0.952 0.950 0.953 0.957 0.959 0.952 0.952 0.958 0.957 0.958 0.954 0.948 0.952 0.950 0.954 0.957 0.958 0.959 0.963 0.962 0.966 0.968 0.968 0.968 0.969 0.969 0.969 0.965 0.968 0.970 0.973 0.972 0.971 0.971 0.971 0.970 0.971 0.971 0.971 0.972 0.974 0.972 0.971 0.968 0.969 0.966 0.960 0.953 0.944 0.939 0.932 0.932 0.935 0.923 0.900 0.877 0.859 0.847 0.866 0.900 0.889 0.887 0.869 0.853 0.819 0.820 0.795 0.766 0.819 0.828 0.808 0.807
>7qkw
0.921 0.918 0.934 0.933 0.928 0.928 0.936 0.934 0.937 0.940 0.941 0.946 0.944 0.944 0.949 0.953 0.955 0.955 0.954 0.953 0.956 0.955 0.961 0.963 0.968 0.967 0.971 0.971 0.973 0.975 0.975 0.977 0.977 0.979 0.980 0.979 0.979 0.979 0.979 0.979 0.980 0.981 0.981 0.982 0.982 0.983 0.983 0.983 0.983 0.983 0.983 0.983 0.983 0.983 0.983 0.983 0.983 0.982 0.983 0.983 0.983 0.983 0.983 0.983 0.983 0.983 0.983 0.983 0.983 0.983 0.983 0.983 0.983 0.984 0.983 0.983 0.984 0.984 0.984 0.984 0.984 0.984 0.984 0.984 0.984 0.984 0.984 0.984 0.984 0.984 0.984 0.984 0.984 0.984 0.984 0.983 0.984 0.984 0.984 0.983 0.983 0.982 0.982 0.982 0.982 0.982 0.981 0.982 0.981 0.981 0.982 0.981 0.982 0.981 0.981 0.981 0.981 0.980 0.980 0.981 0.980 0.980 0.980 0.980 0.980 0.981 0.980 0.980 0.981 0.981 0.980 0.981 0.981 0.981 0.981 0.981 0.982 0.982 0.982 0.982 0.983 0.983 0.983 0.984 0.984 0.985 0.985 0.985 0.985 0.985 0.985 0.985 0.985 0.985 0.985 0.985 0.985 0.985 0.985 0.985 0.985 0.985 0.986 0.985 0.986 0.986 0.986 0.985 0.985 0.985 0.985 0.985 0.986 0.986 0.985 0.985 0.985 0.985 0.985 0.985 0.985 0.985 0.985 0.985 0.985 0.985 0.985 0.985 0.985 0.985 0.985 0.985 0.985 0.985 0.986 0.986 0.985 0.985 0.985 0.985 0.985 0.986 0.986 0.986 0.985 0.985 0.985 0.985 0.986 0.985 0.985 0.985 0.985 0.985 0.985 0.985 0.985 0.984 0.984 0.984 0.984 0.984 0.984 0.984 0.984 0.983 0.983 0.983 0.983 0.983 0.983 0.983 0.982 0.982 0.982 0.983 0.983 0.981 0.981 0.981 0.980 0.979 0.979 0.978 0.978 0.978 0.977 0.977 0.978 0.977 0.977 0.977 0.976 0.976 0.974 0.973 0.973 0.969 0.965 0.963 0.964 0.963 0.963 0.959 0.946 0.938 0.929 0.892 0.908 0.918 0.900 0.879 0.907 0.907 0.902 0.903 0.897 0.911 0.941 0.954 0.954 0.951 0.953 0.953 0.955 0.953 0.948 0.951 0.943 0.941 0.956 0.957 0.948 0.954 0.938 0.943 0.919 0.941 0.933 0.918 0.915 0.905 0.907 0.888 0.832 0.770 0.941 0.945 0.947 0.957 0.940 0.925 0.811 0.898 0.496 0.689 0.302 0.479 0.512 0.750 0.918 0.915 0.928 0.941 0.901 0.904 0.913 0.926 0.944 0.950 0.949 0.944 0.945 0.950 0.938 0.927 0.812 0.744 0.690 0.672 0.575 0.627 0.603 0.532 0.570 0.553 0.558 0.560 0.475 0.590 0.407 0.446 0.645 0.775 0.802 0.853 0.883 0.906 0.912 0.921 0.934 0.938 0.942 0.946 0.949 0.957 0.956 0.953 0.954 0.952 0.950 0.953 0.957 0.959 0.952 0.952 0.958 0.957 0.958 0.954 0.948 0.952 0.950 0.954 0.957 0.958 0.959 0.963 0.962 0.966 0.968 0.968 0.968 0.969 0.969 0.969 0.965 0.968 0.970 0.973 0.972 0.971 0.971 0.971 0.970 0.971 0.971 0.971 0.972 0.974 0.972 0.971 0.968 0.969 0.966 0.960 0.953 0.944 0.939 0.932 0.932 0.935 0.923 0.900 0.877 0.859 0.847 0.866 0.900 0.889 0.887 0.869 0.853 0.819 0.820 0.795 0.766 0.819 0.828 0.808 0.807
>7qkx
0.921 0.918 0.934 0.933 0.928 0.928 0.936 0.934 0.937 0.940 0.941 0.946 0.944 0.944 0.949 0.953 0.955 0.955 0.954 0.953 0.956 0.955 0.961 0.963 0.968 0.967 0.971 0.971 0.973 0.975 0.975 0.977 0.977 0.979 0.980 0.979 0.979 0.979 0.979 0.979 0.980 0.981 0.981 0.982 0.982 0.983 0.983 0.983 0.983 0.983 0.983 0.983 0.983 0.983 0.983 0.983 0.983 0.982 0.983 0.983 0.983 0.983 0.983 0.983 0.983 0.983 0.983 0.983 0.983 0.983 0.983 0.983 0.983 0.984 0.983 0.983 0.984 0.984 0.984 0.984 0.984 0.984 0.984 0.984 0.984 0.984 0.984 0.984 0.984 0.984 0.984 0.984 0.984 0.984 0.984 0.983 0.984 0.984 0.984 0.983 0.983 0.982 0.982 0.982 0.982 0.982 0.981 0.982 0.981 0.981 0.982 0.981 0.982 0.981 0.981 0.981 0.981 0.980 0.980 0.981 0.980 0.980 0.980 0.980 0.980 0.981 0.980 0.980 0.981 0.981 0.980 0.981 0.981 0.981 0.981 0.981 0.982 0.982 0.982 0.982 0.983 0.983 0.983 0.984 0.984 0.985 0.985 0.985 0.985 0.985 0.985 0.985 0.985 0.985 0.985 0.985 0.985 0.985 0.985 0.985 0.985 0.985 0.986 0.985 0.986 0.986 0.986 0.985 0.985 0.985 0.985 0.985 0.986 0.986 0.985 0.985 0.985 0.985 0.985 0.985 0.985 0.985 0.985 0.985 0.985 0.985 0.985 0.985 0.985 0.985 0.985 0.985 0.985 0.985 0.986 0.986 0.985 0.985 0.985 0.985 0.985 0.986 0.986 0.986 0.985 0.985 0.985 0.985 0.986 0.985 0.985 0.985 0.985 0.985 0.985 0.985 0.985 0.984 0.984 0.984 0.984 0.984 0.984 0.984 0.984 0.983 0.983 0.983 0.983 0.983 0.983 0.983 0.982 0.982 0.982 0.983 0.983 0.981 0.981 0.981 0.980 0.979 0.979 0.978 0.978 0.978 0.977 0.977 0.978 0.977 0.977 0.977 0.976 0.976 0.974 0.973 0.973 0.969 0.965 0.963 0.964 0.963 0.963 0.959 0.946 0.938 0.929 0.892 0.908 0.918 0.900 0.879 0.907 0.907 0.902 0.903 0.897 0.911 0.941 0.954 0.954 0.951 0.953 0.953 0.955 0.953 0.948 0.951 0.943 0.941 0.956 0.957 0.948 0.954 0.938 0.943 0.919 0.941 0.933 0.918 0.915 0.905 0.907 0.888 0.832 0.770 0.941 0.945 0.947 0.957 0.940 0.925 0.811 0.898 0.496 0.689 0.302 0.479 0.512 0.750 0.918 0.915 0.928 0.941 0.901 0.904 0.913 0.926 0.944 0.950 0.949 0.944 0.945 0.950 0.938 0.927 0.812 0.744 0.690 0.672 0.575 0.627 0.603 0.532 0.570 0.553 0.558 0.560 0.475 0.590 0.407 0.446 0.645 0.775 0.802 0.853 0.883 0.906 0.912 0.921 0.934 0.938 0.942 0.946 0.949 0.957 0.956 0.953 0.954 0.952 0.950 0.953 0.957 0.959 0.952 0.952 0.958 0.957 0.958 0.954 0.948 0.952 0.950 0.954 0.957 0.958 0.959 0.963 0.962 0.966 0.968 0.968 0.968 0.969 0.969 0.969 0.965 0.968 0.970 0.973 0.972 0.971 0.971 0.971 0.970 0.971 0.971 0.971 0.972 0.974 0.972 0.971 0.968 0.969 0.966 0.960 0.953 0.944 0.939 0.932 0.932 0.935 0.923 0.900 0.877 0.859 0.847 0.866 0.900 0.889 0.887 0.869 0.853 0.819 0.820 0.795 0.766 0.819 0.828 0.808 0.807
>7qky
0.921 0.918 0.934 0.933 0.928 0.928 0.936 0.934 0.937 0.940 0.941 0.946 0.944 0.944 0.949 0.953 0.955 0.955 0.954 0.953 0.956 0.955 0.961 0.963 0.968 0.967 0.971 0.971 0.973 0.975 0.975 0.977 0.977 0.979 0.980 0.979 0.979 0.979 0.979 0.979 0.980 0.981 0.981 0.982 0.982 0.983 0.983 0.983 0.983 0.983 0.983 0.983 0.983 0.983 0.983 0.983 0.983 0.982 0.983 0.983 0.983 0.983 0.983 0.983 0.983 0.983 0.983 0.983 0.983 0.983 0.983 0.983 0.983 0.984 0.983 0.983 0.984 0.984 0.984 0.984 0.984 0.984 0.984 0.984 0.984 0.984 0.984 0.984 0.984 0.984 0.984 0.984 0.984 0.984 0.984 0.983 0.984 0.984 0.984 0.983 0.983 0.982 0.982 0.982 0.982 0.982 0.981 0.982 0.981 0.981 0.982 0.981 0.982 0.981 0.981 0.981 0.981 0.980 0.980 0.981 0.980 0.980 0.980 0.980 0.980 0.981 0.980 0.980 0.981 0.981 0.980 0.981 0.981 0.981 0.981 0.981 0.982 0.982 0.982 0.982 0.983 0.983 0.983 0.984 0.984 0.985 0.985 0.985 0.985 0.985 0.985 0.985 0.985 0.985 0.985 0.985 0.985 0.985 0.985 0.985 0.985 0.985 0.986 0.985 0.986 0.986 0.986 0.985 0.985 0.985 0.985 0.985 0.986 0.986 0.985 0.985 0.985 0.985 0.985 0.985 0.985 0.985 0.985 0.985 0.985 0.985 0.985 0.985 0.985 0.985 0.985 0.985 0.985 0.985 0.986 0.986 0.985 0.985 0.985 0.985 0.985 0.986 0.986 0.986 0.985 0.985 0.985 0.985 0.986 0.985 0.985 0.985 0.985 0.985 0.985 0.985 0.985 0.984 0.984 0.984 0.984 0.984 0.984 0.984 0.984 0.983 0.983 0.983 0.983 0.983 0.983 0.983 0.982 0.982 0.982 0.983 0.983 0.981 0.981 0.981 0.980 0.979 0.979 0.978 0.978 0.978 0.977 0.977 0.978 0.977 0.977 0.977 0.976 0.976 0.974 0.973 0.973 0.969 0.965 0.963 0.964 0.963 0.963 0.959 0.946 0.938 0.929 0.892 0.908 0.918 0.900 0.879 0.907 0.907 0.902 0.903 0.897 0.911 0.941 0.954 0.954 0.951 0.953 0.953 0.955 0.953 0.948 0.951 0.943 0.941 0.956 0.957 0.948 0.954 0.938 0.943 0.919 0.941 0.933 0.918 0.915 0.905 0.907 0.888 0.832 0.770 0.941 0.945 0.947 0.957 0.940 0.925 0.811 0.898 0.496 0.689 0.302 0.479 0.512 0.750 0.918 0.915 0.928 0.941 0.901 0.904 0.913 0.926 0.944 0.950 0.949 0.944 0.945 0.950 0.938 0.927 0.812 0.744 0.690 0.672 0.575 0.627 0.603 0.532 0.570 0.553 0.558 0.560 0.475 0.590 0.407 0.446 0.645 0.775 0.802 0.853 0.883 0.906 0.912 0.921 0.934 0.938 0.942 0.946 0.949 0.957 0.956 0.953 0.954 0.952 0.950 0.953 0.957 0.959 0.952 0.952 0.958 0.957 0.958 0.954 0.948 0.952 0.950 0.954 0.957 0.958 0.959 0.963 0.962 0.966 0.968 0.968 0.968 0.969 0.969 0.969 0.965 0.968 0.970 0.973 0.972 0.971 0.971 0.971 0.970 0.971 0.971 0.971 0.972 0.974 0.972 0.971 0.968 0.969 0.966 0.960 0.953 0.944 0.939 0.932 0.932 0.935 0.923 0.900 0.877 0.859 0.847 0.866 0.900 0.889 0.887 0.869 0.853 0.819 0.820 0.795 0.766 0.819 0.828 0.808 0.807
>7qkz
0.921 0.918 0.934 0.933 0.928 0.928 0.936 0.934 0.937 0.940 0.941 0.946 0.944 0.944 0.949 0.953 0.955 0.955 0.954 0.953 0.956 0.955 0.961 0.963 0.968 0.967 0.971 0.971 0.973 0.975 0.975 0.977 0.977 0.979 0.980 0.979 0.979 0.979 0.979 0.979 0.980 0.981 0.981 0.982 0.982 0.983 0.983 0.983 0.983 0.983 0.983 0.983 0.983 0.983 0.983 0.983 0.983 0.982 0.983 0.983 0.983 0.983 0.983 0.983 0.983 0.983 0.983 0.983 0.983 0.983 0.983 0.983 0.983 0.984 0.983 0.983 0.984 0.984 0.984 0.984 0.984 0.984 0.984 0.984 0.984 0.984 0.984 0.984 0.984 0.984 0.984 0.984 0.984 0.984 0.984 0.983 0.984 0.984 0.984 0.983 0.983 0.982 0.982 0.982 0.982 0.982 0.981 0.982 0.981 0.981 0.982 0.981 0.982 0.981 0.981 0.981 0.981 0.980 0.980 0.981 0.980 0.980 0.980 0.980 0.980 0.981 0.980 0.980 0.981 0.981 0.980 0.981 0.981 0.981 0.981 0.981 0.982 0.982 0.982 0.982 0.983 0.983 0.983 0.984 0.984 0.985 0.985 0.985 0.985 0.985 0.985 0.985 0.985 0.985 0.985 0.985 0.985 0.985 0.985 0.985 0.985 0.985 0.986 0.985 0.986 0.986 0.986 0.985 0.985 0.985 0.985 0.985 0.986 0.986 0.985 0.985 0.985 0.985 0.985 0.985 0.985 0.985 0.985 0.985 0.985 0.985 0.985 0.985 0.985 0.985 0.985 0.985 0.985 0.985 0.986 0.986 0.985 0.985 0.985 0.985 0.985 0.986 0.986 0.986 0.985 0.985 0.985 0.985 0.986 0.985 0.985 0.985 0.985 0.985 0.985 0.985 0.985 0.984 0.984 0.984 0.984 0.984 0.984 0.984 0.984 0.983 0.983 0.983 0.983 0.983 0.983 0.983 0.982 0.982 0.982 0.983 0.983 0.981 0.981 0.981 0.980 0.979 0.979 0.978 0.978 0.978 0.977 0.977 0.978 0.977 0.977 0.977 0.976 0.976 0.974 0.973 0.973 0.969 0.965 0.963 0.964 0.963 0.963 0.959 0.946 0.938 0.929 0.892 0.908 0.918 0.900 0.879 0.907 0.907 0.902 0.903 0.897 0.911 0.941 0.954 0.954 0.951 0.953 0.953 0.955 0.953 0.948 0.951 0.943 0.941 0.956 0.957 0.948 0.954 0.938 0.943 0.919 0.941 0.933 0.918 0.915 0.905 0.907 0.888 0.832 0.770 0.941 0.945 0.947 0.957 0.940 0.925 0.811 0.898 0.496 0.689 0.302 0.479 0.512 0.750 0.918 0.915 0.928 0.941 0.901 0.904 0.913 0.926 0.944 0.950 0.949 0.944 0.945 0.950 0.938 0.927 0.812 0.744 0.690 0.672 0.575 0.627 0.603 0.532 0.570 0.553 0.558 0.560 0.475 0.590 0.407 0.446 0.645 0.775 0.802 0.853 0.883 0.906 0.912 0.921 0.934 0.938 0.942 0.946 0.949 0.957 0.956 0.953 0.954 0.952 0.950 0.953 0.957 0.959 0.952 0.952 0.958 0.957 0.958 0.954 0.948 0.952 0.950 0.954 0.957 0.958 0.959 0.963 0.962 0.966 0.968 0.968 0.968 0.969 0.969 0.969 0.965 0.968 0.970 0.973 0.972 0.971 0.971 0.971 0.970 0.971 0.971 0.971 0.972 0.974 0.972 0.971 0.968 0.969 0.966 0.960 0.953 0.944 0.939 0.932 0.932 0.935 0.923 0.900 0.877 0.859 0.847 0.866 0.900 0.889 0.887 0.869 0.853 0.819 0.820 0.795 0.766 0.819 0.828 0.808 0.807
>7ql0
0.921 0.918 0.934 0.933 0.928 0.928 0.936 0.934 0.937 0.940 0.941 0.946 0.944 0.944 0.949 0.953 0.955 0.955 0.954 0.953 0.956 0.955 0.961 0.963 0.968 0.967 0.971 0.971 0.973 0.975 0.975 0.977 0.977 0.979 0.980 0.979 0.979 0.979 0.979 0.979 0.980 0.981 0.981 0.982 0.982 0.983 0.983 0.983 0.983 0.983 0.983 0.983 0.983 0.983 0.983 0.983 0.983 0.982 0.983 0.983 0.983 0.983 0.983 0.983 0.983 0.983 0.983 0.983 0.983 0.983 0.983 0.983 0.983 0.984 0.983 0.983 0.984 0.984 0.984 0.984 0.984 0.984 0.984 0.984 0.984 0.984 0.984 0.984 0.984 0.984 0.984 0.984 0.984 0.984 0.984 0.983 0.984 0.984 0.984 0.983 0.983 0.982 0.982 0.982 0.982 0.982 0.981 0.982 0.981 0.981 0.982 0.981 0.982 0.981 0.981 0.981 0.981 0.980 0.980 0.981 0.980 0.980 0.980 0.980 0.980 0.981 0.980 0.980 0.981 0.981 0.980 0.981 0.981 0.981 0.981 0.981 0.982 0.982 0.982 0.982 0.983 0.983 0.983 0.984 0.984 0.985 0.985 0.985 0.985 0.985 0.985 0.985 0.985 0.985 0.985 0.985 0.985 0.985 0.985 0.985 0.985 0.985 0.986 0.985 0.986 0.986 0.986 0.985 0.985 0.985 0.985 0.985 0.986 0.986 0.985 0.985 0.985 0.985 0.985 0.985 0.985 0.985 0.985 0.985 0.985 0.985 0.985 0.985 0.985 0.985 0.985 0.985 0.985 0.985 0.986 0.986 0.985 0.985 0.985 0.985 0.985 0.986 0.986 0.986 0.985 0.985 0.985 0.985 0.986 0.985 0.985 0.985 0.985 0.985 0.985 0.985 0.985 0.984 0.984 0.984 0.984 0.984 0.984 0.984 0.984 0.983 0.983 0.983 0.983 0.983 0.983 0.983 0.982 0.982 0.982 0.983 0.983 0.981 0.981 0.981 0.980 0.979 0.979 0.978 0.978 0.978 0.977 0.977 0.978 0.977 0.977 0.977 0.976 0.976 0.974 0.973 0.973 0.969 0.965 0.963 0.964 0.963 0.963 0.959 0.946 0.938 0.929 0.892 0.908 0.918 0.900 0.879 0.907 0.907 0.902 0.903 0.897 0.911 0.941 0.954 0.954 0.951 0.953 0.953 0.955 0.953 0.948 0.951 0.943 0.941 0.956 0.957 0.948 0.954 0.938 0.943 0.919 0.941 0.933 0.918 0.915 0.905 0.907 0.888 0.832 0.770 0.941 0.945 0.947 0.957 0.940 0.925 0.811 0.898 0.496 0.689 0.302 0.479 0.512 0.750 0.918 0.915 0.928 0.941 0.901 0.904 0.913 0.926 0.944 0.950 0.949 0.944 0.945 0.950 0.938 0.927 0.812 0.744 0.690 0.672 0.575 0.627 0.603 0.532 0.570 0.553 0.558 0.560 0.475 0.590 0.407 0.446 0.645 0.775 0.802 0.853 0.883 0.906 0.912 0.921 0.934 0.938 0.942 0.946 0.949 0.957 0.956 0.953 0.954 0.952 0.950 0.953 0.957 0.959 0.952 0.952 0.958 0.957 0.958 0.954 0.948 0.952 0.950 0.954 0.957 0.958 0.959 0.963 0.962 0.966 0.968 0.968 0.968 0.969 0.969 0.969 0.965 0.968 0.970 0.973 0.972 0.971 0.971 0.971 0.970 0.971 0.971 0.971 0.972 0.974 0.972 0.971 0.968 0.969 0.966 0.960 0.953 0.944 0.939 0.932 0.932 0.935 0.923 0.900 0.877 0.859 0.847 0.866 0.900 0.889 0.887 0.869 0.853 0.819 0.820 0.795 0.766 0.819 0.828 0.808 0.807
>7ql1
0.921 0.918 0.934 0.933 0.928 0.928 0.936 0.934 0.937 0.940 0.941 0.946 0.944 0.944 0.949 0.953 0.955 0.955 0.954 0.953 0.956 0.955 0.961 0.963 0.968 0.967 0.971 0.971 0.973 0.975 0.975 0.977 0.977 0.979 0.980 0.979 0.979 0.979 0.979 0.979 0.980 0.981 0.981 0.982 0.982 0.983 0.983 0.983 0.983 0.983 0.983 0.983 0.983 0.983 0.983 0.983 0.983 0.982 0.983 0.983 0.983 0.983 0.983 0.983 0.983 0.983 0.983 0.983 0.983 0.983 0.983 0.983 0.983 0.984 0.983 0.983 0.984 0.984 0.984 0.984 0.984 0.984 0.984 0.984 0.984 0.984 0.984 0.984 0.984 0.984 0.984 0.984 0.984 0.984 0.984 0.983 0.984 0.984 0.984 0.983 0.983 0.982 0.982 0.982 0.982 0.982 0.981 0.982 0.981 0.981 0.982 0.981 0.982 0.981 0.981 0.981 0.981 0.980 0.980 0.981 0.980 0.980 0.980 0.980 0.980 0.981 0.980 0.980 0.981 0.981 0.980 0.981 0.981 0.981 0.981 0.981 0.982 0.982 0.982 0.982 0.983 0.983 0.983 0.984 0.984 0.985 0.985 0.985 0.985 0.985 0.985 0.985 0.985 0.985 0.985 0.985 0.985 0.985 0.985 0.985 0.985 0.985 0.986 0.985 0.986 0.986 0.986 0.985 0.985 0.985 0.985 0.985 0.986 0.986 0.985 0.985 0.985 0.985 0.985 0.985 0.985 0.985 0.985 0.985 0.985 0.985 0.985 0.985 0.985 0.985 0.985 0.985 0.985 0.985 0.986 0.986 0.985 0.985 0.985 0.985 0.985 0.986 0.986 0.986 0.985 0.985 0.985 0.985 0.986 0.985 0.985 0.985 0.985 0.985 0.985 0.985 0.985 0.984 0.984 0.984 0.984 0.984 0.984 0.984 0.984 0.983 0.983 0.983 0.983 0.983 0.983 0.983 0.982 0.982 0.982 0.983 0.983 0.981 0.981 0.981 0.980 0.979 0.979 0.978 0.978 0.978 0.977 0.977 0.978 0.977 0.977 0.977 0.976 0.976 0.974 0.973 0.973 0.969 0.965 0.963 0.964 0.963 0.963 0.959 0.946 0.938 0.929 0.892 0.908 0.918 0.900 0.879 0.907 0.907 0.902 0.903 0.897 0.911 0.941 0.954 0.954 0.951 0.953 0.953 0.955 0.953 0.948 0.951 0.943 0.941 0.956 0.957 0.948 0.954 0.938 0.943 0.919 0.941 0.933 0.918 0.915 0.905 0.907 0.888 0.832 0.770 0.941 0.945 0.947 0.957 0.940 0.925 0.811 0.898 0.496 0.689 0.302 0.479 0.512 0.750 0.918 0.915 0.928 0.941 0.901 0.904 0.913 0.926 0.944 0.950 0.949 0.944 0.945 0.950 0.938 0.927 0.812 0.744 0.690 0.672 0.575 0.627 0.603 0.532 0.570 0.553 0.558 0.560 0.475 0.590 0.407 0.446 0.645 0.775 0.802 0.853 0.883 0.906 0.912 0.921 0.934 0.938 0.942 0.946 0.949 0.957 0.956 0.953 0.954 0.952 0.950 0.953 0.957 0.959 0.952 0.952 0.958 0.957 0.958 0.954 0.948 0.952 0.950 0.954 0.957 0.958 0.959 0.963 0.962 0.966 0.968 0.968 0.968 0.969 0.969 0.969 0.965 0.968 0.970 0.973 0.972 0.971 0.971 0.971 0.970 0.971 0.971 0.971 0.972 0.974 0.972 0.971 0.968 0.969 0.966 0.960 0.953 0.944 0.939 0.932 0.932 0.935 0.923 0.900 0.877 0.859 0.847 0.866 0.900 0.889 0.887 0.869 0.853 0.819 0.820 0.795 0.766 0.819 0.828 0.808 0.807
>7ql2
0.921 0.918 0.934 0.933 0.928 0.928 0.936 0.934 0.937 0.940 0.941 0.946 0.944 0.944 0.949 0.953 0.955 0.955 0.954 0.953 0.956 0.955 0.961 0.963 0.968 0.967 0.971 0.971 0.973 0.975 0.975 0.977 0.977 0.979 0.980 0.979 0.979 0.979 0.979 0.979 0.980 0.981 0.981 0.982 0.982 0.983 0.983 0.983 0.983 0.983 0.983 0.983 0.983 0.983 0.983 0.983 0.983 0.982 0.983 0.983 0.983 0.983 0.983 0.983 0.983 0.983 0.983 0.983 0.983 0.983 0.983 0.983 0.983 0.984 0.983 0.983 0.984 0.984 0.984 0.984 0.984 0.984 0.984 0.984 0.984 0.984 0.984 0.984 0.984 0.984 0.984 0.984 0.984 0.984 0.984 0.983 0.984 0.984 0.984 0.983 0.983 0.982 0.982 0.982 0.982 0.982 0.981 0.982 0.981 0.981 0.982 0.981 0.982 0.981 0.981 0.981 0.981 0.980 0.980 0.981 0.980 0.980 0.980 0.980 0.980 0.981 0.980 0.980 0.981 0.981 0.980 0.981 0.981 0.981 0.981 0.981 0.982 0.982 0.982 0.982 0.983 0.983 0.983 0.984 0.984 0.985 0.985 0.985 0.985 0.985 0.985 0.985 0.985 0.985 0.985 0.985 0.985 0.985 0.985 0.985 0.985 0.985 0.986 0.985 0.986 0.986 0.986 0.985 0.985 0.985 0.985 0.985 0.986 0.986 0.985 0.985 0.985 0.985 0.985 0.985 0.985 0.985 0.985 0.985 0.985 0.985 0.985 0.985 0.985 0.985 0.985 0.985 0.985 0.985 0.986 0.986 0.985 0.985 0.985 0.985 0.985 0.986 0.986 0.986 0.985 0.985 0.985 0.985 0.986 0.985 0.985 0.985 0.985 0.985 0.985 0.985 0.985 0.984 0.984 0.984 0.984 0.984 0.984 0.984 0.984 0.983 0.983 0.983 0.983 0.983 0.983 0.983 0.982 0.982 0.982 0.983 0.983 0.981 0.981 0.981 0.980 0.979 0.979 0.978 0.978 0.978 0.977 0.977 0.978 0.977 0.977 0.977 0.976 0.976 0.974 0.973 0.973 0.969 0.965 0.963 0.964 0.963 0.963 0.959 0.946 0.938 0.929 0.892 0.908 0.918 0.900 0.879 0.907 0.907 0.902 0.903 0.897 0.911 0.941 0.954 0.954 0.951 0.953 0.953 0.955 0.953 0.948 0.951 0.943 0.941 0.956 0.957 0.948 0.954 0.938 0.943 0.919 0.941 0.933 0.918 0.915 0.905 0.907 0.888 0.832 0.770 0.941 0.945 0.947 0.957 0.940 0.925 0.811 0.898 0.496 0.689 0.302 0.479 0.512 0.750 0.918 0.915 0.928 0.941 0.901 0.904 0.913 0.926 0.944 0.950 0.949 0.944 0.945 0.950 0.938 0.927 0.812 0.744 0.690 0.672 0.575 0.627 0.603 0.532 0.570 0.553 0.558 0.560 0.475 0.590 0.407 0.446 0.645 0.775 0.802 0.853 0.883 0.906 0.912 0.921 0.934 0.938 0.942 0.946 0.949 0.957 0.956 0.953 0.954 0.952 0.950 0.953 0.957 0.959 0.952 0.952 0.958 0.957 0.958 0.954 0.948 0.952 0.950 0.954 0.957 0.958 0.959 0.963 0.962 0.966 0.968 0.968 0.968 0.969 0.969 0.969 0.965 0.968 0.970 0.973 0.972 0.971 0.971 0.971 0.970 0.971 0.971 0.971 0.972 0.974 0.972 0.971 0.968 0.969 0.966 0.960 0.953 0.944 0.939 0.932 0.932 0.935 0.923 0.900 0.877 0.859 0.847 0.866 0.900 0.889 0.887 0.869 0.853 0.819 0.820 0.795 0.766 0.819 0.828 0.808 0.807
>7ql3
0.921 0.918 0.934 0.933 0.928 0.928 0.936 0.934 0.937 0.940 0.941 0.946 0.944 0.944 0.949 0.953 0.955 0.955 0.954 0.953 0.956 0.955 0.961 0.963 0.968 0.967 0.971 0.971 0.973 0.975 0.975 0.977 0.977 0.979 0.980 0.979 0.979 0.979 0.979 0.979 0.980 0.981 0.981 0.982 0.982 0.983 0.983 0.983 0.983 0.983 0.983 0.983 0.983 0.983 0.983 0.983 0.983 0.982 0.983 0.983 0.983 0.983 0.983 0.983 0.983 0.983 0.983 0.983 0.983 0.983 0.983 0.983 0.983 0.984 0.983 0.983 0.984 0.984 0.984 0.984 0.984 0.984 0.984 0.984 0.984 0.984 0.984 0.984 0.984 0.984 0.984 0.984 0.984 0.984 0.984 0.983 0.984 0.984 0.984 0.983 0.983 0.982 0.982 0.982 0.982 0.982 0.981 0.982 0.981 0.981 0.982 0.981 0.982 0.981 0.981 0.981 0.981 0.980 0.980 0.981 0.980 0.980 0.980 0.980 0.980 0.981 0.980 0.980 0.981 0.981 0.980 0.981 0.981 0.981 0.981 0.981 0.982 0.982 0.982 0.982 0.983 0.983 0.983 0.984 0.984 0.985 0.985 0.985 0.985 0.985 0.985 0.985 0.985 0.985 0.985 0.985 0.985 0.985 0.985 0.985 0.985 0.985 0.986 0.985 0.986 0.986 0.986 0.985 0.985 0.985 0.985 0.985 0.986 0.986 0.985 0.985 0.985 0.985 0.985 0.985 0.985 0.985 0.985 0.985 0.985 0.985 0.985 0.985 0.985 0.985 0.985 0.985 0.985 0.985 0.986 0.986 0.985 0.985 0.985 0.985 0.985 0.986 0.986 0.986 0.985 0.985 0.985 0.985 0.986 0.985 0.985 0.985 0.985 0.985 0.985 0.985 0.985 0.984 0.984 0.984 0.984 0.984 0.984 0.984 0.984 0.983 0.983 0.983 0.983 0.983 0.983 0.983 0.982 0.982 0.982 0.983 0.983 0.981 0.981 0.981 0.980 0.979 0.979 0.978 0.978 0.978 0.977 0.977 0.978 0.977 0.977 0.977 0.976 0.976 0.974 0.973 0.973 0.969 0.965 0.963 0.964 0.963 0.963 0.959 0.946 0.938 0.929 0.892 0.908 0.918 0.900 0.879 0.907 0.907 0.902 0.903 0.897 0.911 0.941 0.954 0.954 0.951 0.953 0.953 0.955 0.953 0.948 0.951 0.943 0.941 0.956 0.957 0.948 0.954 0.938 0.943 0.919 0.941 0.933 0.918 0.915 0.905 0.907 0.888 0.832 0.770 0.941 0.945 0.947 0.957 0.940 0.925 0.811 0.898 0.496 0.689 0.302 0.479 0.512 0.750 0.918 0.915 0.928 0.941 0.901 0.904 0.913 0.926 0.944 0.950 0.949 0.944 0.945 0.950 0.938 0.927 0.812 0.744 0.690 0.672 0.575 0.627 0.603 0.532 0.570 0.553 0.558 0.560 0.475 0.590 0.407 0.446 0.645 0.775 0.802 0.853 0.883 0.906 0.912 0.921 0.934 0.938 0.942 0.946 0.949 0.957 0.956 0.953 0.954 0.952 0.950 0.953 0.957 0.959 0.952 0.952 0.958 0.957 0.958 0.954 0.948 0.952 0.950 0.954 0.957 0.958 0.959 0.963 0.962 0.966 0.968 0.968 0.968 0.969 0.969 0.969 0.965 0.968 0.970 0.973 0.972 0.971 0.971 0.971 0.970 0.971 0.971 0.971 0.972 0.974 0.972 0.971 0.968 0.969 0.966 0.960 0.953 0.944 0.939 0.932 0.932 0.935 0.923 0.900 0.877 0.859 0.847 0.866 0.900 0.889 0.887 0.869 0.853 0.819 0.820 0.795 0.766 0.819 0.828 0.808 0.807
>7ql4
0.921 0.918 0.934 0.933 0.928 0.928 0.936 0.934 0.937 0.940 0.941 0.946 0.944 0.944 0.949 0.953 0.955 0.955 0.954 0.953 0.956 0.955 0.961 0.963 0.968 0.967 0.971 0.971 0.973 0.975 0.975 0.977 0.977 0.979 0.980 0.979 0.979 0.979 0.979 0.979 0.980 0.981 0.981 0.982 0.982 0.983 0.983 0.983 0.983 0.983 0.983 0.983 0.983 0.983 0.983 0.983 0.983 0.982 0.983 0.983 0.983 0.983 0.983 0.983 0.983 0.983 0.983 0.983 0.983 0.983 0.983 0.983 0.983 0.984 0.983 0.983 0.984 0.984 0.984 0.984 0.984 0.984 0.984 0.984 0.984 0.984 0.984 0.984 0.984 0.984 0.984 0.984 0.984 0.984 0.984 0.983 0.984 0.984 0.984 0.983 0.983 0.982 0.982 0.982 0.982 0.982 0.981 0.982 0.981 0.981 0.982 0.981 0.982 0.981 0.981 0.981 0.981 0.980 0.980 0.981 0.980 0.980 0.980 0.980 0.980 0.981 0.980 0.980 0.981 0.981 0.980 0.981 0.981 0.981 0.981 0.981 0.982 0.982 0.982 0.982 0.983 0.983 0.983 0.984 0.984 0.985 0.985 0.985 0.985 0.985 0.985 0.985 0.985 0.985 0.985 0.985 0.985 0.985 0.985 0.985 0.985 0.985 0.986 0.985 0.986 0.986 0.986 0.985 0.985 0.985 0.985 0.985 0.986 0.986 0.985 0.985 0.985 0.985 0.985 0.985 0.985 0.985 0.985 0.985 0.985 0.985 0.985 0.985 0.985 0.985 0.985 0.985 0.985 0.985 0.986 0.986 0.985 0.985 0.985 0.985 0.985 0.986 0.986 0.986 0.985 0.985 0.985 0.985 0.986 0.985 0.985 0.985 0.985 0.985 0.985 0.985 0.985 0.984 0.984 0.984 0.984 0.984 0.984 0.984 0.984 0.983 0.983 0.983 0.983 0.983 0.983 0.983 0.982 0.982 0.982 0.983 0.983 0.981 0.981 0.981 0.980 0.979 0.979 0.978 0.978 0.978 0.977 0.977 0.978 0.977 0.977 0.977 0.976 0.976 0.974 0.973 0.973 0.969 0.965 0.963 0.964 0.963 0.963 0.959 0.946 0.938 0.929 0.892 0.908 0.918 0.900 0.879 0.907 0.907 0.902 0.903 0.897 0.911 0.941 0.954 0.954 0.951 0.953 0.953 0.955 0.953 0.948 0.951 0.943 0.941 0.956 0.957 0.948 0.954 0.938 0.943 0.919 0.941 0.933 0.918 0.915 0.905 0.907 0.888 0.832 0.770 0.941 0.945 0.947 0.957 0.940 0.925 0.811 0.898 0.496 0.689 0.302 0.479 0.512 0.750 0.918 0.915 0.928 0.941 0.901 0.904 0.913 0.926 0.944 0.950 0.949 0.944 0.945 0.950 0.938 0.927 0.812 0.744 0.690 0.672 0.575 0.627 0.603 0.532 0.570 0.553 0.558 0.560 0.475 0.590 0.407 0.446 0.645 0.775 0.802 0.853 0.883 0.906 0.912 0.921 0.934 0.938 0.942 0.946 0.949 0.957 0.956 0.953 0.954 0.952 0.950 0.953 0.957 0.959 0.952 0.952 0.958 0.957 0.958 0.954 0.948 0.952 0.950 0.954 0.957 0.958 0.959 0.963 0.962 0.966 0.968 0.968 0.968 0.969 0.969 0.969 0.965 0.968 0.970 0.973 0.972 0.971 0.971 0.971 0.970 0.971 0.971 0.971 0.972 0.974 0.972 0.971 0.968 0.969 0.966 0.960 0.953 0.944 0.939 0.932 0.932 0.935 0.923 0.900 0.877 0.859 0.847 0.866 0.900 0.889 0.887 0.869 0.853 0.819 0.820 0.795 0.766 0.819 0.828 0.808 0.807
>7qv5
0.458 0.516 0.531 0.494 0.469 0.450 0.469 0.516 0.511 0.526 0.548 0.550 0.562 0.603 0.634 0.634 0.614 0.581
>7qv6
0.529 0.543 0.509 0.483 0.459 0.491 0.504 0.525 0.529 0.527 0.538 0.567 0.553 0.544 0.587 0.591 0.548
>7qvc
0.970 0.972 0.971 0.970 0.972 0.973 0.975 0.975 0.974 0.974 0.971 0.970 0.967 0.958 0.958 0.961 0.965 0.963 0.966 0.965 0.967 0.969 0.967 0.966 0.967 0.967 0.967 0.966 0.963 0.965 0.967 0.964 0.963 0.960 0.957 0.955 0.947 0.932 0.924 0.908 0.888 0.870 0.852 0.856 0.849 0.867 0.869 0.872 0.884 0.860 0.816 0.837 0.835 0.865 0.859 0.836 0.873 0.909 0.888 0.871 0.885 0.911 0.895 0.878 0.877 0.873 0.860 0.874 0.833 0.785 0.829 0.770 0.839 0.834 0.834 0.845 0.845 0.846 0.849 0.824 0.812 0.808 0.815 0.838 0.823 0.707 0.663 0.651 0.565 0.583 0.541 0.463 0.406 0.407 0.476 0.460 0.493 0.489 0.418 0.490 0.280 0.228 0.237 0.244 0.244 0.242 0.257 0.256 0.269 0.279 0.362 0.402 0.455 0.501 0.493 0.397 0.325 0.415 0.245 0.250 0.242 0.250 0.261 0.291 0.304 0.311 0.248 0.168 0.140 0.140 0.141 0.132 0.133 0.129 0.121 0.128 0.121 0.117 0.129 0.139 0.128 0.112 0.111 0.112 0.103 0.106 0.109 0.105 0.104 0.111 0.107 0.109 0.120 0.110 0.112 0.105 0.112 0.106 0.108 0.111 0.119 0.119 0.135 0.119 0.126 0.123 0.126 0.108 0.114 0.111 0.117 0.119 0.118 0.114 0.114 0.103 0.098 0.119 0.105 0.117 0.114 0.142 0.134 0.147 0.162 0.152 0.155 0.137 0.133 0.142 0.128 0.132 0.118 0.130 0.125 0.117 0.119 0.122 0.124 0.120 0.109 0.099 0.101 0.088 0.079 0.058 0.052 0.052 0.053 0.048 0.051 0.052 0.052 0.051 0.050 0.052 0.050 0.044 0.040 0.045 0.042 0.044 0.044 0.048 0.047 0.050 0.057 0.064 0.067 0.069 0.075 0.079 0.069 0.070 0.076 0.076 0.084 0.095 0.114 0.122 0.120 0.127 0.152 0.174 0.231 0.279 0.281 0.305 0.306 0.300 0.294 0.272 0.279 0.290 0.244 0.296 0.325 0.346 0.275 0.365 0.402 0.509 0.637 0.660 0.777 0.793 0.738 0.723 0.647 0.531 0.544 0.467 0.435 0.398
>7qvf
0.970 0.972 0.971 0.970 0.972 0.973 0.975 0.975 0.974 0.974 0.971 0.970 0.967 0.958 0.958 0.961 0.965 0.963 0.966 0.965 0.967 0.969 0.967 0.966 0.967 0.967 0.967 0.966 0.963 0.965 0.967 0.964 0.963 0.960 0.957 0.955 0.947 0.932 0.924 0.908 0.888 0.870 0.852 0.856 0.849 0.867 0.869 0.872 0.884 0.860 0.816 0.837 0.835 0.865 0.859 0.836 0.873 0.909 0.888 0.871 0.885 0.911 0.895 0.878 0.877 0.873 0.860 0.874 0.833 0.785 0.829 0.770 0.839 0.834 0.834 0.845 0.845 0.846 0.849 0.824 0.812 0.808 0.815 0.838 0.818 0.705 0.659 0.649 0.560 0.580 0.538 0.457 0.399 0.400 0.466 0.448 0.480 0.484 0.412 0.484 0.271 0.225 0.235 0.244 0.244 0.242 0.251 0.255 0.268 0.278 0.353 0.395 0.445 0.491 0.486 0.394 0.324 0.408 0.244 0.250 0.242 0.249 0.260 0.290 0.303 0.306 0.229 0.166 0.139 0.139 0.140 0.131 0.132 0.130 0.122 0.130 0.121 0.117 0.131 0.140 0.128 0.113 0.112 0.113 0.105 0.111 0.111 0.107 0.107 0.115 0.111 0.112 0.122 0.114 0.115 0.107 0.116 0.108 0.112 0.114 0.120 0.121 0.143 0.124 0.132 0.131 0.131 0.111 0.118 0.116 0.121 0.124 0.122 0.116 0.113 0.101 0.095 0.112 0.100 0.110 0.107 0.135 0.127 0.141 0.157 0.145 0.151 0.130 0.126 0.135 0.122 0.125 0.113 0.124 0.119 0.111 0.115 0.118 0.121 0.118 0.109 0.101 0.106 0.095 0.087 0.062 0.055 0.055 0.056 0.051 0.054 0.056 0.056 0.055 0.054 0.057 0.054 0.048 0.044 0.050 0.047 0.048 0.048 0.052 0.051 0.054 0.061 0.069 0.072 0.075 0.082 0.084 0.074 0.073 0.079 0.078 0.087 0.095 0.115 0.124 0.120 0.127 0.152 0.173 0.234 0.282 0.281 0.300 0.303 0.300 0.296 0.270 0.272 0.284 0.240 0.289 0.320 0.341 0.271 0.364 0.401 0.504 0.629 0.654 0.776 0.795 0.735 0.721 0.649 0.538 0.546 0.471 0.442 0.401
>7qwg
0.970 0.972 0.971 0.970 0.972 0.973 0.975 0.975 0.974 0.974 0.971 0.970 0.967 0.958 0.958 0.961 0.965 0.963 0.966 0.965 0.967 0.969 0.967 0.966 0.967 0.967 0.967 0.966 0.963 0.965 0.967 0.964 0.963 0.960 0.957 0.955 0.947 0.932 0.924 0.908 0.888 0.870 0.852 0.856 0.849 0.867 0.869 0.872 0.884 0.860 0.816 0.837 0.835 0.865 0.859 0.836 0.873 0.909 0.888 0.871 0.885 0.911 0.895 0.878 0.877 0.873 0.860 0.874 0.833 0.785 0.829 0.770 0.839 0.834 0.834 0.845 0.845 0.846 0.849 0.824 0.812 0.808 0.815 0.838 0.818 0.705 0.659 0.649 0.560 0.580 0.538 0.457 0.399 0.400 0.466 0.448 0.480 0.484 0.412 0.484 0.271 0.225 0.235 0.244 0.244 0.242 0.251 0.255 0.268 0.278 0.353 0.395 0.445 0.491 0.486 0.394 0.324 0.408 0.244 0.250 0.242 0.249 0.260 0.290 0.303 0.306 0.229 0.166 0.139 0.139 0.140 0.131 0.132 0.130 0.122 0.130 0.121 0.117 0.131 0.140 0.128 0.113 0.112 0.113 0.105 0.111 0.111 0.107 0.107 0.115 0.111 0.112 0.122 0.114 0.115 0.107 0.116 0.108 0.112 0.114 0.120 0.121 0.143 0.124 0.132 0.131 0.131 0.111 0.118 0.116 0.121 0.124 0.122 0.116 0.113 0.101 0.095 0.112 0.100 0.110 0.107 0.135 0.127 0.141 0.157 0.145 0.151 0.130 0.126 0.135 0.122 0.125 0.113 0.124 0.119 0.111 0.115 0.118 0.121 0.118 0.109 0.101 0.106 0.095 0.087 0.062 0.055 0.055 0.056 0.051 0.054 0.056 0.056 0.055 0.054 0.057 0.054 0.048 0.044 0.050 0.047 0.048 0.048 0.052 0.051 0.054 0.061 0.069 0.072 0.075 0.082 0.084 0.074 0.073 0.079 0.078 0.087 0.095 0.115 0.124 0.120 0.127 0.152 0.173 0.234 0.282 0.281 0.300 0.303 0.300 0.296 0.270 0.272 0.284 0.240 0.289 0.320 0.341 0.271 0.364 0.401 0.504 0.629 0.654 0.776 0.795 0.735 0.721 0.649 0.538 0.546 0.471 0.442 0.401
>7qwl
0.970 0.972 0.971 0.970 0.972 0.973 0.975 0.975 0.974 0.974 0.971 0.970 0.967 0.958 0.958 0.961 0.965 0.963 0.966 0.965 0.967 0.969 0.967 0.966 0.967 0.967 0.967 0.966 0.963 0.965 0.967 0.964 0.963 0.960 0.957 0.955 0.947 0.932 0.924 0.908 0.888 0.870 0.852 0.856 0.849 0.867 0.869 0.872 0.884 0.860 0.816 0.837 0.835 0.865 0.859 0.836 0.873 0.909 0.888 0.871 0.885 0.911 0.895 0.878 0.877 0.873 0.860 0.874 0.833 0.785 0.829 0.770 0.839 0.834 0.834 0.845 0.845 0.846 0.849 0.824 0.812 0.808 0.815 0.838 0.818 0.705 0.659 0.649 0.560 0.580 0.538 0.457 0.399 0.400 0.466 0.448 0.480 0.484 0.412 0.484 0.271 0.225 0.235 0.244 0.244 0.242 0.251 0.255 0.268 0.278 0.353 0.395 0.445 0.491 0.486 0.394 0.324 0.408 0.244 0.250 0.242 0.249 0.260 0.290 0.303 0.306 0.229 0.166 0.139 0.139 0.140 0.131 0.132 0.130 0.122 0.130 0.121 0.117 0.131 0.140 0.128 0.113 0.112 0.113 0.105 0.111 0.111 0.107 0.107 0.115 0.111 0.112 0.122 0.114 0.115 0.107 0.116 0.108 0.112 0.114 0.120 0.121 0.143 0.124 0.132 0.131 0.131 0.111 0.118 0.116 0.121 0.124 0.122 0.116 0.113 0.101 0.095 0.112 0.100 0.110 0.107 0.135 0.127 0.141 0.157 0.145 0.151 0.130 0.126 0.135 0.122 0.125 0.113 0.124 0.119 0.111 0.115 0.118 0.121 0.118 0.109 0.101 0.106 0.095 0.087 0.062 0.055 0.055 0.056 0.051 0.054 0.056 0.056 0.055 0.054 0.057 0.054 0.048 0.044 0.050 0.047 0.048 0.048 0.052 0.051 0.054 0.061 0.069 0.072 0.075 0.082 0.084 0.074 0.073 0.079 0.078 0.087 0.095 0.115 0.124 0.120 0.127 0.152 0.173 0.234 0.282 0.281 0.300 0.303 0.300 0.296 0.270 0.272 0.284 0.240 0.289 0.320 0.341 0.271 0.364 0.401 0.504 0.629 0.654 0.776 0.795 0.735 0.721 0.649 0.538 0.546 0.471 0.442 0.401
>7qwm
0.970 0.972 0.971 0.970 0.972 0.973 0.975 0.975 0.974 0.974 0.971 0.970 0.967 0.958 0.958 0.961 0.965 0.963 0.966 0.965 0.967 0.969 0.967 0.966 0.967 0.967 0.967 0.966 0.963 0.965 0.967 0.964 0.963 0.960 0.957 0.955 0.947 0.932 0.924 0.908 0.888 0.870 0.852 0.856 0.849 0.867 0.869 0.872 0.884 0.860 0.816 0.837 0.835 0.865 0.859 0.836 0.873 0.909 0.888 0.871 0.885 0.911 0.895 0.878 0.877 0.873 0.860 0.874 0.833 0.785 0.829 0.770 0.839 0.834 0.834 0.845 0.845 0.846 0.849 0.824 0.812 0.808 0.815 0.838 0.823 0.707 0.663 0.651 0.565 0.583 0.541 0.463 0.406 0.407 0.476 0.460 0.493 0.489 0.418 0.490 0.280 0.228 0.237 0.244 0.244 0.242 0.257 0.256 0.269 0.279 0.362 0.402 0.455 0.501 0.493 0.397 0.325 0.415 0.245 0.250 0.242 0.250 0.261 0.291 0.304 0.311 0.248 0.168 0.140 0.140 0.141 0.132 0.133 0.129 0.121 0.128 0.121 0.117 0.129 0.139 0.128 0.112 0.111 0.112 0.103 0.106 0.109 0.105 0.104 0.111 0.107 0.109 0.120 0.110 0.112 0.105 0.112 0.106 0.108 0.111 0.119 0.119 0.135 0.119 0.126 0.123 0.126 0.108 0.114 0.111 0.117 0.119 0.118 0.114 0.114 0.103 0.098 0.119 0.105 0.117 0.114 0.142 0.134 0.147 0.162 0.152 0.155 0.137 0.133 0.142 0.128 0.132 0.118 0.130 0.125 0.117 0.119 0.122 0.124 0.120 0.109 0.099 0.101 0.088 0.079 0.058 0.052 0.052 0.053 0.048 0.051 0.052 0.052 0.051 0.050 0.052 0.050 0.044 0.040 0.045 0.042 0.044 0.044 0.048 0.047 0.050 0.057 0.064 0.067 0.069 0.075 0.079 0.069 0.070 0.076 0.076 0.084 0.095 0.114 0.122 0.120 0.127 0.152 0.174 0.231 0.279 0.281 0.305 0.306 0.300 0.294 0.272 0.279 0.290 0.244 0.296 0.325 0.346 0.275 0.365 0.402 0.509 0.637 0.660 0.777 0.793 0.738 0.723 0.647 0.531 0.544 0.467 0.435 0.398
>7r4t
0.921 0.918 0.934 0.933 0.928 0.928 0.936 0.934 0.937 0.940 0.941 0.946 0.944 0.944 0.949 0.953 0.955 0.955 0.954 0.953 0.956 0.955 0.961 0.963 0.968 0.967 0.971 0.971 0.973 0.975 0.975 0.977 0.977 0.979 0.980 0.979 0.979 0.979 0.979 0.979 0.980 0.981 0.981 0.982 0.982 0.983 0.983 0.983 0.983 0.983 0.983 0.983 0.983 0.983 0.983 0.983 0.983 0.982 0.983 0.983 0.983 0.983 0.983 0.983 0.983 0.983 0.983 0.983 0.983 0.983 0.983 0.983 0.983 0.984 0.983 0.983 0.984 0.984 0.984 0.984 0.984 0.984 0.984 0.984 0.984 0.984 0.984 0.984 0.984 0.984 0.984 0.984 0.984 0.984 0.984 0.983 0.984 0.984 0.984 0.983 0.983 0.982 0.982 0.982 0.982 0.982 0.981 0.982 0.981 0.981 0.982 0.981 0.982 0.981 0.981 0.981 0.981 0.980 0.980 0.981 0.980 0.980 0.980 0.980 0.980 0.981 0.980 0.980 0.981 0.981 0.980 0.981 0.981 0.981 0.981 0.981 0.982 0.982 0.982 0.982 0.983 0.983 0.983 0.984 0.984 0.985 0.985 0.985 0.985 0.985 0.985 0.985 0.985 0.985 0.985 0.985 0.985 0.985 0.985 0.985 0.985 0.985 0.986 0.985 0.986 0.986 0.986 0.985 0.985 0.985 0.985 0.985 0.986 0.986 0.985 0.985 0.985 0.985 0.985 0.985 0.985 0.985 0.985 0.985 0.985 0.985 0.985 0.985 0.985 0.985 0.985 0.985 0.985 0.985 0.986 0.986 0.985 0.985 0.985 0.985 0.985 0.986 0.986 0.986 0.985 0.985 0.985 0.985 0.986 0.985 0.985 0.985 0.985 0.985 0.985 0.985 0.985 0.984 0.984 0.984 0.984 0.984 0.984 0.984 0.984 0.983 0.983 0.983 0.983 0.983 0.983 0.983 0.982 0.982 0.982 0.983 0.983 0.981 0.981 0.981 0.980 0.979 0.979 0.978 0.978 0.978 0.977 0.977 0.978 0.977 0.977 0.977 0.976 0.976 0.974 0.973 0.973 0.969 0.965 0.963 0.964 0.963 0.963 0.959 0.946 0.938 0.929 0.892 0.908 0.918 0.900 0.879 0.907 0.907 0.902 0.903 0.897 0.911 0.941 0.954 0.954 0.951 0.953 0.953 0.955 0.953 0.948 0.951 0.943 0.941 0.956 0.957 0.948 0.954 0.938 0.943 0.919 0.941 0.933 0.918 0.915 0.905 0.907 0.888 0.832 0.770 0.941 0.945 0.947 0.957 0.940 0.925 0.811 0.898 0.496 0.689 0.302 0.479 0.512 0.750 0.918 0.915 0.928 0.941 0.901 0.904 0.913 0.926 0.944 0.950 0.949 0.944 0.945 0.950 0.938 0.927 0.812 0.744 0.690 0.672 0.575 0.627 0.603 0.532 0.570 0.553 0.558 0.560 0.475 0.590 0.407 0.446 0.645 0.775 0.802 0.853 0.883 0.906 0.912 0.921 0.934 0.938 0.942 0.946 0.949 0.957 0.956 0.953 0.954 0.952 0.950 0.953 0.957 0.959 0.952 0.952 0.958 0.957 0.958 0.954 0.948 0.952 0.950 0.954 0.957 0.958 0.959 0.963 0.962 0.966 0.968 0.968 0.968 0.969 0.969 0.969 0.965 0.968 0.970 0.973 0.972 0.971 0.971 0.971 0.970 0.971 0.971 0.971 0.972 0.974 0.972 0.971 0.968 0.969 0.966 0.960 0.953 0.944 0.939 0.932 0.932 0.935 0.923 0.900 0.877 0.859 0.847 0.866 0.900 0.889 0.887 0.869 0.853 0.819 0.820 0.795 0.766 0.819 0.828 0.808 0.807
>7r5h
0.921 0.918 0.934 0.933 0.928 0.928 0.936 0.934 0.937 0.940 0.941 0.946 0.944 0.944 0.949 0.953 0.955 0.955 0.954 0.953 0.956 0.955 0.961 0.963 0.968 0.967 0.971 0.971 0.973 0.975 0.975 0.977 0.977 0.979 0.980 0.979 0.979 0.979 0.979 0.979 0.980 0.981 0.981 0.982 0.982 0.983 0.983 0.983 0.983 0.983 0.983 0.983 0.983 0.983 0.983 0.983 0.983 0.982 0.983 0.983 0.983 0.983 0.983 0.983 0.983 0.983 0.983 0.983 0.983 0.983 0.983 0.983 0.983 0.984 0.983 0.983 0.984 0.984 0.984 0.984 0.984 0.984 0.984 0.984 0.984 0.984 0.984 0.984 0.984 0.984 0.984 0.984 0.984 0.984 0.984 0.983 0.984 0.984 0.984 0.983 0.983 0.982 0.982 0.982 0.982 0.982 0.981 0.982 0.981 0.981 0.982 0.981 0.982 0.981 0.981 0.981 0.981 0.980 0.980 0.981 0.980 0.980 0.980 0.980 0.980 0.981 0.980 0.980 0.981 0.981 0.980 0.981 0.981 0.981 0.981 0.981 0.982 0.982 0.982 0.982 0.983 0.983 0.983 0.984 0.984 0.985 0.985 0.985 0.985 0.985 0.985 0.985 0.985 0.985 0.985 0.985 0.985 0.985 0.985 0.985 0.985 0.985 0.986 0.985 0.986 0.986 0.986 0.985 0.985 0.985 0.985 0.985 0.986 0.986 0.985 0.985 0.985 0.985 0.985 0.985 0.985 0.985 0.985 0.985 0.985 0.985 0.985 0.985 0.985 0.985 0.985 0.985 0.985 0.985 0.986 0.986 0.985 0.985 0.985 0.985 0.985 0.986 0.986 0.986 0.985 0.985 0.985 0.985 0.986 0.985 0.985 0.985 0.985 0.985 0.985 0.985 0.985 0.984 0.984 0.984 0.984 0.984 0.984 0.984 0.984 0.983 0.983 0.983 0.983 0.983 0.983 0.983 0.982 0.982 0.982 0.983 0.983 0.981 0.981 0.981 0.980 0.979 0.979 0.978 0.978 0.978 0.977 0.977 0.978 0.977 0.977 0.977 0.976 0.976 0.974 0.973 0.973 0.969 0.965 0.963 0.964 0.963 0.963 0.959 0.946 0.938 0.929 0.892 0.908 0.918 0.900 0.879 0.907 0.907 0.902 0.903 0.897 0.911 0.941 0.954 0.954 0.951 0.953 0.953 0.955 0.953 0.948 0.951 0.943 0.941 0.956 0.957 0.948 0.954 0.938 0.943 0.919 0.941 0.933 0.918 0.915 0.905 0.907 0.888 0.832 0.770 0.941 0.945 0.947 0.957 0.940 0.925 0.811 0.898 0.496 0.689 0.302 0.479 0.512 0.750 0.918 0.915 0.928 0.941 0.901 0.904 0.913 0.926 0.944 0.950 0.949 0.944 0.945 0.950 0.938 0.927 0.812 0.744 0.690 0.672 0.575 0.627 0.603 0.532 0.570 0.553 0.558 0.560 0.475 0.590 0.407 0.446 0.645 0.775 0.802 0.853 0.883 0.906 0.912 0.921 0.934 0.938 0.942 0.946 0.949 0.957 0.956 0.953 0.954 0.952 0.950 0.953 0.957 0.959 0.952 0.952 0.958 0.957 0.958 0.954 0.948 0.952 0.950 0.954 0.957 0.958 0.959 0.963 0.962 0.966 0.968 0.968 0.968 0.969 0.969 0.969 0.965 0.968 0.970 0.973 0.972 0.971 0.971 0.971 0.970 0.971 0.971 0.971 0.972 0.974 0.972 0.971 0.968 0.969 0.966 0.960 0.953 0.944 0.939 0.932 0.932 0.935 0.923 0.900 0.877 0.859 0.847 0.866 0.900 0.889 0.887 0.869 0.853 0.819 0.820 0.795 0.766 0.819 0.828 0.808 0.807
>7rl4
0.970 0.977 0.974 0.971 0.974 0.970 0.966 0.969 0.972 0.972 0.971 0.971 0.974 0.976 0.978 0.978 0.979 0.978 0.980 0.979 0.981 0.981 0.982 0.982 0.983 0.983 0.983 0.984 0.985 0.985 0.985 0.985 0.985 0.985 0.986 0.987 0.987 0.988 0.987 0.987 0.988 0.988 0.988 0.988 0.988 0.989 0.988 0.988 0.988 0.988 0.988 0.988 0.988 0.988 0.988 0.988 0.988 0.988 0.987 0.988 0.987 0.987 0.987 0.988 0.988 0.988 0.988 0.987 0.987 0.986 0.986 0.987 0.986 0.987 0.987 0.986 0.986 0.985 0.985 0.984 0.983 0.982 0.981 0.979 0.978 0.976 0.976 0.976 0.975 0.974 0.975 0.974 0.973 0.973 0.972 0.969 0.968 0.964 0.961 0.961 0.963 0.960 0.964 0.965 0.963 0.961 0.966 0.967 0.968 0.965 0.969 0.971 0.970 0.969 0.968 0.968 0.966 0.966 0.966 0.961 0.980 0.966 0.958 0.960 0.951 0.948
>7saq
0.970 0.972 0.971 0.970 0.972 0.973 0.975 0.975 0.974 0.974 0.971 0.970 0.967 0.958 0.958 0.961 0.965 0.963 0.966 0.965 0.967 0.969 0.967 0.966 0.967 0.967 0.967 0.966 0.963 0.965 0.967 0.964 0.963 0.960 0.957 0.955 0.947 0.932 0.924 0.908 0.888 0.870 0.852 0.856 0.849 0.867 0.869 0.872 0.884 0.860 0.816 0.837 0.835 0.865 0.859 0.836 0.873 0.909 0.888 0.871 0.885 0.911 0.895 0.878 0.877 0.873 0.860 0.874 0.833 0.785 0.829 0.770 0.839 0.834 0.834 0.845 0.845 0.846 0.849 0.824 0.812 0.808 0.815 0.838 0.818 0.705 0.659 0.649 0.560 0.580 0.538 0.457 0.399 0.400 0.466 0.448 0.480 0.484 0.412 0.484 0.271 0.225 0.235 0.244 0.244 0.242 0.251 0.255 0.268 0.278 0.353 0.395 0.445 0.491 0.486 0.394 0.324 0.408 0.244 0.250 0.242 0.249 0.260 0.290 0.303 0.306 0.229 0.166 0.139 0.139 0.140 0.131 0.132 0.130 0.122 0.130 0.121 0.117 0.131 0.140 0.128 0.113 0.112 0.113 0.105 0.111 0.111 0.107 0.107 0.115 0.111 0.112 0.122 0.114 0.115 0.107 0.116 0.108 0.112 0.114 0.120 0.121 0.143 0.124 0.132 0.131 0.131 0.111 0.118 0.116 0.121 0.124 0.122 0.116 0.113 0.101 0.095 0.112 0.100 0.110 0.107 0.135 0.127 0.141 0.157 0.145 0.151 0.130 0.126 0.135 0.122 0.125 0.113 0.124 0.119 0.111 0.115 0.118 0.121 0.118 0.109 0.101 0.106 0.095 0.087 0.062 0.055 0.055 0.056 0.051 0.054 0.056 0.056 0.055 0.054 0.057 0.054 0.048 0.044 0.050 0.047 0.048 0.048 0.052 0.051 0.054 0.061 0.069 0.072 0.075 0.082 0.084 0.074 0.073 0.079 0.078 0.087 0.095 0.115 0.124 0.120 0.127 0.152 0.173 0.234 0.282 0.281 0.300 0.303 0.300 0.296 0.270 0.272 0.284 0.240 0.289 0.320 0.341 0.271 0.364 0.401 0.504 0.629 0.654 0.776 0.795 0.735 0.721 0.649 0.538 0.546 0.471 0.442 0.401
>7sar
0.970 0.972 0.971 0.970 0.972 0.973 0.975 0.975 0.974 0.974 0.971 0.970 0.967 0.958 0.958 0.961 0.965 0.963 0.966 0.965 0.967 0.969 0.967 0.966 0.967 0.967 0.967 0.966 0.963 0.965 0.967 0.964 0.963 0.960 0.957 0.955 0.947 0.932 0.924 0.908 0.888 0.870 0.852 0.856 0.849 0.867 0.869 0.872 0.884 0.860 0.816 0.837 0.835 0.865 0.859 0.836 0.873 0.909 0.888 0.871 0.885 0.911 0.895 0.878 0.877 0.873 0.860 0.874 0.833 0.785 0.829 0.770 0.839 0.834 0.834 0.845 0.845 0.846 0.849 0.824 0.812 0.808 0.815 0.838 0.818 0.705 0.659 0.649 0.560 0.580 0.538 0.457 0.399 0.400 0.466 0.448 0.480 0.484 0.412 0.484 0.271 0.225 0.235 0.244 0.244 0.242 0.251 0.255 0.268 0.278 0.353 0.395 0.445 0.491 0.486 0.394 0.324 0.408 0.244 0.250 0.242 0.249 0.260 0.290 0.303 0.306 0.229 0.166 0.139 0.139 0.140 0.131 0.132 0.130 0.122 0.130 0.121 0.117 0.131 0.140 0.128 0.113 0.112 0.113 0.105 0.111 0.111 0.107 0.107 0.115 0.111 0.112 0.122 0.114 0.115 0.107 0.116 0.108 0.112 0.114 0.120 0.121 0.143 0.124 0.132 0.131 0.131 0.111 0.118 0.116 0.121 0.124 0.122 0.116 0.113 0.101 0.095 0.112 0.100 0.110 0.107 0.135 0.127 0.141 0.157 0.145 0.151 0.130 0.126 0.135 0.122 0.125 0.113 0.124 0.119 0.111 0.115 0.118 0.121 0.118 0.109 0.101 0.106 0.095 0.087 0.062 0.055 0.055 0.056 0.051 0.054 0.056 0.056 0.055 0.054 0.057 0.054 0.048 0.044 0.050 0.047 0.048 0.048 0.052 0.051 0.054 0.061 0.069 0.072 0.075 0.082 0.084 0.074 0.073 0.079 0.078 0.087 0.095 0.115 0.124 0.120 0.127 0.152 0.173 0.234 0.282 0.281 0.300 0.303 0.300 0.296 0.270 0.272 0.284 0.240 0.289 0.320 0.341 0.271 0.364 0.401 0.504 0.629 0.654 0.776 0.795 0.735 0.721 0.649 0.538 0.546 0.471 0.442 0.401
>7sas
0.970 0.972 0.971 0.970 0.972 0.973 0.975 0.975 0.974 0.974 0.971 0.970 0.967 0.958 0.958 0.961 0.965 0.963 0.966 0.965 0.967 0.969 0.967 0.966 0.967 0.967 0.967 0.966 0.963 0.965 0.967 0.964 0.963 0.960 0.957 0.955 0.947 0.932 0.924 0.908 0.888 0.870 0.852 0.856 0.849 0.867 0.869 0.872 0.884 0.860 0.816 0.837 0.835 0.865 0.859 0.836 0.873 0.909 0.888 0.871 0.885 0.911 0.895 0.878 0.877 0.873 0.860 0.874 0.833 0.785 0.829 0.770 0.839 0.834 0.834 0.845 0.845 0.846 0.849 0.824 0.812 0.808 0.815 0.838 0.818 0.705 0.659 0.649 0.560 0.580 0.538 0.457 0.399 0.400 0.466 0.448 0.480 0.484 0.412 0.484 0.271 0.225 0.235 0.244 0.244 0.242 0.251 0.255 0.268 0.278 0.353 0.395 0.445 0.491 0.486 0.394 0.324 0.408 0.244 0.250 0.242 0.249 0.260 0.290 0.303 0.306 0.229 0.166 0.139 0.139 0.140 0.131 0.132 0.130 0.122 0.130 0.121 0.117 0.131 0.140 0.128 0.113 0.112 0.113 0.105 0.111 0.111 0.107 0.107 0.115 0.111 0.112 0.122 0.114 0.115 0.107 0.116 0.108 0.112 0.114 0.120 0.121 0.143 0.124 0.132 0.131 0.131 0.111 0.118 0.116 0.121 0.124 0.122 0.116 0.113 0.101 0.095 0.112 0.100 0.110 0.107 0.135 0.127 0.141 0.157 0.145 0.151 0.130 0.126 0.135 0.122 0.125 0.113 0.124 0.119 0.111 0.115 0.118 0.121 0.118 0.109 0.101 0.106 0.095 0.087 0.062 0.055 0.055 0.056 0.051 0.054 0.056 0.056 0.055 0.054 0.057 0.054 0.048 0.044 0.050 0.047 0.048 0.048 0.052 0.051 0.054 0.061 0.069 0.072 0.075 0.082 0.084 0.074 0.073 0.079 0.078 0.087 0.095 0.115 0.124 0.120 0.127 0.152 0.173 0.234 0.282 0.281 0.300 0.303 0.300 0.296 0.270 0.272 0.284 0.240 0.289 0.320 0.341 0.271 0.364 0.401 0.504 0.629 0.654 0.776 0.795 0.735 0.721 0.649 0.538 0.546 0.471 0.442 0.401
>7sp1
0.921 0.918 0.934 0.933 0.928 0.928 0.936 0.934 0.937 0.940 0.941 0.946 0.944 0.944 0.949 0.953 0.955 0.955 0.954 0.953 0.956 0.955 0.961 0.963 0.968 0.967 0.971 0.971 0.973 0.975 0.975 0.977 0.977 0.979 0.980 0.979 0.979 0.979 0.979 0.979 0.980 0.981 0.981 0.982 0.982 0.983 0.983 0.983 0.983 0.983 0.983 0.983 0.983 0.983 0.983 0.983 0.983 0.982 0.983 0.983 0.983 0.983 0.983 0.983 0.983 0.983 0.983 0.983 0.983 0.983 0.983 0.983 0.983 0.984 0.983 0.983 0.984 0.984 0.984 0.984 0.984 0.984 0.984 0.984 0.984 0.984 0.984 0.984 0.984 0.984 0.984 0.984 0.984 0.984 0.984 0.983 0.984 0.984 0.984 0.983 0.983 0.982 0.982 0.982 0.982 0.982 0.981 0.982 0.981 0.981 0.982 0.981 0.982 0.981 0.981 0.981 0.981 0.980 0.980 0.981 0.980 0.980 0.980 0.980 0.980 0.981 0.980 0.980 0.981 0.981 0.980 0.981 0.981 0.981 0.981 0.981 0.982 0.982 0.982 0.982 0.983 0.983 0.983 0.984 0.984 0.985 0.985 0.985 0.985 0.985 0.985 0.985 0.985 0.985 0.985 0.985 0.985 0.985 0.985 0.985 0.985 0.985 0.986 0.985 0.986 0.986 0.986 0.985 0.985 0.985 0.985 0.985 0.986 0.986 0.985 0.985 0.985 0.985 0.985 0.985 0.985 0.985 0.985 0.985 0.985 0.985 0.985 0.985 0.985 0.985 0.985 0.985 0.985 0.985 0.986 0.986 0.985 0.985 0.985 0.985 0.985 0.986 0.986 0.986 0.985 0.985 0.985 0.985 0.986 0.985 0.985 0.985 0.985 0.985 0.985 0.985 0.985 0.984 0.984 0.984 0.984 0.984 0.984 0.984 0.984 0.983 0.983 0.983 0.983 0.983 0.983 0.983 0.982 0.982 0.982 0.983 0.983 0.981 0.981 0.981 0.980 0.979 0.979 0.978 0.978 0.978 0.977 0.977 0.978 0.977 0.977 0.977 0.976 0.976 0.974 0.973 0.973 0.969 0.965 0.963 0.964 0.963 0.963 0.959 0.946 0.938 0.929 0.892 0.908 0.918 0.900 0.879 0.907 0.907 0.902 0.903 0.897 0.911 0.941 0.954 0.954 0.951 0.953 0.953 0.955 0.953 0.948 0.951 0.943 0.941 0.956 0.957 0.948 0.954 0.938 0.943 0.919 0.941 0.933 0.918 0.915 0.905 0.907 0.888 0.832 0.770 0.941 0.945 0.947 0.957 0.940 0.925 0.811 0.898 0.496 0.689 0.302 0.479 0.512 0.750 0.918 0.915 0.928 0.941 0.901 0.904 0.913 0.926 0.944 0.950 0.949 0.944 0.945 0.950 0.938 0.927 0.812 0.744 0.690 0.672 0.575 0.627 0.603 0.532 0.570 0.553 0.558 0.560 0.475 0.590 0.407 0.446 0.645 0.775 0.802 0.853 0.883 0.906 0.912 0.921 0.934 0.938 0.942 0.946 0.949 0.957 0.956 0.953 0.954 0.952 0.950 0.953 0.957 0.959 0.952 0.952 0.958 0.957 0.958 0.954 0.948 0.952 0.950 0.954 0.957 0.958 0.959 0.963 0.962 0.966 0.968 0.968 0.968 0.969 0.969 0.969 0.965 0.968 0.970 0.973 0.972 0.971 0.971 0.971 0.970 0.971 0.971 0.971 0.972 0.974 0.972 0.971 0.968 0.969 0.966 0.960 0.953 0.944 0.939 0.932 0.932 0.935 0.923 0.900 0.877 0.859 0.847 0.866 0.900 0.889 0.887 0.869 0.853 0.819 0.820 0.795 0.766 0.819 0.828 0.808 0.807
>7t6e
0.842 0.808 0.760 0.737 0.648
>7td6
0.907 0.918 0.915 0.928 0.917 0.905 0.900 0.888 0.876 0.885 0.875 0.876 0.868 0.864 0.868 0.873 0.873 0.888 0.890 0.906 0.904 0.897 0.923 0.915 0.933 0.941 0.946 0.953 0.957 0.965 0.969 0.971 0.975 0.977 0.978 0.979 0.979 0.981 0.982 0.983 0.983 0.984 0.984 0.985 0.985 0.985 0.984 0.984 0.986 0.985 0.986 0.985 0.986 0.986 0.985 0.985 0.986 0.986 0.986 0.986 0.987 0.987 0.987 0.987 0.987 0.987 0.987 0.987 0.987 0.987 0.988 0.988 0.989 0.989 0.988 0.988 0.988 0.989 0.989 0.989 0.989 0.989 0.989 0.989 0.989 0.989 0.989 0.989 0.990 0.990 0.989 0.989 0.988 0.988 0.987 0.986 0.986 0.984 0.981 0.980 0.977 0.977 0.977 0.977 0.977 0.978 0.977 0.977 0.978 0.979 0.980 0.980 0.981 0.981 0.979 0.978 0.974 0.974 0.972 0.976 0.977 0.977 0.975 0.974 0.971 0.972 0.972 0.969 0.969 0.972 0.974 0.972 0.971 0.962 0.952 0.943 0.918 0.910 0.901 0.888 0.854 0.613 0.518 0.303 0.224 0.162 0.127 0.141 0.140 0.136 0.138 0.111 0.096 0.080 0.077 0.086 0.092 0.106 0.107 0.113 0.125 0.143 0.145 0.137 0.121 0.111 0.090 0.073 0.080 0.067 0.063 0.059 0.059 0.064 0.074 0.079 0.077 0.094 0.100 0.104 0.114 0.141 0.137 0.159 0.197 0.172 0.169 0.221 0.231 0.194 0.237 0.303 0.325 0.369 0.377 0.411 0.364 0.319 0.327 0.330 0.313 0.284 0.262 0.254 0.256 0.229 0.233 0.236 0.234 0.249 0.260 0.297 0.291 0.319 0.385 0.364 0.391 0.420 0.445 0.429 0.436 0.487 0.516 0.567 0.627 0.661 0.675 0.659 0.641 0.668 0.688 0.688 0.709 0.742 0.741 0.757 0.773 0.777 0.771 0.779 0.775 0.773 0.767 0.770 0.767 0.771 0.776 0.777 0.774 0.769 0.774 0.779 0.777 0.793
>7tmc
0.970 0.972 0.971 0.970 0.972 0.973 0.975 0.975 0.974 0.974 0.971 0.970 0.967 0.958 0.958 0.961 0.965 0.963 0.966 0.965 0.967 0.969 0.967 0.966 0.967 0.967 0.967 0.966 0.963 0.965 0.967 0.964 0.963 0.960 0.957 0.955 0.947 0.932 0.924 0.908 0.888 0.870 0.852 0.856 0.849 0.867 0.869 0.872 0.884 0.860 0.816 0.837 0.835 0.865 0.859 0.836 0.873 0.909 0.888 0.871 0.885 0.911 0.895 0.878 0.877 0.873 0.860 0.874 0.833 0.785 0.829 0.770 0.839 0.834 0.834 0.845 0.845 0.846 0.849 0.824 0.812 0.808 0.815 0.838 0.818 0.705 0.659 0.649 0.560 0.580 0.538 0.457 0.399 0.400 0.466 0.448 0.480 0.484 0.412 0.484 0.271 0.225 0.235 0.244 0.244 0.242 0.251 0.255 0.268 0.278 0.353 0.395 0.445 0.491 0.486 0.394 0.324 0.408 0.244 0.250 0.242 0.249 0.260 0.290 0.303 0.306 0.229 0.166 0.139 0.139 0.140 0.131 0.132 0.130 0.122 0.130 0.121 0.117 0.131 0.140 0.128 0.113 0.112 0.113 0.105 0.111 0.111 0.107 0.107 0.115 0.111 0.112 0.122 0.114 0.115 0.107 0.116 0.108 0.112 0.114 0.120 0.121 0.143 0.124 0.132 0.131 0.131 0.111 0.118 0.116 0.121 0.124 0.122 0.116 0.113 0.101 0.095 0.112 0.100 0.110 0.107 0.135 0.127 0.141 0.157 0.145 0.151 0.130 0.126 0.135 0.122 0.125 0.113 0.124 0.119 0.111 0.115 0.118 0.121 0.118 0.109 0.101 0.106 0.095 0.087 0.062 0.055 0.055 0.056 0.051 0.054 0.056 0.056 0.055 0.054 0.057 0.054 0.048 0.044 0.050 0.047 0.048 0.048 0.052 0.051 0.054 0.061 0.069 0.072 0.075 0.082 0.084 0.074 0.073 0.079 0.078 0.087 0.095 0.115 0.124 0.120 0.127 0.152 0.173 0.234 0.282 0.281 0.300 0.303 0.300 0.296 0.270 0.272 0.284 0.240 0.289 0.320 0.341 0.271 0.364 0.401 0.504 0.629 0.654 0.776 0.795 0.735 0.721 0.649 0.538 0.546 0.471 0.442 0.401
>7u0z
0.793 0.785 0.907 0.928 0.911 0.922 0.911 0.869 0.859 0.897 0.898 0.881 0.916 0.925 0.849 0.719 0.702 0.636 0.611 0.681 0.705 0.692 0.691 0.639 0.721 0.665 0.719 0.592 0.714 0.640 0.633 0.585 0.535 0.512 0.489 0.478 0.481 0.411 0.444 0.394 0.380 0.398 0.412 0.404 0.378 0.389 0.400 0.447 0.486 0.543 0.582 0.602 0.637 0.681 0.660 0.737 0.712 0.748 0.767 0.804 0.845 0.876 0.885 0.884 0.880 0.842 0.848 0.829 0.823 0.797 0.815 0.767 0.781 0.789 0.754 0.714 0.715 0.694 0.726 0.700 0.726 0.739 0.739 0.755 0.790 0.806 0.823 0.887 0.897 0.908 0.911 0.923 0.928 0.936 0.948 0.953 0.947 0.954 0.952 0.953 0.954 0.957 0.958 0.961 0.960 0.960 0.952 0.944 0.934 0.927
>7u10
0.232 0.258 0.247 0.233 0.233 0.214 0.246 0.233 0.220 0.197 0.173 0.162 0.150 0.145 0.137 0.125 0.141 0.130 0.121 0.123 0.120 0.119 0.109 0.113 0.119 0.118 0.116 0.113 0.110 0.100 0.102 0.088 0.093 0.096 0.092 0.106 0.107 0.120 0.111 0.129 0.129 0.140 0.145 0.181 0.175 0.188 0.207 0.257 0.201 0.271 0.191 0.199 0.190 0.172 0.167 0.179 0.175 0.182 0.279 0.226 0.282 0.298 0.337 0.319 0.338 0.340 0.329 0.334 0.326 0.299 0.319 0.349 0.366 0.326 0.336 0.305 0.290 0.240 0.302 0.333 0.342 0.319 0.327 0.288 0.264 0.250 0.168 0.153 0.139 0.132 0.125 0.108 0.100 0.075 0.074 0.071 0.064 0.057 0.053 0.051 0.057 0.056 0.056 0.060 0.067 0.063 0.073 0.092 0.117 0.105 0.118 0.138 0.131 0.129 0.123 0.125 0.114 0.121 0.143 0.158 0.154 0.148 0.157 0.174 0.206 0.229 0.245 0.247 0.232 0.242 0.252 0.246 0.157 0.153 0.149
>7u11
0.232 0.258 0.247 0.233 0.233 0.214 0.246 0.233 0.220 0.197 0.173 0.162 0.150 0.145 0.137 0.125 0.141 0.130 0.121 0.123 0.120 0.119 0.109 0.113 0.119 0.118 0.116 0.113 0.110 0.100 0.102 0.088 0.093 0.096 0.092 0.106 0.107 0.120 0.111 0.129 0.129 0.140 0.145 0.181 0.175 0.188 0.207 0.257 0.201 0.271 0.191 0.199 0.190 0.172 0.167 0.179 0.175 0.182 0.279 0.226 0.282 0.298 0.337 0.319 0.338 0.340 0.329 0.334 0.326 0.299 0.319 0.349 0.366 0.326 0.336 0.305 0.290 0.240 0.302 0.333 0.342 0.319 0.327 0.288 0.264 0.250 0.168 0.153 0.139 0.132 0.125 0.108 0.100 0.075 0.074 0.071 0.064 0.057 0.053 0.051 0.057 0.056 0.056 0.060 0.067 0.063 0.073 0.092 0.117 0.105 0.118 0.138 0.131 0.129 0.123 0.125 0.114 0.121 0.143 0.158 0.154 0.148 0.157 0.174 0.206 0.229 0.245 0.247 0.232 0.242 0.252 0.246 0.157 0.153 0.149
>7u12
0.232 0.258 0.247 0.233 0.233 0.214 0.246 0.233 0.220 0.197 0.173 0.162 0.150 0.145 0.137 0.125 0.141 0.130 0.121 0.123 0.120 0.119 0.109 0.113 0.119 0.118 0.116 0.113 0.110 0.100 0.102 0.088 0.093 0.096 0.092 0.106 0.107 0.120 0.111 0.129 0.129 0.140 0.145 0.181 0.175 0.188 0.207 0.257 0.201 0.271 0.191 0.199 0.190 0.172 0.167 0.179 0.175 0.182 0.279 0.226 0.282 0.298 0.337 0.319 0.338 0.340 0.329 0.334 0.326 0.299 0.319 0.349 0.366 0.326 0.336 0.305 0.290 0.240 0.302 0.333 0.342 0.319 0.327 0.288 0.264 0.250 0.168 0.153 0.139 0.132 0.125 0.108 0.100 0.075 0.074 0.071 0.064 0.057 0.053 0.051 0.057 0.056 0.056 0.060 0.067 0.063 0.073 0.092 0.117 0.105 0.118 0.138 0.131 0.129 0.123 0.125 0.114 0.121 0.143 0.158 0.154 0.148 0.157 0.174 0.206 0.229 0.245 0.247 0.232 0.242 0.252 0.246 0.157 0.153 0.149
>7u13
0.232 0.258 0.247 0.233 0.233 0.214 0.246 0.233 0.220 0.197 0.173 0.162 0.150 0.145 0.137 0.125 0.141 0.130 0.121 0.123 0.120 0.119 0.109 0.113 0.119 0.118 0.116 0.113 0.110 0.100 0.102 0.088 0.093 0.096 0.092 0.106 0.107 0.120 0.111 0.129 0.129 0.140 0.145 0.181 0.175 0.188 0.207 0.257 0.201 0.271 0.191 0.199 0.190 0.172 0.167 0.179 0.175 0.182 0.279 0.226 0.282 0.298 0.337 0.319 0.338 0.340 0.329 0.334 0.326 0.299 0.319 0.349 0.366 0.326 0.336 0.305 0.290 0.240 0.302 0.333 0.342 0.319 0.327 0.288 0.264 0.250 0.168 0.153 0.139 0.132 0.125 0.108 0.100 0.075 0.074 0.071 0.064 0.057 0.053 0.051 0.057 0.056 0.056 0.060 0.067 0.063 0.073 0.092 0.117 0.105 0.118 0.138 0.131 0.129 0.123 0.125 0.114 0.121 0.143 0.158 0.154 0.148 0.157 0.174 0.206 0.229 0.245 0.247 0.232 0.242 0.252 0.246 0.157 0.153 0.149
>7u14
0.232 0.258 0.247 0.233 0.233 0.214 0.246 0.233 0.220 0.197 0.173 0.162 0.150 0.145 0.137 0.125 0.141 0.130 0.121 0.123 0.120 0.119 0.109 0.113 0.119 0.118 0.116 0.113 0.110 0.100 0.102 0.088 0.093 0.096 0.092 0.106 0.107 0.120 0.111 0.129 0.129 0.140 0.145 0.181 0.175 0.188 0.207 0.257 0.201 0.271 0.191 0.199 0.190 0.172 0.167 0.179 0.175 0.182 0.279 0.226 0.282 0.298 0.337 0.319 0.338 0.340 0.329 0.334 0.326 0.299 0.319 0.349 0.366 0.326 0.336 0.305 0.290 0.240 0.302 0.333 0.342 0.319 0.327 0.288 0.264 0.250 0.168 0.153 0.139 0.132 0.125 0.108 0.100 0.075 0.074 0.071 0.064 0.057 0.053 0.051 0.057 0.056 0.056 0.060 0.067 0.063 0.073 0.092 0.117 0.105 0.118 0.138 0.131 0.129 0.123 0.125 0.114 0.121 0.143 0.158 0.154 0.148 0.157 0.174 0.206 0.229 0.245 0.247 0.232 0.242 0.252 0.246 0.157 0.153 0.149
>7u15
0.232 0.258 0.247 0.233 0.233 0.214 0.246 0.233 0.220 0.197 0.173 0.162 0.150 0.145 0.137 0.125 0.141 0.130 0.121 0.123 0.120 0.119 0.109 0.113 0.119 0.118 0.116 0.113 0.110 0.100 0.102 0.088 0.093 0.096 0.092 0.106 0.107 0.120 0.111 0.129 0.129 0.140 0.145 0.181 0.175 0.188 0.207 0.257 0.201 0.271 0.191 0.199 0.190 0.172 0.167 0.179 0.175 0.182 0.279 0.226 0.282 0.298 0.337 0.319 0.338 0.340 0.329 0.334 0.326 0.299 0.319 0.349 0.366 0.326 0.336 0.305 0.290 0.240 0.302 0.333 0.342 0.319 0.327 0.288 0.264 0.250 0.168 0.153 0.139 0.132 0.125 0.108 0.100 0.075 0.074 0.071 0.064 0.057 0.053 0.051 0.057 0.056 0.056 0.060 0.067 0.063 0.073 0.092 0.117 0.105 0.118 0.138 0.131 0.129 0.123 0.125 0.114 0.121 0.143 0.158 0.154 0.148 0.157 0.174 0.206 0.229 0.245 0.247 0.232 0.242 0.252 0.246 0.157 0.153 0.149
>7u16
0.232 0.258 0.247 0.233 0.233 0.214 0.246 0.233 0.220 0.197 0.173 0.162 0.150 0.145 0.137 0.125 0.141 0.130 0.121 0.123 0.120 0.119 0.109 0.113 0.119 0.118 0.116 0.113 0.110 0.100 0.102 0.088 0.093 0.096 0.092 0.106 0.107 0.120 0.111 0.129 0.129 0.140 0.145 0.181 0.175 0.188 0.207 0.257 0.201 0.271 0.191 0.199 0.190 0.172 0.167 0.179 0.175 0.182 0.279 0.226 0.282 0.298 0.337 0.319 0.338 0.340 0.329 0.334 0.326 0.299 0.319 0.349 0.366 0.326 0.336 0.305 0.290 0.240 0.302 0.333 0.342 0.319 0.327 0.288 0.264 0.250 0.168 0.153 0.139 0.132 0.125 0.108 0.100 0.075 0.074 0.071 0.064 0.057 0.053 0.051 0.057 0.056 0.056 0.060 0.067 0.063 0.073 0.092 0.117 0.105 0.118 0.138 0.131 0.129 0.123 0.125 0.114 0.121 0.143 0.158 0.154 0.148 0.157 0.174 0.206 0.229 0.245 0.247 0.232 0.242 0.252 0.246 0.157 0.153 0.149
>7u17
0.233 0.258 0.247 0.231 0.230 0.208 0.241 0.228 0.215 0.194 0.173 0.158 0.149 0.146 0.138 0.123 0.135 0.123 0.116 0.117 0.116 0.116 0.107 0.111 0.117 0.117 0.117 0.112 0.108 0.099 0.101 0.087 0.091 0.093 0.089 0.103 0.103 0.116 0.107 0.127 0.128 0.141 0.144 0.181 0.173 0.186 0.201 0.257 0.202 0.275 0.189 0.203 0.194 0.176 0.173 0.190 0.189 0.187 0.279 0.219 0.275 0.291 0.332 0.319 0.340 0.342 0.329 0.337 0.324 0.298 0.319 0.346 0.360 0.330 0.344 0.299 0.275 0.225 0.288 0.321 0.334 0.308 0.314 0.270 0.239 0.216 0.160 0.141 0.131 0.125 0.115 0.095 0.090 0.070 0.068 0.065 0.060 0.052 0.050 0.049 0.054 0.053 0.053 0.057 0.065 0.061 0.069 0.086 0.108 0.099 0.110 0.130 0.124 0.119 0.114 0.116 0.109 0.116 0.140 0.155 0.150 0.147 0.156 0.174 0.206 0.228 0.247 0.247 0.236 0.244 0.261 0.253 0.162 0.158 0.154
>7u18
0.233 0.258 0.247 0.231 0.230 0.208 0.241 0.228 0.215 0.194 0.173 0.158 0.149 0.146 0.138 0.123 0.135 0.123 0.116 0.117 0.116 0.116 0.107 0.111 0.117 0.117 0.117 0.112 0.108 0.099 0.101 0.087 0.091 0.093 0.089 0.103 0.103 0.116 0.107 0.127 0.128 0.141 0.144 0.181 0.173 0.186 0.201 0.257 0.202 0.275 0.189 0.203 0.194 0.176 0.173 0.190 0.189 0.187 0.279 0.219 0.275 0.291 0.332 0.319 0.340 0.342 0.329 0.337 0.324 0.298 0.319 0.346 0.360 0.330 0.344 0.299 0.275 0.225 0.288 0.321 0.334 0.308 0.314 0.270 0.239 0.216 0.160 0.141 0.131 0.125 0.115 0.095 0.090 0.070 0.068 0.065 0.060 0.052 0.050 0.049 0.054 0.053 0.053 0.057 0.065 0.061 0.069 0.086 0.108 0.099 0.110 0.130 0.124 0.119 0.114 0.116 0.109 0.116 0.140 0.155 0.150 0.147 0.156 0.174 0.206 0.228 0.247 0.247 0.236 0.244 0.261 0.253 0.162 0.158 0.154
>7uak
0.553 0.795 0.807 0.780 0.792 0.731 0.795 0.817 0.806 0.807 0.765 0.691 0.697 0.647 0.636 0.691 0.659 0.676 0.686 0.711 0.702 0.685 0.649 0.762 0.687 0.644 0.633 0.582 0.602 0.656 0.700 0.798 0.832 0.816 0.760 0.771 0.796 0.882 0.826 0.880 0.896 0.879 0.864 0.883 0.867 0.840 0.821 0.817 0.819 0.834 0.848 0.795 0.793 0.776 0.707 0.681 0.677 0.604 0.553 0.580 0.590 0.617 0.661 0.671 0.680 0.705 0.684 0.691 0.713 0.698 0.699 0.713 0.724 0.709 0.712 0.694 0.684 0.686 0.713 0.783 0.805 0.812 0.808 0.835 0.851 0.880 0.888 0.899 0.896 0.899 0.921 0.924 0.931 0.937 0.939 0.942 0.946 0.949 0.945 0.941 0.933 0.938 0.951 0.956 0.956 0.955 0.952 0.950 0.954 0.951 0.958 0.955 0.959 0.963 0.966 0.966 0.967 0.963 0.962 0.965 0.962 0.963 0.961 0.960 0.959 0.956 0.957 0.961 0.963 0.969 0.971 0.970 0.962 0.972 0.979 0.960 0.960 0.960 0.967 0.006
>7umq
0.946 0.948 0.945 0.951 0.952 0.962 0.963 0.966 0.967 0.968 0.967 0.964 0.960 0.959 0.954 0.957 0.959 0.964 0.967 0.967 0.968 0.969 0.966 0.966 0.964 0.963 0.961 0.961 0.961 0.963 0.965 0.966 0.966 0.965 0.958 0.956 0.951 0.945 0.943 0.945 0.940 0.940 0.937 0.929 0.915 0.915 0.905 0.907 0.901 0.905 0.901 0.915 0.925 0.914 0.904 0.878 0.881 0.880 0.864 0.879 0.801 0.741
>7un5
0.946 0.948 0.945 0.951 0.952 0.962 0.963 0.966 0.967 0.968 0.967 0.964 0.960 0.959 0.954 0.957 0.959 0.964 0.967 0.967 0.968 0.969 0.966 0.966 0.964 0.963 0.961 0.961 0.961 0.963 0.965 0.966 0.966 0.965 0.958 0.956 0.951 0.945 0.943 0.945 0.940 0.940 0.937 0.929 0.915 0.915 0.905 0.907 0.901 0.905 0.901 0.915 0.925 0.914 0.904 0.878 0.881 0.880 0.864 0.879 0.801 0.741
>7upe
0.921 0.918 0.934 0.933 0.928 0.928 0.936 0.934 0.937 0.940 0.941 0.946 0.944 0.944 0.949 0.953 0.955 0.955 0.954 0.953 0.956 0.955 0.961 0.963 0.968 0.967 0.971 0.971 0.973 0.975 0.975 0.977 0.977 0.979 0.980 0.979 0.979 0.979 0.979 0.979 0.980 0.981 0.981 0.982 0.982 0.983 0.983 0.983 0.983 0.983 0.983 0.983 0.983 0.983 0.983 0.983 0.983 0.982 0.983 0.983 0.983 0.983 0.983 0.983 0.983 0.983 0.983 0.983 0.983 0.983 0.983 0.983 0.983 0.984 0.983 0.983 0.984 0.984 0.984 0.984 0.984 0.984 0.984 0.984 0.984 0.984 0.984 0.984 0.984 0.984 0.984 0.984 0.984 0.984 0.984 0.983 0.984 0.984 0.984 0.983 0.983 0.982 0.982 0.982 0.982 0.982 0.981 0.982 0.981 0.981 0.982 0.981 0.982 0.981 0.981 0.981 0.981 0.980 0.980 0.981 0.980 0.980 0.980 0.980 0.980 0.981 0.980 0.980 0.981 0.981 0.980 0.981 0.981 0.981 0.981 0.981 0.982 0.982 0.982 0.982 0.983 0.983 0.983 0.984 0.984 0.985 0.985 0.985 0.985 0.985 0.985 0.985 0.985 0.985 0.985 0.985 0.985 0.985 0.985 0.985 0.985 0.985 0.986 0.985 0.986 0.986 0.986 0.985 0.985 0.985 0.985 0.985 0.986 0.986 0.985 0.985 0.985 0.985 0.985 0.985 0.985 0.985 0.985 0.985 0.985 0.985 0.985 0.985 0.985 0.985 0.985 0.985 0.985 0.985 0.986 0.986 0.985 0.985 0.985 0.985 0.985 0.986 0.986 0.986 0.985 0.985 0.985 0.985 0.986 0.985 0.985 0.985 0.985 0.985 0.985 0.985 0.985 0.984 0.984 0.984 0.984 0.984 0.984 0.984 0.984 0.983 0.983 0.983 0.983 0.983 0.983 0.983 0.982 0.982 0.982 0.983 0.983 0.981 0.981 0.981 0.980 0.979 0.979 0.978 0.978 0.978 0.977 0.977 0.978 0.977 0.977 0.977 0.976 0.976 0.974 0.973 0.973 0.969 0.965 0.963 0.964 0.963 0.963 0.959 0.946 0.938 0.929 0.892 0.908 0.918 0.900 0.879 0.907 0.907 0.902 0.903 0.897 0.911 0.941 0.954 0.954 0.951 0.953 0.953 0.955 0.953 0.948 0.951 0.943 0.941 0.956 0.957 0.948 0.954 0.938 0.943 0.919 0.941 0.933 0.918 0.915 0.905 0.907 0.888 0.832 0.770 0.941 0.945 0.947 0.957 0.940 0.925 0.811 0.898 0.496 0.689 0.302 0.479 0.512 0.750 0.918 0.915 0.928 0.941 0.901 0.904 0.913 0.926 0.944 0.950 0.949 0.944 0.945 0.950 0.938 0.927 0.812 0.744 0.690 0.672 0.575 0.627 0.603 0.532 0.570 0.553 0.558 0.560 0.475 0.590 0.407 0.446 0.645 0.775 0.802 0.853 0.883 0.906 0.912 0.921 0.934 0.938 0.942 0.946 0.949 0.957 0.956 0.953 0.954 0.952 0.950 0.953 0.957 0.959 0.952 0.952 0.958 0.957 0.958 0.954 0.948 0.952 0.950 0.954 0.957 0.958 0.959 0.963 0.962 0.966 0.968 0.968 0.968 0.969 0.969 0.969 0.965 0.968 0.970 0.973 0.972 0.971 0.971 0.971 0.970 0.971 0.971 0.971 0.972 0.974 0.972 0.971 0.968 0.969 0.966 0.960 0.953 0.944 0.939 0.932 0.932 0.935 0.923 0.900 0.877 0.859 0.847 0.866 0.900 0.889 0.887 0.869 0.853 0.819 0.820 0.795 0.766 0.819 0.828 0.808 0.807
>7upf
0.921 0.918 0.934 0.933 0.928 0.928 0.936 0.934 0.937 0.940 0.941 0.946 0.944 0.944 0.949 0.953 0.955 0.955 0.954 0.953 0.956 0.955 0.961 0.963 0.968 0.967 0.971 0.971 0.973 0.975 0.975 0.977 0.977 0.979 0.980 0.979 0.979 0.979 0.979 0.979 0.980 0.981 0.981 0.982 0.982 0.983 0.983 0.983 0.983 0.983 0.983 0.983 0.983 0.983 0.983 0.983 0.983 0.982 0.983 0.983 0.983 0.983 0.983 0.983 0.983 0.983 0.983 0.983 0.983 0.983 0.983 0.983 0.983 0.984 0.983 0.983 0.984 0.984 0.984 0.984 0.984 0.984 0.984 0.984 0.984 0.984 0.984 0.984 0.984 0.984 0.984 0.984 0.984 0.984 0.984 0.983 0.984 0.984 0.984 0.983 0.983 0.982 0.982 0.982 0.982 0.982 0.981 0.982 0.981 0.981 0.982 0.981 0.982 0.981 0.981 0.981 0.981 0.980 0.980 0.981 0.980 0.980 0.980 0.980 0.980 0.981 0.980 0.980 0.981 0.981 0.980 0.981 0.981 0.981 0.981 0.981 0.982 0.982 0.982 0.982 0.983 0.983 0.983 0.984 0.984 0.985 0.985 0.985 0.985 0.985 0.985 0.985 0.985 0.985 0.985 0.985 0.985 0.985 0.985 0.985 0.985 0.985 0.986 0.985 0.986 0.986 0.986 0.985 0.985 0.985 0.985 0.985 0.986 0.986 0.985 0.985 0.985 0.985 0.985 0.985 0.985 0.985 0.985 0.985 0.985 0.985 0.985 0.985 0.985 0.985 0.985 0.985 0.985 0.985 0.986 0.986 0.985 0.985 0.985 0.985 0.985 0.986 0.986 0.986 0.985 0.985 0.985 0.985 0.986 0.985 0.985 0.985 0.985 0.985 0.985 0.985 0.985 0.984 0.984 0.984 0.984 0.984 0.984 0.984 0.984 0.983 0.983 0.983 0.983 0.983 0.983 0.983 0.982 0.982 0.982 0.983 0.983 0.981 0.981 0.981 0.980 0.979 0.979 0.978 0.978 0.978 0.977 0.977 0.978 0.977 0.977 0.977 0.976 0.976 0.974 0.973 0.973 0.969 0.965 0.963 0.964 0.963 0.963 0.959 0.946 0.938 0.929 0.892 0.908 0.918 0.900 0.879 0.907 0.907 0.902 0.903 0.897 0.911 0.941 0.954 0.954 0.951 0.953 0.953 0.955 0.953 0.948 0.951 0.943 0.941 0.956 0.957 0.948 0.954 0.938 0.943 0.919 0.941 0.933 0.918 0.915 0.905 0.907 0.888 0.832 0.770 0.941 0.945 0.947 0.957 0.940 0.925 0.811 0.898 0.496 0.689 0.302 0.479 0.512 0.750 0.918 0.915 0.928 0.941 0.901 0.904 0.913 0.926 0.944 0.950 0.949 0.944 0.945 0.950 0.938 0.927 0.812 0.744 0.690 0.672 0.575 0.627 0.603 0.532 0.570 0.553 0.558 0.560 0.475 0.590 0.407 0.446 0.645 0.775 0.802 0.853 0.883 0.906 0.912 0.921 0.934 0.938 0.942 0.946 0.949 0.957 0.956 0.953 0.954 0.952 0.950 0.953 0.957 0.959 0.952 0.952 0.958 0.957 0.958 0.954 0.948 0.952 0.950 0.954 0.957 0.958 0.959 0.963 0.962 0.966 0.968 0.968 0.968 0.969 0.969 0.969 0.965 0.968 0.970 0.973 0.972 0.971 0.971 0.971 0.970 0.971 0.971 0.971 0.972 0.974 0.972 0.971 0.968 0.969 0.966 0.960 0.953 0.944 0.939 0.932 0.932 0.935 0.923 0.900 0.877 0.859 0.847 0.866 0.900 0.889 0.887 0.869 0.853 0.819 0.820 0.795 0.766 0.819 0.828 0.808 0.807
>7upg
0.921 0.918 0.934 0.933 0.928 0.928 0.936 0.934 0.937 0.940 0.941 0.946 0.944 0.944 0.949 0.953 0.955 0.955 0.954 0.953 0.956 0.955 0.961 0.963 0.968 0.967 0.971 0.971 0.973 0.975 0.975 0.977 0.977 0.979 0.980 0.979 0.979 0.979 0.979 0.979 0.980 0.981 0.981 0.982 0.982 0.983 0.983 0.983 0.983 0.983 0.983 0.983 0.983 0.983 0.983 0.983 0.983 0.982 0.983 0.983 0.983 0.983 0.983 0.983 0.983 0.983 0.983 0.983 0.983 0.983 0.983 0.983 0.983 0.984 0.983 0.983 0.984 0.984 0.984 0.984 0.984 0.984 0.984 0.984 0.984 0.984 0.984 0.984 0.984 0.984 0.984 0.984 0.984 0.984 0.984 0.983 0.984 0.984 0.984 0.983 0.983 0.982 0.982 0.982 0.982 0.982 0.981 0.982 0.981 0.981 0.982 0.981 0.982 0.981 0.981 0.981 0.981 0.980 0.980 0.981 0.980 0.980 0.980 0.980 0.980 0.981 0.980 0.980 0.981 0.981 0.980 0.981 0.981 0.981 0.981 0.981 0.982 0.982 0.982 0.982 0.983 0.983 0.983 0.984 0.984 0.985 0.985 0.985 0.985 0.985 0.985 0.985 0.985 0.985 0.985 0.985 0.985 0.985 0.985 0.985 0.985 0.985 0.986 0.985 0.986 0.986 0.986 0.985 0.985 0.985 0.985 0.985 0.986 0.986 0.985 0.985 0.985 0.985 0.985 0.985 0.985 0.985 0.985 0.985 0.985 0.985 0.985 0.985 0.985 0.985 0.985 0.985 0.985 0.985 0.986 0.986 0.985 0.985 0.985 0.985 0.985 0.986 0.986 0.986 0.985 0.985 0.985 0.985 0.986 0.985 0.985 0.985 0.985 0.985 0.985 0.985 0.985 0.984 0.984 0.984 0.984 0.984 0.984 0.984 0.984 0.983 0.983 0.983 0.983 0.983 0.983 0.983 0.982 0.982 0.982 0.983 0.983 0.981 0.981 0.981 0.980 0.979 0.979 0.978 0.978 0.978 0.977 0.977 0.978 0.977 0.977 0.977 0.976 0.976 0.974 0.973 0.973 0.969 0.965 0.963 0.964 0.963 0.963 0.959 0.946 0.938 0.929 0.892 0.908 0.918 0.900 0.879 0.907 0.907 0.902 0.903 0.897 0.911 0.941 0.954 0.954 0.951 0.953 0.953 0.955 0.953 0.948 0.951 0.943 0.941 0.956 0.957 0.948 0.954 0.938 0.943 0.919 0.941 0.933 0.918 0.915 0.905 0.907 0.888 0.832 0.770 0.941 0.945 0.947 0.957 0.940 0.925 0.811 0.898 0.496 0.689 0.302 0.479 0.512 0.750 0.918 0.915 0.928 0.941 0.901 0.904 0.913 0.926 0.944 0.950 0.949 0.944 0.945 0.950 0.938 0.927 0.812 0.744 0.690 0.672 0.575 0.627 0.603 0.532 0.570 0.553 0.558 0.560 0.475 0.590 0.407 0.446 0.645 0.775 0.802 0.853 0.883 0.906 0.912 0.921 0.934 0.938 0.942 0.946 0.949 0.957 0.956 0.953 0.954 0.952 0.950 0.953 0.957 0.959 0.952 0.952 0.958 0.957 0.958 0.954 0.948 0.952 0.950 0.954 0.957 0.958 0.959 0.963 0.962 0.966 0.968 0.968 0.968 0.969 0.969 0.969 0.965 0.968 0.970 0.973 0.972 0.971 0.971 0.971 0.970 0.971 0.971 0.971 0.972 0.974 0.972 0.971 0.968 0.969 0.966 0.960 0.953 0.944 0.939 0.932 0.932 0.935 0.923 0.900 0.877 0.859 0.847 0.866 0.900 0.889 0.887 0.869 0.853 0.819 0.820 0.795 0.766 0.819 0.828 0.808 0.807
>7uuq
0.862 0.874 0.908 0.835 0.780 0.854 0.586 0.511
>7v47
0.509 0.733 0.748 0.762 0.780 0.724 0.777 0.813 0.789 0.790 0.782 0.729 0.727 0.669 0.662 0.706 0.675 0.677 0.680 0.703 0.699 0.662 0.615 0.743 0.664 0.603 0.598 0.565 0.592 0.637 0.700 0.792 0.842 0.838 0.746 0.779 0.819 0.887 0.872 0.889 0.898 0.866 0.833 0.880 0.849 0.837 0.846 0.832 0.850 0.831 0.862 0.795 0.765 0.749 0.691 0.660 0.654 0.574 0.519 0.545 0.566 0.592 0.624 0.637 0.652 0.681 0.669 0.683 0.684 0.665 0.651 0.674 0.695 0.700 0.707 0.688 0.675 0.679 0.715 0.779 0.805 0.807 0.804 0.833 0.845 0.874 0.885 0.896 0.895 0.892 0.920 0.921 0.929 0.935 0.938 0.942 0.943 0.943 0.938 0.926 0.915 0.917 0.933 0.954 0.954 0.952 0.945 0.948 0.952 0.947 0.955 0.952 0.956 0.961 0.964 0.964 0.965 0.962 0.960 0.963 0.961 0.961 0.960 0.959 0.957 0.955 0.956 0.960 0.962 0.968 0.971 0.969 0.962 0.972 0.978 0.960 0.960 0.959 0.966 0.006
>7v48
0.509 0.733 0.748 0.762 0.780 0.724 0.777 0.813 0.789 0.790 0.782 0.729 0.727 0.669 0.662 0.706 0.675 0.677 0.680 0.703 0.699 0.662 0.615 0.743 0.664 0.603 0.598 0.565 0.592 0.637 0.700 0.792 0.842 0.838 0.746 0.779 0.819 0.887 0.872 0.889 0.898 0.866 0.833 0.880 0.849 0.837 0.846 0.832 0.850 0.831 0.862 0.795 0.765 0.749 0.691 0.660 0.654 0.574 0.519 0.545 0.566 0.592 0.624 0.637 0.652 0.681 0.669 0.683 0.684 0.665 0.651 0.674 0.695 0.700 0.707 0.688 0.675 0.679 0.715 0.779 0.805 0.807 0.804 0.833 0.845 0.874 0.885 0.896 0.895 0.892 0.920 0.921 0.929 0.935 0.938 0.942 0.943 0.943 0.938 0.926 0.915 0.917 0.933 0.954 0.954 0.952 0.945 0.948 0.952 0.947 0.955 0.952 0.956 0.961 0.964 0.964 0.965 0.962 0.960 0.963 0.961 0.961 0.960 0.959 0.957 0.955 0.956 0.960 0.962 0.968 0.971 0.969 0.962 0.972 0.978 0.960 0.960 0.959 0.966 0.006
>7v49
0.509 0.733 0.748 0.762 0.780 0.724 0.777 0.813 0.789 0.790 0.782 0.729 0.727 0.669 0.662 0.706 0.675 0.677 0.680 0.703 0.699 0.662 0.615 0.743 0.664 0.603 0.598 0.565 0.592 0.637 0.700 0.792 0.842 0.838 0.746 0.779 0.819 0.887 0.872 0.889 0.898 0.866 0.833 0.880 0.849 0.837 0.846 0.832 0.850 0.831 0.862 0.795 0.765 0.749 0.691 0.660 0.654 0.574 0.519 0.545 0.566 0.592 0.624 0.637 0.652 0.681 0.669 0.683 0.684 0.665 0.651 0.674 0.695 0.700 0.707 0.688 0.675 0.679 0.715 0.779 0.805 0.807 0.804 0.833 0.845 0.874 0.885 0.896 0.895 0.892 0.920 0.921 0.929 0.935 0.938 0.942 0.943 0.943 0.938 0.926 0.915 0.917 0.933 0.954 0.954 0.952 0.945 0.948 0.952 0.947 0.955 0.952 0.956 0.961 0.964 0.964 0.965 0.962 0.960 0.963 0.961 0.961 0.960 0.959 0.957 0.955 0.956 0.960 0.962 0.968 0.971 0.969 0.962 0.972 0.978 0.960 0.960 0.959 0.966 0.006
>7v4a
0.509 0.733 0.748 0.762 0.780 0.724 0.777 0.813 0.789 0.790 0.782 0.729 0.727 0.669 0.662 0.706 0.675 0.677 0.680 0.703 0.699 0.662 0.615 0.743 0.664 0.603 0.598 0.565 0.592 0.637 0.700 0.792 0.842 0.838 0.746 0.779 0.819 0.887 0.872 0.889 0.898 0.866 0.833 0.880 0.849 0.837 0.846 0.832 0.850 0.831 0.862 0.795 0.765 0.749 0.691 0.660 0.654 0.574 0.519 0.545 0.566 0.592 0.624 0.637 0.652 0.681 0.669 0.683 0.684 0.665 0.651 0.674 0.695 0.700 0.707 0.688 0.675 0.679 0.715 0.779 0.805 0.807 0.804 0.833 0.845 0.874 0.885 0.896 0.895 0.892 0.920 0.921 0.929 0.935 0.938 0.942 0.943 0.943 0.938 0.926 0.915 0.917 0.933 0.954 0.954 0.952 0.945 0.948 0.952 0.947 0.955 0.952 0.956 0.961 0.964 0.964 0.965 0.962 0.960 0.963 0.961 0.961 0.960 0.959 0.957 0.955 0.956 0.960 0.962 0.968 0.971 0.969 0.962 0.972 0.978 0.960 0.960 0.959 0.966 0.006
>7v4b
0.509 0.733 0.748 0.762 0.780 0.724 0.777 0.813 0.789 0.790 0.782 0.729 0.727 0.669 0.662 0.706 0.675 0.677 0.680 0.703 0.699 0.662 0.615 0.743 0.664 0.603 0.598 0.565 0.592 0.637 0.700 0.792 0.842 0.838 0.746 0.779 0.819 0.887 0.872 0.889 0.898 0.866 0.833 0.880 0.849 0.837 0.846 0.832 0.850 0.831 0.862 0.795 0.765 0.749 0.691 0.660 0.654 0.574 0.519 0.545 0.566 0.592 0.624 0.637 0.652 0.681 0.669 0.683 0.684 0.665 0.651 0.674 0.695 0.700 0.707 0.688 0.675 0.679 0.715 0.779 0.805 0.807 0.804 0.833 0.845 0.874 0.885 0.896 0.895 0.892 0.920 0.921 0.929 0.935 0.938 0.942 0.943 0.943 0.938 0.926 0.915 0.917 0.933 0.954 0.954 0.952 0.945 0.948 0.952 0.947 0.955 0.952 0.956 0.961 0.964 0.964 0.965 0.962 0.960 0.963 0.961 0.961 0.960 0.959 0.957 0.955 0.956 0.960 0.962 0.968 0.971 0.969 0.962 0.972 0.978 0.960 0.960 0.959 0.966 0.006
>7v4c
0.509 0.733 0.748 0.762 0.780 0.724 0.777 0.813 0.789 0.790 0.782 0.729 0.727 0.669 0.662 0.706 0.675 0.677 0.680 0.703 0.699 0.662 0.615 0.743 0.664 0.603 0.598 0.565 0.592 0.637 0.700 0.792 0.842 0.838 0.746 0.779 0.819 0.887 0.872 0.889 0.898 0.866 0.833 0.880 0.849 0.837 0.846 0.832 0.850 0.831 0.862 0.795 0.765 0.749 0.691 0.660 0.654 0.574 0.519 0.545 0.566 0.592 0.624 0.637 0.652 0.681 0.669 0.683 0.684 0.665 0.651 0.674 0.695 0.700 0.707 0.688 0.675 0.679 0.715 0.779 0.805 0.807 0.804 0.833 0.845 0.874 0.885 0.896 0.895 0.892 0.920 0.921 0.929 0.935 0.938 0.942 0.943 0.943 0.938 0.926 0.915 0.917 0.933 0.954 0.954 0.952 0.945 0.948 0.952 0.947 0.955 0.952 0.956 0.961 0.964 0.964 0.965 0.962 0.960 0.963 0.961 0.961 0.960 0.959 0.957 0.955 0.956 0.960 0.962 0.968 0.971 0.969 0.962 0.972 0.978 0.960 0.960 0.959 0.966 0.006
>7v4d
0.509 0.733 0.748 0.762 0.780 0.724 0.777 0.813 0.789 0.790 0.782 0.729 0.727 0.669 0.662 0.706 0.675 0.677 0.680 0.703 0.699 0.662 0.615 0.743 0.664 0.603 0.598 0.565 0.592 0.637 0.700 0.792 0.842 0.838 0.746 0.779 0.819 0.887 0.872 0.889 0.898 0.866 0.833 0.880 0.849 0.837 0.846 0.832 0.850 0.831 0.862 0.795 0.765 0.749 0.691 0.660 0.654 0.574 0.519 0.545 0.566 0.592 0.624 0.637 0.652 0.681 0.669 0.683 0.684 0.665 0.651 0.674 0.695 0.700 0.707 0.688 0.675 0.679 0.715 0.779 0.805 0.807 0.804 0.833 0.845 0.874 0.885 0.896 0.895 0.892 0.920 0.921 0.929 0.935 0.938 0.942 0.943 0.943 0.938 0.926 0.915 0.917 0.933 0.954 0.954 0.952 0.945 0.948 0.952 0.947 0.955 0.952 0.956 0.961 0.964 0.964 0.965 0.962 0.960 0.963 0.961 0.961 0.960 0.959 0.957 0.955 0.956 0.960 0.962 0.968 0.971 0.969 0.962 0.972 0.978 0.960 0.960 0.959 0.966 0.006
>7vqq
0.634 0.724 0.655 0.665 0.562 0.534 0.481 0.586 0.565 0.482 0.456 0.355 0.239 0.196 0.160 0.158 0.142 0.180 0.177 0.202 0.204 0.227 0.215 0.206 0.200 0.162 0.152 0.128 0.098 0.092 0.088 0.090 0.103 0.114 0.124 0.163 0.162 0.166 0.145 0.150 0.136 0.120 0.120 0.105 0.095 0.100 0.095 0.093 0.136 0.146 0.178 0.222 0.237 0.296 0.295 0.283 0.227 0.185 0.153 0.140 0.124 0.100 0.093 0.083 0.079 0.100 0.125 0.130 0.121 0.125 0.121 0.118 0.103 0.106 0.096 0.090 0.082 0.075 0.080 0.084 0.090 0.085 0.093 0.098 0.098 0.097 0.106 0.124 0.116 0.107 0.097 0.092 0.073 0.077 0.068 0.066 0.067 0.063 0.063 0.068 0.073 0.077 0.078 0.082 0.100 0.107 0.111 0.112 0.124 0.133 0.131 0.125 0.123 0.114 0.099 0.098 0.097 0.097 0.097 0.100 0.093 0.105 0.104 0.100 0.092 0.096 0.091 0.089 0.077 0.079 0.081 0.088 0.084 0.081 0.078 0.081 0.094 0.097 0.110 0.104 0.109 0.106 0.097 0.095 0.088 0.090 0.104 0.112 0.119 0.120 0.120 0.116 0.120 0.120 0.120 0.106 0.105 0.102 0.103 0.103 0.108 0.116 0.113 0.116 0.106 0.103 0.103 0.098 0.091 0.090 0.083 0.081 0.085 0.084 0.085 0.089 0.129 0.122 0.112 0.103 0.116 0.108 0.110 0.110 0.127 0.122 0.129 0.153 0.153 0.152 0.165 0.174 0.184 0.179 0.172 0.166 0.175 0.179 0.242 0.199 0.183 0.198 0.194 0.203 0.191 0.218 0.263 0.244 0.277 0.290 0.275 0.183 0.134 0.117 0.134 0.100 0.097 0.103 0.103 0.105 0.117 0.106 0.101 0.110 0.125 0.132 0.147 0.161 0.181 0.211 0.218 0.202 0.213 0.215 0.202 0.182 0.175 0.155 0.142 0.185 0.171 0.202 0.150 0.201 0.161 0.143 0.124 0.084 0.078 0.068 0.057 0.051 0.045 0.049 0.058 0.078 0.111 0.135 0.265 0.380 0.417 0.527 0.539 0.734 0.824 0.824 0.820 0.835 0.839 0.864 0.850 0.889 0.920 0.915 0.927 0.926 0.927 0.925 0.940 0.947 0.948 0.954 0.958 0.961 0.965 0.969 0.970 0.971 0.974 0.975 0.976 0.977 0.978 0.977 0.978 0.978 0.977 0.976 0.976 0.977 0.979 0.978 0.977 0.977 0.977 0.977 0.976 0.977 0.977 0.978 0.977 0.979 0.978 0.978 0.977 0.978 0.977 0.978 0.977 0.977 0.978 0.979 0.978 0.979 0.979 0.979 0.979 0.978 0.978 0.977 0.977 0.975 0.976 0.975 0.976 0.977 0.978 0.978 0.978 0.978 0.978 0.977 0.978 0.977 0.978 0.979 0.978 0.977 0.978 0.977 0.978 0.978 0.977 0.978 0.977 0.977 0.976 0.977 0.976 0.977 0.976 0.976 0.974 0.975 0.975 0.975 0.975 0.975 0.974 0.974 0.975 0.976 0.974 0.975 0.974 0.976 0.976 0.976 0.976 0.976 0.975 0.974 0.974 0.974 0.975 0.974 0.973 0.975 0.974 0.976 0.975 0.973 0.971 0.972 0.971 0.973 0.973 0.975 0.975 0.974 0.976 0.975 0.975 0.974 0.974 0.973 0.973 0.972 0.972 0.972 0.973 0.973 0.975 0.974 0.973 0.974 0.975 0.974 0.974 0.975 0.973 0.972 0.973 0.974 0.974 0.976 0.977 0.979 0.980 0.982 0.982 0.983 0.983 0.984 0.985 0.984 0.984 0.984 0.984 0.984 0.984 0.985 0.985 0.985 0.985 0.985 0.985 0.986 0.986 0.986 0.985 0.985 0.985 0.984 0.984 0.983 0.983 0.982 0.982 0.982 0.982 0.983 0.982 0.982 0.983 0.983 0.982 0.982 0.981 0.981 0.981 0.980 0.981 0.981 0.981 0.980 0.979 0.979 0.977 0.977 0.979 0.979 0.884
>7vzf
0.913 0.930 0.915 0.875 0.911 0.808 0.578 0.381 0.168 0.200 0.154 0.112 0.103 0.082 0.074 0.096 0.076 0.089 0.112 0.154 0.139 0.156 0.138 0.138 0.129 0.150 0.140 0.143 0.127 0.149 0.164 0.174 0.174 0.190 0.166 0.167 0.166 0.233 0.158 0.148 0.122 0.112 0.119 0.140 0.157 0.176 0.213 0.191 0.164 0.151 0.137 0.138 0.207 0.154 0.125 0.134 0.295 0.358 0.543 0.755 0.811 0.850 0.846 0.840 0.834 0.825 0.847 0.838 0.884 0.900 0.901 0.897 0.912 0.911 0.913 0.926 0.941 0.947 0.941 0.945 0.950 0.946 0.948 0.954 0.950 0.950 0.947 0.939 0.926 0.920 0.900 0.877 0.875 0.794 0.762 0.720 0.739 0.685 0.778 0.727 0.639 0.635 0.645 0.488 0.404 0.254 0.189 0.121 0.114 0.101 0.094 0.094 0.119 0.123 0.140 0.194 0.481 0.541 0.595 0.669 0.721 0.773 0.805 0.829 0.855 0.864 0.887 0.889 0.922 0.933 0.951 0.941 0.927 0.939 0.934 0.922 0.914 0.917 0.893 0.883 0.914 0.933 0.933 0.930 0.933 0.905 0.920 0.888 0.827 0.708 0.582 0.709 0.021 0.613
>7wmm
0.509 0.733 0.748 0.762 0.780 0.724 0.777 0.813 0.789 0.790 0.782 0.729 0.727 0.669 0.662 0.706 0.675 0.677 0.680 0.703 0.699 0.662 0.615 0.743 0.664 0.603 0.598 0.565 0.592 0.637 0.700 0.792 0.842 0.838 0.746 0.779 0.819 0.887 0.872 0.889 0.898 0.866 0.833 0.880 0.849 0.837 0.846 0.832 0.850 0.831 0.862 0.795 0.765 0.749 0.691 0.660 0.654 0.574 0.519 0.545 0.566 0.592 0.624 0.637 0.652 0.681 0.669 0.683 0.684 0.665 0.651 0.674 0.695 0.700 0.707 0.688 0.675 0.679 0.715 0.779 0.805 0.807 0.804 0.833 0.845 0.874 0.885 0.896 0.895 0.892 0.920 0.921 0.929 0.935 0.938 0.942 0.943 0.943 0.938 0.926 0.915 0.917 0.933 0.954 0.954 0.952 0.945 0.948 0.952 0.947 0.955 0.952 0.956 0.961 0.964 0.964 0.965 0.962 0.960 0.963 0.961 0.961 0.960 0.959 0.957 0.955 0.956 0.960 0.962 0.968 0.971 0.969 0.962 0.972 0.978 0.960 0.960 0.959 0.966 0.006
>7wnz
0.730 0.648 0.596 0.612 0.555 0.568 0.617 0.568 0.571 0.689 0.656 0.624 0.577 0.645 0.663 0.620 0.630 0.635 0.659 0.645 0.647 0.662 0.626 0.599 0.595 0.561 0.541 0.493 0.484 0.475 0.474 0.464 0.493 0.541 0.509 0.514 0.577 0.551 0.552 0.568 0.543 0.568 0.586 0.605 0.627 0.638 0.645 0.657 0.671 0.684 0.729 0.721 0.740 0.721 0.708 0.745 0.715 0.691 0.698 0.712 0.669 0.630 0.629 0.608 0.587
>7wo0
0.582 0.674 0.628 0.598 0.596 0.490 0.523 0.574 0.527 0.532 0.651 0.629 0.615 0.557 0.593 0.670 0.655 0.645 0.654 0.685 0.679 0.696 0.697 0.648 0.615 0.612 0.574 0.548 0.508 0.513 0.504 0.500 0.487 0.513 0.573 0.546 0.551 0.616 0.589 0.595 0.607 0.597 0.623 0.640 0.645 0.654 0.656 0.672 0.691 0.724 0.725 0.762 0.759 0.765 0.754 0.740 0.782 0.750 0.722 0.720 0.724 0.692 0.674 0.661 0.642
>7x83
0.970 0.972 0.971 0.970 0.972 0.973 0.975 0.975 0.974 0.974 0.971 0.970 0.967 0.958 0.958 0.961 0.965 0.963 0.966 0.965 0.967 0.969 0.967 0.966 0.967 0.967 0.967 0.966 0.963 0.965 0.967 0.964 0.963 0.960 0.957 0.955 0.947 0.932 0.924 0.908 0.888 0.870 0.852 0.856 0.849 0.867 0.869 0.872 0.884 0.860 0.816 0.837 0.835 0.865 0.859 0.836 0.873 0.909 0.888 0.871 0.885 0.911 0.895 0.878 0.877 0.873 0.860 0.874 0.833 0.785 0.829 0.770 0.839 0.834 0.834 0.845 0.845 0.846 0.849 0.824 0.812 0.808 0.815 0.838 0.818 0.705 0.659 0.649 0.560 0.580 0.538 0.457 0.399 0.400 0.466 0.448 0.480 0.484 0.412 0.484 0.271 0.225 0.235 0.244 0.244 0.242 0.251 0.255 0.268 0.278 0.353 0.395 0.445 0.491 0.486 0.394 0.324 0.408 0.244 0.250 0.242 0.249 0.260 0.290 0.303 0.306 0.229 0.166 0.139 0.139 0.140 0.131 0.132 0.130 0.122 0.130 0.121 0.117 0.131 0.140 0.128 0.113 0.112 0.113 0.105 0.111 0.111 0.107 0.107 0.115 0.111 0.112 0.122 0.114 0.115 0.107 0.116 0.108 0.112 0.114 0.120 0.121 0.143 0.124 0.132 0.131 0.131 0.111 0.118 0.116 0.121 0.124 0.122 0.116 0.113 0.101 0.095 0.112 0.100 0.110 0.107 0.135 0.127 0.141 0.157 0.145 0.151 0.130 0.126 0.135 0.122 0.125 0.113 0.124 0.119 0.111 0.115 0.118 0.121 0.118 0.109 0.101 0.106 0.095 0.087 0.062 0.055 0.055 0.056 0.051 0.054 0.056 0.056 0.055 0.054 0.057 0.054 0.048 0.044 0.050 0.047 0.048 0.048 0.052 0.051 0.054 0.061 0.069 0.072 0.075 0.082 0.084 0.074 0.073 0.079 0.078 0.087 0.095 0.115 0.124 0.120 0.127 0.152 0.173 0.234 0.282 0.281 0.300 0.303 0.300 0.296 0.270 0.272 0.284 0.240 0.289 0.320 0.341 0.271 0.364 0.401 0.504 0.629 0.654 0.776 0.795 0.735 0.721 0.649 0.538 0.546 0.471 0.442 0.401
>7x84
0.232 0.258 0.247 0.233 0.233 0.214 0.246 0.233 0.220 0.197 0.173 0.162 0.150 0.145 0.137 0.125 0.141 0.130 0.121 0.123 0.120 0.119 0.109 0.113 0.119 0.118 0.116 0.113 0.110 0.100 0.102 0.088 0.093 0.096 0.092 0.106 0.107 0.120 0.111 0.129 0.129 0.140 0.145 0.181 0.175 0.188 0.207 0.257 0.201 0.271 0.191 0.199 0.190 0.172 0.167 0.179 0.175 0.182 0.279 0.226 0.282 0.298 0.337 0.319 0.338 0.340 0.329 0.334 0.326 0.299 0.319 0.349 0.366 0.326 0.336 0.305 0.290 0.240 0.302 0.333 0.342 0.319 0.327 0.288 0.264 0.250 0.168 0.153 0.139 0.132 0.125 0.108 0.100 0.075 0.074 0.071 0.064 0.057 0.053 0.051 0.057 0.056 0.056 0.060 0.067 0.063 0.073 0.092 0.117 0.105 0.118 0.138 0.131 0.129 0.123 0.125 0.114 0.121 0.143 0.158 0.154 0.148 0.157 0.174 0.206 0.229 0.245 0.247 0.232 0.242 0.252 0.246 0.157 0.153 0.149
>7xjx
0.509 0.733 0.748 0.762 0.780 0.724 0.777 0.813 0.789 0.790 0.782 0.729 0.727 0.669 0.662 0.706 0.675 0.677 0.680 0.703 0.699 0.662 0.615 0.743 0.664 0.603 0.598 0.565 0.592 0.637 0.700 0.792 0.842 0.838 0.746 0.779 0.819 0.887 0.872 0.889 0.898 0.866 0.833 0.880 0.849 0.837 0.846 0.832 0.850 0.831 0.862 0.795 0.765 0.749 0.691 0.660 0.654 0.574 0.519 0.545 0.566 0.592 0.624 0.637 0.652 0.681 0.669 0.683 0.684 0.665 0.651 0.674 0.695 0.700 0.707 0.688 0.675 0.679 0.715 0.779 0.805 0.807 0.804 0.833 0.845 0.874 0.885 0.896 0.895 0.892 0.920 0.921 0.929 0.935 0.938 0.942 0.943 0.943 0.938 0.926 0.915 0.917 0.933 0.954 0.954 0.952 0.945 0.948 0.952 0.947 0.955 0.952 0.956 0.961 0.964 0.964 0.965 0.962 0.960 0.963 0.961 0.961 0.960 0.959 0.957 0.955 0.956 0.960 0.962 0.968 0.971 0.969 0.962 0.972 0.978 0.960 0.960 0.959 0.966 0.006
>7xm8
0.630 0.607 0.600 0.601 0.562 0.548 0.556 0.537 0.536 0.516 0.514 0.495 0.455 0.428 0.423 0.408 0.426 0.416 0.374 0.372 0.377 0.371 0.378 0.375 0.378 0.366 0.395 0.378 0.432
>7xo0
0.509 0.733 0.748 0.762 0.780 0.724 0.777 0.813 0.789 0.790 0.782 0.729 0.727 0.669 0.662 0.706 0.675 0.677 0.680 0.703 0.699 0.662 0.615 0.743 0.664 0.603 0.598 0.565 0.592 0.637 0.700 0.792 0.842 0.838 0.746 0.779 0.819 0.887 0.872 0.889 0.898 0.866 0.833 0.880 0.849 0.837 0.846 0.832 0.850 0.831 0.862 0.795 0.765 0.749 0.691 0.660 0.654 0.574 0.519 0.545 0.566 0.592 0.624 0.637 0.652 0.681 0.669 0.683 0.684 0.665 0.651 0.674 0.695 0.700 0.707 0.688 0.675 0.679 0.715 0.779 0.805 0.807 0.804 0.833 0.845 0.874 0.885 0.896 0.895 0.892 0.920 0.921 0.929 0.935 0.938 0.942 0.943 0.943 0.938 0.926 0.915 0.917 0.933 0.954 0.954 0.952 0.945 0.948 0.952 0.947 0.955 0.952 0.956 0.961 0.964 0.964 0.965 0.962 0.960 0.963 0.961 0.961 0.960 0.959 0.957 0.955 0.956 0.960 0.962 0.968 0.971 0.969 0.962 0.972 0.978 0.960 0.960 0.959 0.966 0.006
>7xo1
0.509 0.733 0.748 0.762 0.780 0.724 0.777 0.813 0.789 0.790 0.782 0.729 0.727 0.669 0.662 0.706 0.675 0.677 0.680 0.703 0.699 0.662 0.615 0.743 0.664 0.603 0.598 0.565 0.592 0.637 0.700 0.792 0.842 0.838 0.746 0.779 0.819 0.887 0.872 0.889 0.898 0.866 0.833 0.880 0.849 0.837 0.846 0.832 0.850 0.831 0.862 0.795 0.765 0.749 0.691 0.660 0.654 0.574 0.519 0.545 0.566 0.592 0.624 0.637 0.652 0.681 0.669 0.683 0.684 0.665 0.651 0.674 0.695 0.700 0.707 0.688 0.675 0.679 0.715 0.779 0.805 0.807 0.804 0.833 0.845 0.874 0.885 0.896 0.895 0.892 0.920 0.921 0.929 0.935 0.938 0.942 0.943 0.943 0.938 0.926 0.915 0.917 0.933 0.954 0.954 0.952 0.945 0.948 0.952 0.947 0.955 0.952 0.956 0.961 0.964 0.964 0.965 0.962 0.960 0.963 0.961 0.961 0.960 0.959 0.957 0.955 0.956 0.960 0.962 0.968 0.971 0.969 0.962 0.972 0.978 0.960 0.960 0.959 0.966 0.006
>7xo2
0.509 0.733 0.748 0.762 0.780 0.724 0.777 0.813 0.789 0.790 0.782 0.729 0.727 0.669 0.662 0.706 0.675 0.677 0.680 0.703 0.699 0.662 0.615 0.743 0.664 0.603 0.598 0.565 0.592 0.637 0.700 0.792 0.842 0.838 0.746 0.779 0.819 0.887 0.872 0.889 0.898 0.866 0.833 0.880 0.849 0.837 0.846 0.832 0.850 0.831 0.862 0.795 0.765 0.749 0.691 0.660 0.654 0.574 0.519 0.545 0.566 0.592 0.624 0.637 0.652 0.681 0.669 0.683 0.684 0.665 0.651 0.674 0.695 0.700 0.707 0.688 0.675 0.679 0.715 0.779 0.805 0.807 0.804 0.833 0.845 0.874 0.885 0.896 0.895 0.892 0.920 0.921 0.929 0.935 0.938 0.942 0.943 0.943 0.938 0.926 0.915 0.917 0.933 0.954 0.954 0.952 0.945 0.948 0.952 0.947 0.955 0.952 0.956 0.961 0.964 0.964 0.965 0.962 0.960 0.963 0.961 0.961 0.960 0.959 0.957 0.955 0.956 0.960 0.962 0.968 0.971 0.969 0.962 0.972 0.978 0.960 0.960 0.959 0.966 0.006
>7xo3
0.509 0.733 0.748 0.762 0.780 0.724 0.777 0.813 0.789 0.790 0.782 0.729 0.727 0.669 0.662 0.706 0.675 0.677 0.680 0.703 0.699 0.662 0.615 0.743 0.664 0.603 0.598 0.565 0.592 0.637 0.700 0.792 0.842 0.838 0.746 0.779 0.819 0.887 0.872 0.889 0.898 0.866 0.833 0.880 0.849 0.837 0.846 0.832 0.850 0.831 0.862 0.795 0.765 0.749 0.691 0.660 0.654 0.574 0.519 0.545 0.566 0.592 0.624 0.637 0.652 0.681 0.669 0.683 0.684 0.665 0.651 0.674 0.695 0.700 0.707 0.688 0.675 0.679 0.715 0.779 0.805 0.807 0.804 0.833 0.845 0.874 0.885 0.896 0.895 0.892 0.920 0.921 0.929 0.935 0.938 0.942 0.943 0.943 0.938 0.926 0.915 0.917 0.933 0.954 0.954 0.952 0.945 0.948 0.952 0.947 0.955 0.952 0.956 0.961 0.964 0.964 0.965 0.962 0.960 0.963 0.961 0.961 0.960 0.959 0.957 0.955 0.956 0.960 0.962 0.968 0.971 0.969 0.962 0.972 0.978 0.960 0.960 0.959 0.966 0.006
>7y8q
0.742 0.805 0.799 0.830 0.793 0.782 0.784 0.788 0.763 0.710 0.683 0.648 0.627 0.624 0.621 0.611 0.585 0.537 0.511 0.453 0.433 0.384 0.431 0.414 0.477 0.504 0.426 0.459 0.496 0.552 0.523 0.525 0.548 0.554 0.527 0.514 0.482 0.455 0.415 0.486
>7yat
0.691 0.855 0.839 0.876 0.887 0.900 0.917 0.922 0.929 0.929 0.936 0.940 0.941 0.948 0.938 0.945 0.924 0.927 0.886 0.820 0.803 0.755 0.676 0.657 0.630
>7yk2
0.509 0.733 0.748 0.762 0.780 0.724 0.777 0.813 0.789 0.790 0.782 0.729 0.727 0.669 0.662 0.706 0.675 0.677 0.680 0.703 0.699 0.662 0.615 0.743 0.664 0.603 0.598 0.565 0.592 0.637 0.700 0.792 0.842 0.838 0.746 0.779 0.819 0.887 0.872 0.889 0.898 0.866 0.833 0.880 0.849 0.837 0.846 0.832 0.850 0.831 0.862 0.795 0.765 0.749 0.691 0.660 0.654 0.574 0.519 0.545 0.566 0.592 0.624 0.637 0.652 0.681 0.669 0.683 0.684 0.665 0.651 0.674 0.695 0.700 0.707 0.688 0.675 0.679 0.715 0.779 0.805 0.807 0.804 0.833 0.845 0.874 0.885 0.896 0.895 0.892 0.920 0.921 0.929 0.935 0.938 0.942 0.943 0.943 0.938 0.926 0.915 0.917 0.933 0.954 0.954 0.952 0.945 0.948 0.952 0.947 0.955 0.952 0.956 0.961 0.964 0.964 0.965 0.962 0.960 0.963 0.961 0.961 0.960 0.959 0.957 0.955 0.956 0.960 0.962 0.968 0.971 0.969 0.962 0.972 0.978 0.960 0.960 0.959 0.966 0.006
>7yk8
0.509 0.733 0.748 0.762 0.780 0.724 0.777 0.813 0.789 0.790 0.782 0.729 0.727 0.669 0.662 0.706 0.675 0.677 0.680 0.703 0.699 0.662 0.615 0.743 0.664 0.603 0.598 0.565 0.592 0.637 0.700 0.792 0.842 0.838 0.746 0.779 0.819 0.887 0.872 0.889 0.898 0.866 0.833 0.880 0.849 0.837 0.846 0.832 0.850 0.831 0.862 0.795 0.765 0.749 0.691 0.660 0.654 0.574 0.519 0.545 0.566 0.592 0.624 0.637 0.652 0.681 0.669 0.683 0.684 0.665 0.651 0.674 0.695 0.700 0.707 0.688 0.675 0.679 0.715 0.779 0.805 0.807 0.804 0.833 0.845 0.874 0.885 0.896 0.895 0.892 0.920 0.921 0.929 0.935 0.938 0.942 0.943 0.943 0.938 0.926 0.915 0.917 0.933 0.954 0.954 0.952 0.945 0.948 0.952 0.947 0.955 0.952 0.956 0.961 0.964 0.964 0.965 0.962 0.960 0.963 0.961 0.961 0.960 0.959 0.957 0.955 0.956 0.960 0.962 0.968 0.971 0.969 0.962 0.972 0.978 0.960 0.960 0.959 0.966 0.006
>7ykw
0.613 0.575 0.568 0.554 0.559 0.598 0.616 0.633 0.615 0.622 0.619 0.614 0.612 0.611 0.626 0.622 0.623 0.703 0.751 0.798 0.829 0.838 0.841 0.840 0.849 0.863 0.877 0.893 0.896 0.911 0.912 0.922 0.926 0.920 0.910 0.885 0.874
>7yl0
0.613 0.575 0.568 0.554 0.559 0.598 0.616 0.633 0.615 0.622 0.619 0.614 0.612 0.611 0.626 0.622 0.623 0.703 0.751 0.798 0.829 0.838 0.841 0.840 0.849 0.863 0.877 0.893 0.896 0.911 0.912 0.922 0.926 0.920 0.910 0.885 0.874
>7yl3
0.613 0.575 0.568 0.554 0.559 0.598 0.616 0.633 0.615 0.622 0.619 0.614 0.612 0.611 0.626 0.622 0.623 0.703 0.751 0.798 0.829 0.838 0.841 0.840 0.849 0.863 0.877 0.893 0.896 0.911 0.912 0.922 0.926 0.920 0.910 0.885 0.874
>7yl7
0.613 0.575 0.568 0.554 0.559 0.598 0.616 0.633 0.615 0.622 0.619 0.614 0.612 0.611 0.626 0.622 0.623 0.703 0.751 0.798 0.829 0.838 0.841 0.840 0.849 0.863 0.877 0.893 0.896 0.911 0.912 0.922 0.926 0.920 0.910 0.885 0.874
>7ymn
0.841 0.774 0.764 0.509 0.485 0.376 0.607 0.540 0.526 0.448 0.481 0.425 0.428 0.449 0.364 0.393 0.422 0.400 0.373 0.368 0.369 0.387 0.522 0.603 0.700 0.760 0.795 0.801 0.815 0.854 0.868 0.854 0.857 0.854 0.885 0.905 0.918 0.906 0.923 0.912 0.898 0.896 0.903 0.900 0.887 0.899 0.880 0.876 0.875 0.862 0.841 0.849 0.824 0.830 0.822 0.819 0.819 0.834 0.839 0.855 0.875 0.887 0.896 0.895 0.905 0.901 0.911 0.920 0.925 0.935 0.938 0.929 0.930 0.919 0.921 0.919 0.909 0.924 0.933 0.934 0.943 0.934 0.926 0.927 0.923 0.910 0.895 0.891 0.896 0.902 0.892 0.906 0.893 0.924 0.918
>7ynf
0.509 0.733 0.748 0.762 0.780 0.724 0.777 0.813 0.789 0.790 0.782 0.729 0.727 0.669 0.662 0.706 0.675 0.677 0.680 0.703 0.699 0.662 0.615 0.743 0.664 0.603 0.598 0.565 0.592 0.637 0.700 0.792 0.842 0.838 0.746 0.779 0.819 0.887 0.872 0.889 0.898 0.866 0.833 0.880 0.849 0.837 0.846 0.832 0.850 0.831 0.862 0.795 0.765 0.749 0.691 0.660 0.654 0.574 0.519 0.545 0.566 0.592 0.624 0.637 0.652 0.681 0.669 0.683 0.684 0.665 0.651 0.674 0.695 0.700 0.707 0.688 0.675 0.679 0.715 0.779 0.805 0.807 0.804 0.833 0.845 0.874 0.885 0.896 0.895 0.892 0.920 0.921 0.929 0.935 0.938 0.942 0.943 0.943 0.938 0.926 0.915 0.917 0.933 0.954 0.954 0.952 0.945 0.948 0.952 0.947 0.955 0.952 0.956 0.961 0.964 0.964 0.965 0.962 0.960 0.963 0.961 0.961 0.960 0.959 0.957 0.955 0.956 0.960 0.962 0.968 0.971 0.969 0.962 0.972 0.978 0.960 0.960 0.959 0.966 0.006
>7yng
0.509 0.733 0.748 0.762 0.780 0.724 0.777 0.813 0.789 0.790 0.782 0.729 0.727 0.669 0.662 0.706 0.675 0.677 0.680 0.703 0.699 0.662 0.615 0.743 0.664 0.603 0.598 0.565 0.592 0.637 0.700 0.792 0.842 0.838 0.746 0.779 0.819 0.887 0.872 0.889 0.898 0.866 0.833 0.880 0.849 0.837 0.846 0.832 0.850 0.831 0.862 0.795 0.765 0.749 0.691 0.660 0.654 0.574 0.519 0.545 0.566 0.592 0.624 0.637 0.652 0.681 0.669 0.683 0.684 0.665 0.651 0.674 0.695 0.700 0.707 0.688 0.675 0.679 0.715 0.779 0.805 0.807 0.804 0.833 0.845 0.874 0.885 0.896 0.895 0.892 0.920 0.921 0.929 0.935 0.938 0.942 0.943 0.943 0.938 0.926 0.915 0.917 0.933 0.954 0.954 0.952 0.945 0.948 0.952 0.947 0.955 0.952 0.956 0.961 0.964 0.964 0.965 0.962 0.960 0.963 0.961 0.961 0.960 0.959 0.957 0.955 0.956 0.960 0.962 0.968 0.971 0.969 0.962 0.972 0.978 0.960 0.960 0.959 0.966 0.006
>7ynl
0.509 0.733 0.748 0.762 0.780 0.724 0.777 0.813 0.789 0.790 0.782 0.729 0.727 0.669 0.662 0.706 0.675 0.677 0.680 0.703 0.699 0.662 0.615 0.743 0.664 0.603 0.598 0.565 0.592 0.637 0.700 0.792 0.842 0.838 0.746 0.779 0.819 0.887 0.872 0.889 0.898 0.866 0.833 0.880 0.849 0.837 0.846 0.832 0.850 0.831 0.862 0.795 0.765 0.749 0.691 0.660 0.654 0.574 0.519 0.545 0.566 0.592 0.624 0.637 0.652 0.681 0.669 0.683 0.684 0.665 0.651 0.674 0.695 0.700 0.707 0.688 0.675 0.679 0.715 0.779 0.805 0.807 0.804 0.833 0.845 0.874 0.885 0.896 0.895 0.892 0.920 0.921 0.929 0.935 0.938 0.942 0.943 0.943 0.938 0.926 0.915 0.917 0.933 0.954 0.954 0.952 0.945 0.948 0.952 0.947 0.955 0.952 0.956 0.961 0.964 0.964 0.965 0.962 0.960 0.963 0.961 0.961 0.960 0.959 0.957 0.955 0.956 0.960 0.962 0.968 0.971 0.969 0.962 0.972 0.978 0.960 0.960 0.959 0.966 0.006
>7ynm
0.509 0.733 0.748 0.762 0.780 0.724 0.777 0.813 0.789 0.790 0.782 0.729 0.727 0.669 0.662 0.706 0.675 0.677 0.680 0.703 0.699 0.662 0.615 0.743 0.664 0.603 0.598 0.565 0.592 0.637 0.700 0.792 0.842 0.838 0.746 0.779 0.819 0.887 0.872 0.889 0.898 0.866 0.833 0.880 0.849 0.837 0.846 0.832 0.850 0.831 0.862 0.795 0.765 0.749 0.691 0.660 0.654 0.574 0.519 0.545 0.566 0.592 0.624 0.637 0.652 0.681 0.669 0.683 0.684 0.665 0.651 0.674 0.695 0.700 0.707 0.688 0.675 0.679 0.715 0.779 0.805 0.807 0.804 0.833 0.845 0.874 0.885 0.896 0.895 0.892 0.920 0.921 0.929 0.935 0.938 0.942 0.943 0.943 0.938 0.926 0.915 0.917 0.933 0.954 0.954 0.952 0.945 0.948 0.952 0.947 0.955 0.952 0.956 0.961 0.964 0.964 0.965 0.962 0.960 0.963 0.961 0.961 0.960 0.959 0.957 0.955 0.956 0.960 0.962 0.968 0.971 0.969 0.962 0.972 0.978 0.960 0.960 0.959 0.966 0.006
>7ynn
0.509 0.733 0.748 0.762 0.780 0.724 0.777 0.813 0.789 0.790 0.782 0.729 0.727 0.669 0.662 0.706 0.675 0.677 0.680 0.703 0.699 0.662 0.615 0.743 0.664 0.603 0.598 0.565 0.592 0.637 0.700 0.792 0.842 0.838 0.746 0.779 0.819 0.887 0.872 0.889 0.898 0.866 0.833 0.880 0.849 0.837 0.846 0.832 0.850 0.831 0.862 0.795 0.765 0.749 0.691 0.660 0.654 0.574 0.519 0.545 0.566 0.592 0.624 0.637 0.652 0.681 0.669 0.683 0.684 0.665 0.651 0.674 0.695 0.700 0.707 0.688 0.675 0.679 0.715 0.779 0.805 0.807 0.804 0.833 0.845 0.874 0.885 0.896 0.895 0.892 0.920 0.921 0.929 0.935 0.938 0.942 0.943 0.943 0.938 0.926 0.915 0.917 0.933 0.954 0.954 0.952 0.945 0.948 0.952 0.947 0.955 0.952 0.956 0.961 0.964 0.964 0.965 0.962 0.960 0.963 0.961 0.961 0.960 0.959 0.957 0.955 0.956 0.960 0.962 0.968 0.971 0.969 0.962 0.972 0.978 0.960 0.960 0.959 0.966 0.006
>7yno
0.509 0.733 0.748 0.762 0.780 0.724 0.777 0.813 0.789 0.790 0.782 0.729 0.727 0.669 0.662 0.706 0.675 0.677 0.680 0.703 0.699 0.662 0.615 0.743 0.664 0.603 0.598 0.565 0.592 0.637 0.700 0.792 0.842 0.838 0.746 0.779 0.819 0.887 0.872 0.889 0.898 0.866 0.833 0.880 0.849 0.837 0.846 0.832 0.850 0.831 0.862 0.795 0.765 0.749 0.691 0.660 0.654 0.574 0.519 0.545 0.566 0.592 0.624 0.637 0.652 0.681 0.669 0.683 0.684 0.665 0.651 0.674 0.695 0.700 0.707 0.688 0.675 0.679 0.715 0.779 0.805 0.807 0.804 0.833 0.845 0.874 0.885 0.896 0.895 0.892 0.920 0.921 0.929 0.935 0.938 0.942 0.943 0.943 0.938 0.926 0.915 0.917 0.933 0.954 0.954 0.952 0.945 0.948 0.952 0.947 0.955 0.952 0.956 0.961 0.964 0.964 0.965 0.962 0.960 0.963 0.961 0.961 0.960 0.959 0.957 0.955 0.956 0.960 0.962 0.968 0.971 0.969 0.962 0.972 0.978 0.960 0.960 0.959 0.966 0.006
>7ynp
0.509 0.733 0.748 0.762 0.780 0.724 0.777 0.813 0.789 0.790 0.782 0.729 0.727 0.669 0.662 0.706 0.675 0.677 0.680 0.703 0.699 0.662 0.615 0.743 0.664 0.603 0.598 0.565 0.592 0.637 0.700 0.792 0.842 0.838 0.746 0.779 0.819 0.887 0.872 0.889 0.898 0.866 0.833 0.880 0.849 0.837 0.846 0.832 0.850 0.831 0.862 0.795 0.765 0.749 0.691 0.660 0.654 0.574 0.519 0.545 0.566 0.592 0.624 0.637 0.652 0.681 0.669 0.683 0.684 0.665 0.651 0.674 0.695 0.700 0.707 0.688 0.675 0.679 0.715 0.779 0.805 0.807 0.804 0.833 0.845 0.874 0.885 0.896 0.895 0.892 0.920 0.921 0.929 0.935 0.938 0.942 0.943 0.943 0.938 0.926 0.915 0.917 0.933 0.954 0.954 0.952 0.945 0.948 0.952 0.947 0.955 0.952 0.956 0.961 0.964 0.964 0.965 0.962 0.960 0.963 0.961 0.961 0.960 0.959 0.957 0.955 0.956 0.960 0.962 0.968 0.971 0.969 0.962 0.972 0.978 0.960 0.960 0.959 0.966 0.006
>7ynq
0.509 0.733 0.748 0.762 0.780 0.724 0.777 0.813 0.789 0.790 0.782 0.729 0.727 0.669 0.662 0.706 0.675 0.677 0.680 0.703 0.699 0.662 0.615 0.743 0.664 0.603 0.598 0.565 0.592 0.637 0.700 0.792 0.842 0.838 0.746 0.779 0.819 0.887 0.872 0.889 0.898 0.866 0.833 0.880 0.849 0.837 0.846 0.832 0.850 0.831 0.862 0.795 0.765 0.749 0.691 0.660 0.654 0.574 0.519 0.545 0.566 0.592 0.624 0.637 0.652 0.681 0.669 0.683 0.684 0.665 0.651 0.674 0.695 0.700 0.707 0.688 0.675 0.679 0.715 0.779 0.805 0.807 0.804 0.833 0.845 0.874 0.885 0.896 0.895 0.892 0.920 0.921 0.929 0.935 0.938 0.942 0.943 0.943 0.938 0.926 0.915 0.917 0.933 0.954 0.954 0.952 0.945 0.948 0.952 0.947 0.955 0.952 0.956 0.961 0.964 0.964 0.965 0.962 0.960 0.963 0.961 0.961 0.960 0.959 0.957 0.955 0.956 0.960 0.962 0.968 0.971 0.969 0.962 0.972 0.978 0.960 0.960 0.959 0.966 0.006
>7ynr
0.509 0.733 0.748 0.762 0.780 0.724 0.777 0.813 0.789 0.790 0.782 0.729 0.727 0.669 0.662 0.706 0.675 0.677 0.680 0.703 0.699 0.662 0.615 0.743 0.664 0.603 0.598 0.565 0.592 0.637 0.700 0.792 0.842 0.838 0.746 0.779 0.819 0.887 0.872 0.889 0.898 0.866 0.833 0.880 0.849 0.837 0.846 0.832 0.850 0.831 0.862 0.795 0.765 0.749 0.691 0.660 0.654 0.574 0.519 0.545 0.566 0.592 0.624 0.637 0.652 0.681 0.669 0.683 0.684 0.665 0.651 0.674 0.695 0.700 0.707 0.688 0.675 0.679 0.715 0.779 0.805 0.807 0.804 0.833 0.845 0.874 0.885 0.896 0.895 0.892 0.920 0.921 0.929 0.935 0.938 0.942 0.943 0.943 0.938 0.926 0.915 0.917 0.933 0.954 0.954 0.952 0.945 0.948 0.952 0.947 0.955 0.952 0.956 0.961 0.964 0.964 0.965 0.962 0.960 0.963 0.961 0.961 0.960 0.959 0.957 0.955 0.956 0.960 0.962 0.968 0.971 0.969 0.962 0.972 0.978 0.960 0.960 0.959 0.966 0.006
>7yns
0.509 0.733 0.748 0.762 0.780 0.724 0.777 0.813 0.789 0.790 0.782 0.729 0.727 0.669 0.662 0.706 0.675 0.677 0.680 0.703 0.699 0.662 0.615 0.743 0.664 0.603 0.598 0.565 0.592 0.637 0.700 0.792 0.842 0.838 0.746 0.779 0.819 0.887 0.872 0.889 0.898 0.866 0.833 0.880 0.849 0.837 0.846 0.832 0.850 0.831 0.862 0.795 0.765 0.749 0.691 0.660 0.654 0.574 0.519 0.545 0.566 0.592 0.624 0.637 0.652 0.681 0.669 0.683 0.684 0.665 0.651 0.674 0.695 0.700 0.707 0.688 0.675 0.679 0.715 0.779 0.805 0.807 0.804 0.833 0.845 0.874 0.885 0.896 0.895 0.892 0.920 0.921 0.929 0.935 0.938 0.942 0.943 0.943 0.938 0.926 0.915 0.917 0.933 0.954 0.954 0.952 0.945 0.948 0.952 0.947 0.955 0.952 0.956 0.961 0.964 0.964 0.965 0.962 0.960 0.963 0.961 0.961 0.960 0.959 0.957 0.955 0.956 0.960 0.962 0.968 0.971 0.969 0.962 0.972 0.978 0.960 0.960 0.959 0.966 0.006
>7ynt
0.509 0.733 0.748 0.762 0.780 0.724 0.777 0.813 0.789 0.790 0.782 0.729 0.727 0.669 0.662 0.706 0.675 0.677 0.680 0.703 0.699 0.662 0.615 0.743 0.664 0.603 0.598 0.565 0.592 0.637 0.700 0.792 0.842 0.838 0.746 0.779 0.819 0.887 0.872 0.889 0.898 0.866 0.833 0.880 0.849 0.837 0.846 0.832 0.850 0.831 0.862 0.795 0.765 0.749 0.691 0.660 0.654 0.574 0.519 0.545 0.566 0.592 0.624 0.637 0.652 0.681 0.669 0.683 0.684 0.665 0.651 0.674 0.695 0.700 0.707 0.688 0.675 0.679 0.715 0.779 0.805 0.807 0.804 0.833 0.845 0.874 0.885 0.896 0.895 0.892 0.920 0.921 0.929 0.935 0.938 0.942 0.943 0.943 0.938 0.926 0.915 0.917 0.933 0.954 0.954 0.952 0.945 0.948 0.952 0.947 0.955 0.952 0.956 0.961 0.964 0.964 0.965 0.962 0.960 0.963 0.961 0.961 0.960 0.959 0.957 0.955 0.956 0.960 0.962 0.968 0.971 0.969 0.962 0.972 0.978 0.960 0.960 0.959 0.966 0.006
>7ypg
0.827 0.510 0.482 0.464 0.364 0.358 0.283 0.504 0.513 0.491 0.397 0.414 0.347 0.323 0.359 0.325 0.364 0.408 0.391 0.354 0.325 0.325 0.359 0.475 0.555 0.656 0.718 0.767 0.780 0.795 0.837 0.855 0.841 0.844 0.834 0.878 0.899 0.912 0.905 0.919 0.906 0.891 0.888 0.892 0.892 0.878 0.890 0.873 0.870 0.871 0.855 0.833 0.842 0.811 0.820 0.818 0.817 0.818 0.833 0.838 0.847 0.868 0.881 0.895 0.892 0.903 0.899 0.908 0.918 0.924 0.934 0.937 0.928 0.929 0.917 0.919 0.916 0.906 0.922 0.931 0.933 0.941 0.933 0.923 0.925 0.922 0.909 0.893 0.888 0.893 0.901 0.889 0.905 0.892 0.923 0.917
>7z40
0.820 0.736 0.686 0.646 0.566 0.527 0.427 0.383 0.412 0.405 0.353 0.333 0.290 0.227 0.173 0.153 0.141 0.112 0.087 0.073 0.067 0.051 0.058 0.063 0.061 0.064 0.079 0.082 0.095 0.103 0.114 0.136 0.144 0.139 0.134 0.136 0.141 0.156 0.183 0.203 0.211 0.271 0.311 0.327 0.345 0.363 0.350 0.361 0.395 0.392 0.394 0.395 0.396 0.391 0.407 0.408 0.426 0.388 0.394 0.368 0.334 0.275 0.267 0.239 0.258 0.227 0.226 0.214 0.210 0.208 0.210 0.211 0.207 0.192 0.186 0.179 0.177 0.203 0.178 0.175 0.174 0.160 0.142 0.117 0.114 0.105 0.094 0.097 0.102 0.100 0.117 0.112 0.107 0.108 0.092 0.084 0.085 0.078 0.071 0.066 0.058 0.053 0.053 0.050 0.048 0.059 0.068 0.084 0.093 0.090 0.085 0.080 0.073 0.076 0.091 0.113 0.109 0.114 0.140 0.163 0.161 0.169 0.186 0.200 0.236 0.298 0.300
>7zh7
0.794 0.801 0.839 0.883 0.917 0.892 0.891 0.866 0.882 0.849 0.826 0.791 0.738 0.671 0.609 0.575 0.536 0.519 0.526 0.515 0.504 0.462 0.384 0.380 0.329 0.312 0.261 0.227 0.207 0.200 0.196 0.168 0.166 0.195 0.200 0.174 0.199 0.203 0.208 0.203 0.206 0.200 0.198 0.194 0.228 0.255 0.238 0.244 0.266 0.277 0.321 0.318 0.278 0.279 0.275 0.257 0.252 0.269 0.306 0.375 0.313 0.345 0.325 0.337 0.350 0.346 0.258 0.271 0.338 0.364 0.286 0.279 0.298 0.271 0.247 0.233 0.214 0.216 0.257 0.290 0.292 0.287 0.307 0.360 0.407 0.440 0.494 0.593 0.677 0.697 0.741 0.760 0.758 0.799 0.841 0.823 0.836 0.873 0.867 0.872 0.886 0.889 0.895 0.916 0.935 0.930 0.933 0.944 0.937 0.939 0.931 0.936 0.932 0.917 0.928 0.935 0.918 0.921 0.921 0.927 0.940 0.946 0.950 0.945 0.956 0.950 0.947 0.956 0.954
>7zir
0.968 0.967 0.968 0.969 0.969 0.971 0.970 0.969 0.970 0.970 0.971 0.971 0.972 0.971 0.971 0.969 0.965 0.950 0.943 0.933 0.941 0.939 0.934 0.906 0.887 0.876 0.869 0.873 0.840 0.798 0.761 0.732 0.697 0.644 0.596 0.606 0.562 0.557 0.528 0.547 0.480 0.396 0.352 0.369 0.346 0.369 0.377 0.386 0.339 0.330 0.331 0.321 0.291 0.285 0.260 0.260 0.270 0.267 0.288 0.283 0.271 0.253 0.258 0.267 0.245 0.263 0.267 0.282 0.295 0.324 0.387 0.365 0.430 0.457 0.464 0.474 0.555 0.611 0.620 0.637 0.671 0.681 0.703 0.737 0.780 0.790 0.811 0.817 0.816 0.795 0.789 0.839 0.851 0.865 0.862 0.859 0.858 0.874 0.886 0.875 0.851 0.823 0.793 0.747 0.765 0.765 0.788 0.763 0.771 0.804 0.815 0.814 0.816 0.838 0.843 0.833 0.818 0.825 0.830 0.839 0.851 0.848 0.837 0.813 0.796 0.765 0.770 0.725 0.722 0.675 0.562 0.590 0.541 0.520 0.432 0.411 0.352 0.357 0.294 0.266 0.240 0.226 0.211 0.208 0.222 0.203 0.163 0.137 0.113 0.093 0.074 0.077 0.080 0.077 0.080 0.082 0.079 0.076 0.079 0.083 0.077 0.071 0.085 0.085 0.090 0.082 0.077 0.072 0.061 0.054 0.052 0.043 0.040 0.041 0.046 0.048 0.051 0.046 0.052 0.052 0.047 0.043 0.044 0.042 0.044 0.046 0.048 0.055 0.056 0.063 0.070 0.089 0.097 0.106 0.121 0.135 0.151 0.166 0.168 0.186 0.193 0.204 0.248 0.261 0.294 0.352 0.372 0.466 0.523 0.542 0.536 0.522 0.423 0.347 0.266 0.225 0.204 0.216 0.227 0.211 0.190 0.178 0.187 0.159 0.141 0.134 0.129 0.122 0.100 0.093 0.087 0.072 0.075 0.094 0.089 0.089 0.095 0.097 0.106 0.106 0.111 0.116 0.106 0.103 0.120 0.114 0.112 0.122 0.136 0.134 0.119 0.120 0.114 0.099 0.087 0.087 0.083 0.072 0.079 0.080 0.080 0.083 0.071 0.072 0.076 0.068 0.062 0.062 0.058 0.054 0.050 0.049 0.052 0.056 0.072 0.086 0.102 0.123 0.129 0.140 0.145 0.154 0.154 0.161 0.161 0.178 0.204 0.220 0.228 0.251 0.266 0.280 0.321 0.389 0.448 0.491 0.537 0.563 0.607 0.654 0.673 0.695 0.741 0.760 0.810 0.852 0.885 0.901 0.919 0.936 0.948 0.961 0.969 0.974 0.977 0.979 0.980 0.982 0.983 0.984 0.983 0.982 0.981 0.979 0.973 0.967 0.967 0.965 0.963 0.966 0.964 0.959 0.964 0.963 0.956 0.955 0.950 0.948 0.946 0.940 0.953 0.949 0.962 0.964 0.966 0.964 0.967 0.969 0.969 0.971 0.971 0.973 0.973 0.975 0.977 0.978 0.980 0.980 0.980 0.981 0.980 0.980 0.981 0.981 0.981 0.981 0.981 0.981 0.981 0.980 0.980 0.978 0.979 0.976 0.978 0.976 0.973 0.975 0.974 0.972 0.975 0.975 0.977 0.981 0.981 0.983 0.983 0.984 0.983 0.984 0.983 0.982 0.982 0.982 0.982 0.982 0.982 0.984 0.984 0.985 0.985 0.985 0.984 0.984 0.985 0.985 0.982
>7zj2
0.870 0.803 0.801 0.786 0.741 0.703 0.592 0.614 0.516 0.434 0.394 0.354 0.326 0.258 0.220 0.205 0.200 0.180 0.152 0.140 0.128 0.119 0.107 0.103 0.107 0.105 0.097 0.095 0.095 0.099 0.101 0.101 0.097 0.092 0.089 0.094 0.089 0.095 0.107 0.104 0.108 0.126 0.140 0.151 0.155 0.157 0.160 0.152 0.138 0.142 0.144 0.119 0.125 0.111 0.122 0.140 0.135 0.144 0.150 0.149 0.154 0.138 0.131 0.133 0.120 0.125 0.141 0.136 0.164 0.196 0.208 0.216 0.321 0.352 0.389 0.490 0.594 0.644 0.659 0.654 0.739 0.781 0.757 0.739 0.791 0.770 0.751 0.764 0.745 0.703 0.608 0.588 0.505 0.453 0.359 0.307 0.296 0.274 0.271 0.248 0.196 0.222 0.221 0.245 0.224 0.202 0.191 0.189 0.150 0.119 0.108 0.095 0.091 0.081 0.090 0.107 0.103 0.099 0.110 0.110 0.108 0.106 0.105 0.101 0.098 0.082 0.074 0.071 0.076 0.078 0.078 0.079 0.085 0.095 0.093 0.086 0.088 0.087 0.075 0.063 0.057 0.051 0.047 0.058 0.068 0.079 0.087 0.084 0.088 0.091 0.090 0.083 0.074 0.069 0.059 0.052 0.046 0.042 0.040 0.045 0.057 0.069 0.081 0.091 0.101 0.107 0.109 0.115 0.116 0.104 0.110 0.123 0.140 0.158 0.181 0.189 0.242 0.252 0.282 0.366 0.406 0.489 0.549 0.604 0.660 0.685 0.699 0.770 0.809 0.863 0.888 0.902 0.928 0.949 0.960 0.966 0.970 0.974 0.979 0.981 0.983 0.984 0.984 0.985 0.986 0.986 0.986 0.986 0.985 0.986 0.986 0.986 0.986 0.986 0.984 0.984 0.985 0.986 0.986 0.986 0.987 0.988 0.988 0.989 0.989 0.989 0.989 0.989 0.988 0.989 0.988 0.988 0.989 0.988 0.987 0.988 0.988 0.988 0.988 0.988 0.988 0.987 0.988 0.987 0.986 0.987 0.986 0.985 0.986 0.984 0.984 0.985 0.984 0.983 0.981 0.981 0.980 0.979 0.979 0.976 0.978 0.978 0.977 0.980 0.977 0.979 0.981 0.981 0.978 0.981 0.980 0.981 0.982 0.981 0.983 0.982 0.983 0.984 0.984 0.985 0.986 0.987 0.987 0.987 0.988 0.987 0.987 0.987 0.987 0.987 0.987 0.986 0.986 0.986 0.986 0.987 0.987 0.987 0.987 0.987 0.986 0.986 0.986 0.985 0.984 0.985 0.985 0.984 0.984 0.983 0.983 0.983 0.981 0.984 0.980 0.981 0.980 0.980 0.979 0.974
>7zky
0.205 0.209 0.227 0.236 0.209 0.213 0.236 0.259 0.248 0.226 0.233 0.244 0.249 0.287 0.299 0.293 0.294 0.292 0.299 0.301 0.300 0.318 0.294 0.275 0.281 0.279 0.272 0.261 0.259 0.243 0.234 0.231 0.238 0.262 0.264 0.275 0.281 0.257 0.255 0.253 0.237 0.211 0.209 0.213 0.212 0.202 0.209 0.210 0.204 0.210 0.226 0.244 0.221 0.213 0.231 0.211 0.228 0.225 0.207 0.204 0.175 0.176 0.188 0.187 0.195 0.199 0.194 0.191
>8a00
0.935 0.946 0.944 0.951 0.951 0.956 0.959 0.960 0.955 0.958 0.953 0.954 0.947 0.944 0.939 0.932 0.928 0.925 0.917 0.920 0.924 0.942 0.954 0.963 0.963 0.959 0.964 0.956 0.959 0.957 0.969 0.963 0.971 0.968 0.969 0.966 0.951 0.942 0.886 0.881 0.750 0.568 0.594 0.445 0.547 0.527 0.550 0.520 0.406 0.325 0.323 0.299 0.239 0.280 0.282 0.280 0.262 0.263 0.277 0.271 0.293 0.279 0.286 0.310 0.352 0.302 0.302 0.358 0.316 0.329 0.337 0.321 0.352 0.347 0.312 0.318 0.298 0.270 0.259 0.258 0.262 0.273 0.269 0.275 0.275 0.280 0.279 0.259 0.268 0.244 0.250 0.260 0.255 0.256 0.262 0.254 0.214 0.212 0.263 0.254 0.266 0.278 0.347 0.302 0.295 0.308 0.321 0.328 0.330 0.329 0.322 0.318 0.290 0.293 0.274 0.227 0.219 0.210 0.223 0.237 0.245 0.288 0.255 0.266 0.288 0.316 0.312 0.331 0.361 0.378 0.402 0.440 0.428 0.441 0.460 0.521
>8a4l
0.509 0.733 0.748 0.762 0.780 0.724 0.777 0.813 0.789 0.790 0.782 0.729 0.727 0.669 0.662 0.706 0.675 0.677 0.680 0.703 0.699 0.662 0.615 0.743 0.664 0.603 0.598 0.565 0.592 0.637 0.700 0.792 0.842 0.838 0.746 0.779 0.819 0.887 0.872 0.889 0.898 0.866 0.833 0.880 0.849 0.837 0.846 0.832 0.850 0.831 0.862 0.795 0.765 0.749 0.691 0.660 0.654 0.574 0.519 0.545 0.566 0.592 0.624 0.637 0.652 0.681 0.669 0.683 0.684 0.665 0.651 0.674 0.695 0.700 0.707 0.688 0.675 0.679 0.715 0.779 0.805 0.807 0.804 0.833 0.845 0.874 0.885 0.896 0.895 0.892 0.920 0.921 0.929 0.935 0.938 0.942 0.943 0.943 0.938 0.926 0.915 0.917 0.933 0.954 0.954 0.952 0.945 0.948 0.952 0.947 0.955 0.952 0.956 0.961 0.964 0.964 0.965 0.962 0.960 0.963 0.961 0.961 0.960 0.959 0.957 0.955 0.956 0.960 0.962 0.968 0.971 0.969 0.962 0.972 0.978 0.960 0.960 0.959 0.966 0.006
>8a7o
0.442 0.367 0.407 0.425 0.378 0.372 0.335 0.300 0.244 0.283 0.278 0.336 0.289 0.289 0.359 0.367 0.387 0.389 0.378 0.368 0.318 0.307 0.305 0.257 0.299 0.300 0.301 0.308 0.314 0.317 0.335 0.341 0.350 0.364 0.375 0.368 0.389 0.371 0.358 0.339 0.324 0.316 0.315 0.312 0.320 0.315 0.318 0.310 0.295 0.301 0.284 0.275 0.303 0.325 0.303 0.291 0.303 0.288 0.289 0.305 0.309 0.297 0.295 0.297 0.307 0.296 0.291 0.284 0.248 0.229 0.180 0.200 0.241 0.271 0.274 0.248 0.222 0.250 0.251 0.245 0.239 0.234 0.193 0.183 0.178 0.170 0.188 0.228 0.250 0.287 0.284 0.275 0.329 0.388
>8a7p
0.442 0.367 0.407 0.425 0.378 0.372 0.335 0.300 0.244 0.283 0.278 0.336 0.289 0.289 0.359 0.367 0.387 0.389 0.378 0.368 0.318 0.307 0.305 0.257 0.299 0.300 0.301 0.308 0.314 0.317 0.335 0.341 0.350 0.364 0.375 0.368 0.389 0.371 0.358 0.339 0.324 0.316 0.315 0.312 0.320 0.315 0.318 0.310 0.295 0.301 0.284 0.275 0.303 0.325 0.303 0.291 0.303 0.288 0.289 0.305 0.309 0.297 0.295 0.297 0.307 0.296 0.291 0.284 0.248 0.229 0.180 0.200 0.241 0.271 0.274 0.248 0.222 0.250 0.251 0.245 0.239 0.234 0.193 0.183 0.178 0.170 0.188 0.228 0.250 0.287 0.284 0.275 0.329 0.388
>8a7q
0.613 0.631 0.646 0.604 0.627 0.702 0.629 0.618 0.581 0.544 0.495 0.462 0.482 0.515 0.546 0.559 0.571 0.582 0.546 0.568 0.561 0.537 0.514 0.483 0.466 0.384 0.333 0.304 0.285 0.305 0.309 0.317 0.331 0.329 0.331 0.352 0.360 0.371 0.385 0.385 0.383 0.392 0.380 0.365 0.339 0.331 0.323 0.327 0.325 0.339 0.336 0.341 0.337 0.331 0.338 0.325 0.313 0.324 0.344 0.327 0.300 0.311 0.294 0.295 0.314 0.316 0.304 0.292 0.292 0.298 0.291 0.282 0.276 0.228 0.194 0.168 0.188 0.233 0.257 0.266 0.240 0.220 0.247 0.245 0.238 0.233 0.226 0.189 0.178 0.175 0.168 0.184 0.224 0.246 0.290 0.285 0.269 0.319 0.371
>8a7t
0.692 0.684 0.684 0.623 0.621 0.676 0.606 0.606 0.578 0.548 0.497 0.473 0.490 0.520 0.547 0.549 0.579 0.584 0.540 0.565 0.556 0.536 0.510 0.488 0.449 0.371 0.323 0.305 0.267 0.298 0.303 0.308 0.317 0.316 0.318 0.333 0.343 0.348 0.358 0.364 0.366 0.378 0.378 0.364 0.338 0.331 0.326 0.331 0.330 0.335 0.333 0.339 0.350 0.336 0.345 0.332 0.331 0.350 0.367 0.349 0.312 0.326 0.318 0.317 0.333 0.323 0.318 0.299 0.317 0.325 0.307 0.296 0.286 0.275 0.269 0.219 0.245 0.234 0.260 0.267 0.246 0.226 0.236 0.236 0.228 0.229 0.222 0.193 0.187 0.177 0.167 0.183 0.236 0.256 0.300 0.297 0.281 0.337 0.400
>8a9l
0.509 0.733 0.748 0.762 0.780 0.724 0.777 0.813 0.789 0.790 0.782 0.729 0.727 0.669 0.662 0.706 0.675 0.677 0.680 0.703 0.699 0.662 0.615 0.743 0.664 0.603 0.598 0.565 0.592 0.637 0.700 0.792 0.842 0.838 0.746 0.779 0.819 0.887 0.872 0.889 0.898 0.866 0.833 0.880 0.849 0.837 0.846 0.832 0.850 0.831 0.862 0.795 0.765 0.749 0.691 0.660 0.654 0.574 0.519 0.545 0.566 0.592 0.624 0.637 0.652 0.681 0.669 0.683 0.684 0.665 0.651 0.674 0.695 0.700 0.707 0.688 0.675 0.679 0.715 0.779 0.805 0.807 0.804 0.833 0.845 0.874 0.885 0.896 0.895 0.892 0.920 0.921 0.929 0.935 0.938 0.942 0.943 0.943 0.938 0.926 0.915 0.917 0.933 0.954 0.954 0.952 0.945 0.948 0.952 0.947 0.955 0.952 0.956 0.961 0.964 0.964 0.965 0.962 0.960 0.963 0.961 0.961 0.960 0.959 0.957 0.955 0.956 0.960 0.962 0.968 0.971 0.969 0.962 0.972 0.978 0.960 0.960 0.959 0.966 0.006
>8ade
0.820 0.736 0.686 0.646 0.566 0.527 0.427 0.383 0.412 0.405 0.353 0.333 0.290 0.227 0.173 0.153 0.141 0.112 0.087 0.073 0.067 0.051 0.058 0.063 0.061 0.064 0.079 0.082 0.095 0.103 0.114 0.136 0.144 0.139 0.134 0.136 0.141 0.156 0.183 0.203 0.211 0.271 0.311 0.327 0.345 0.363 0.350 0.361 0.395 0.392 0.394 0.395 0.396 0.391 0.407 0.408 0.426 0.388 0.394 0.368 0.334 0.275 0.267 0.239 0.258 0.227 0.226 0.214 0.210 0.208 0.210 0.211 0.207 0.192 0.186 0.179 0.177 0.203 0.178 0.175 0.174 0.160 0.142 0.117 0.114 0.105 0.094 0.097 0.102 0.100 0.117 0.112 0.107 0.108 0.092 0.084 0.085 0.078 0.071 0.066 0.058 0.053 0.053 0.050 0.048 0.059 0.068 0.084 0.093 0.090 0.085 0.080 0.073 0.076 0.091 0.113 0.109 0.114 0.140 0.163 0.161 0.169 0.186 0.200 0.236 0.298 0.300
>8ads
0.509 0.733 0.748 0.762 0.780 0.724 0.777 0.813 0.789 0.790 0.782 0.729 0.727 0.669 0.662 0.706 0.675 0.677 0.680 0.703 0.699 0.662 0.615 0.743 0.664 0.603 0.598 0.565 0.592 0.637 0.700 0.792 0.842 0.838 0.746 0.779 0.819 0.887 0.872 0.889 0.898 0.866 0.833 0.880 0.849 0.837 0.846 0.832 0.850 0.831 0.862 0.795 0.765 0.749 0.691 0.660 0.654 0.574 0.519 0.545 0.566 0.592 0.624 0.637 0.652 0.681 0.669 0.683 0.684 0.665 0.651 0.674 0.695 0.700 0.707 0.688 0.675 0.679 0.715 0.779 0.805 0.807 0.804 0.833 0.845 0.874 0.885 0.896 0.895 0.892 0.920 0.921 0.929 0.935 0.938 0.942 0.943 0.943 0.938 0.926 0.915 0.917 0.933 0.954 0.954 0.952 0.945 0.948 0.952 0.947 0.955 0.952 0.956 0.961 0.964 0.964 0.965 0.962 0.960 0.963 0.961 0.961 0.960 0.959 0.957 0.955 0.956 0.960 0.962 0.968 0.971 0.969 0.962 0.972 0.978 0.960 0.960 0.959 0.966 0.006
>8adu
0.509 0.733 0.748 0.762 0.780 0.724 0.777 0.813 0.789 0.790 0.782 0.729 0.727 0.669 0.662 0.706 0.675 0.677 0.680 0.703 0.699 0.662 0.615 0.743 0.664 0.603 0.598 0.565 0.592 0.637 0.700 0.792 0.842 0.838 0.746 0.779 0.819 0.887 0.872 0.889 0.898 0.866 0.833 0.880 0.849 0.837 0.846 0.832 0.850 0.831 0.862 0.795 0.765 0.749 0.691 0.660 0.654 0.574 0.519 0.545 0.566 0.592 0.624 0.637 0.652 0.681 0.669 0.683 0.684 0.665 0.651 0.674 0.695 0.700 0.707 0.688 0.675 0.679 0.715 0.779 0.805 0.807 0.804 0.833 0.845 0.874 0.885 0.896 0.895 0.892 0.920 0.921 0.929 0.935 0.938 0.942 0.943 0.943 0.938 0.926 0.915 0.917 0.933 0.954 0.954 0.952 0.945 0.948 0.952 0.947 0.955 0.952 0.956 0.961 0.964 0.964 0.965 0.962 0.960 0.963 0.961 0.961 0.960 0.959 0.957 0.955 0.956 0.960 0.962 0.968 0.971 0.969 0.962 0.972 0.978 0.960 0.960 0.959 0.966 0.006
>8adv
0.509 0.733 0.748 0.762 0.780 0.724 0.777 0.813 0.789 0.790 0.782 0.729 0.727 0.669 0.662 0.706 0.675 0.677 0.680 0.703 0.699 0.662 0.615 0.743 0.664 0.603 0.598 0.565 0.592 0.637 0.700 0.792 0.842 0.838 0.746 0.779 0.819 0.887 0.872 0.889 0.898 0.866 0.833 0.880 0.849 0.837 0.846 0.832 0.850 0.831 0.862 0.795 0.765 0.749 0.691 0.660 0.654 0.574 0.519 0.545 0.566 0.592 0.624 0.637 0.652 0.681 0.669 0.683 0.684 0.665 0.651 0.674 0.695 0.700 0.707 0.688 0.675 0.679 0.715 0.779 0.805 0.807 0.804 0.833 0.845 0.874 0.885 0.896 0.895 0.892 0.920 0.921 0.929 0.935 0.938 0.942 0.943 0.943 0.938 0.926 0.915 0.917 0.933 0.954 0.954 0.952 0.945 0.948 0.952 0.947 0.955 0.952 0.956 0.961 0.964 0.964 0.965 0.962 0.960 0.963 0.961 0.961 0.960 0.959 0.957 0.955 0.956 0.960 0.962 0.968 0.971 0.969 0.962 0.972 0.978 0.960 0.960 0.959 0.966 0.006
>8adw
0.509 0.733 0.748 0.762 0.780 0.724 0.777 0.813 0.789 0.790 0.782 0.729 0.727 0.669 0.662 0.706 0.675 0.677 0.680 0.703 0.699 0.662 0.615 0.743 0.664 0.603 0.598 0.565 0.592 0.637 0.700 0.792 0.842 0.838 0.746 0.779 0.819 0.887 0.872 0.889 0.898 0.866 0.833 0.880 0.849 0.837 0.846 0.832 0.850 0.831 0.862 0.795 0.765 0.749 0.691 0.660 0.654 0.574 0.519 0.545 0.566 0.592 0.624 0.637 0.652 0.681 0.669 0.683 0.684 0.665 0.651 0.674 0.695 0.700 0.707 0.688 0.675 0.679 0.715 0.779 0.805 0.807 0.804 0.833 0.845 0.874 0.885 0.896 0.895 0.892 0.920 0.921 0.929 0.935 0.938 0.942 0.943 0.943 0.938 0.926 0.915 0.917 0.933 0.954 0.954 0.952 0.945 0.948 0.952 0.947 0.955 0.952 0.956 0.961 0.964 0.964 0.965 0.962 0.960 0.963 0.961 0.961 0.960 0.959 0.957 0.955 0.956 0.960 0.962 0.968 0.971 0.969 0.962 0.972 0.978 0.960 0.960 0.959 0.966 0.006
>8aex
0.509 0.733 0.748 0.762 0.780 0.724 0.777 0.813 0.789 0.790 0.782 0.729 0.727 0.669 0.662 0.706 0.675 0.677 0.680 0.703 0.699 0.662 0.615 0.743 0.664 0.603 0.598 0.565 0.592 0.637 0.700 0.792 0.842 0.838 0.746 0.779 0.819 0.887 0.872 0.889 0.898 0.866 0.833 0.880 0.849 0.837 0.846 0.832 0.850 0.831 0.862 0.795 0.765 0.749 0.691 0.660 0.654 0.574 0.519 0.545 0.566 0.592 0.624 0.637 0.652 0.681 0.669 0.683 0.684 0.665 0.651 0.674 0.695 0.700 0.707 0.688 0.675 0.679 0.715 0.779 0.805 0.807 0.804 0.833 0.845 0.874 0.885 0.896 0.895 0.892 0.920 0.921 0.929 0.935 0.938 0.942 0.943 0.943 0.938 0.926 0.915 0.917 0.933 0.954 0.954 0.952 0.945 0.948 0.952 0.947 0.955 0.952 0.956 0.961 0.964 0.964 0.965 0.962 0.960 0.963 0.961 0.961 0.960 0.959 0.957 0.955 0.956 0.960 0.962 0.968 0.971 0.969 0.962 0.972 0.978 0.960 0.960 0.959 0.966 0.006
>8awt
0.524 0.488 0.507 0.461 0.453 0.502 0.514 0.551 0.566 0.566 0.565 0.550 0.536 0.498 0.489 0.508 0.486 0.533 0.568 0.618 0.673 0.723 0.729 0.738 0.742 0.744 0.729 0.792 0.817 0.857 0.858 0.874 0.880 0.860 0.821 0.749 0.763 0.817
>8az0
0.524 0.488 0.507 0.461 0.453 0.502 0.514 0.551 0.566 0.566 0.565 0.550 0.536 0.498 0.489 0.508 0.486 0.533 0.568 0.618 0.673 0.723 0.729 0.738 0.742 0.744 0.729 0.792 0.817 0.857 0.858 0.874 0.880 0.860 0.821 0.749 0.763 0.817
>8az1
0.524 0.488 0.507 0.461 0.453 0.502 0.514 0.551 0.566 0.566 0.565 0.550 0.536 0.498 0.489 0.508 0.486 0.533 0.568 0.618 0.673 0.723 0.729 0.738 0.742 0.744 0.729 0.792 0.817 0.857 0.858 0.874 0.880 0.860 0.821 0.749 0.763 0.817
>8az2
0.524 0.488 0.507 0.461 0.453 0.502 0.514 0.551 0.566 0.566 0.565 0.550 0.536 0.498 0.489 0.508 0.486 0.533 0.568 0.618 0.673 0.723 0.729 0.738 0.742 0.744 0.729 0.792 0.817 0.857 0.858 0.874 0.880 0.860 0.821 0.749 0.763 0.817
>8az3
0.524 0.488 0.507 0.461 0.453 0.502 0.514 0.551 0.566 0.566 0.565 0.550 0.536 0.498 0.489 0.508 0.486 0.533 0.568 0.618 0.673 0.723 0.729 0.738 0.742 0.744 0.729 0.792 0.817 0.857 0.858 0.874 0.880 0.860 0.821 0.749 0.763 0.817
>8az4
0.524 0.488 0.507 0.461 0.453 0.502 0.514 0.551 0.566 0.566 0.565 0.550 0.536 0.498 0.489 0.508 0.486 0.533 0.568 0.618 0.673 0.723 0.729 0.738 0.742 0.744 0.729 0.792 0.817 0.857 0.858 0.874 0.880 0.860 0.821 0.749 0.763 0.817
>8az5
0.524 0.488 0.507 0.461 0.453 0.502 0.514 0.551 0.566 0.566 0.565 0.550 0.536 0.498 0.489 0.508 0.486 0.533 0.568 0.618 0.673 0.723 0.729 0.738 0.742 0.744 0.729 0.792 0.817 0.857 0.858 0.874 0.880 0.860 0.821 0.749 0.763 0.817
>8az6
0.524 0.488 0.507 0.461 0.453 0.502 0.514 0.551 0.566 0.566 0.565 0.550 0.536 0.498 0.489 0.508 0.486 0.533 0.568 0.618 0.673 0.723 0.729 0.738 0.742 0.744 0.729 0.792 0.817 0.857 0.858 0.874 0.880 0.860 0.821 0.749 0.763 0.817
>8az7
0.524 0.488 0.507 0.461 0.453 0.502 0.514 0.551 0.566 0.566 0.565 0.550 0.536 0.498 0.489 0.508 0.486 0.533 0.568 0.618 0.673 0.723 0.729 0.738 0.742 0.744 0.729 0.792 0.817 0.857 0.858 0.874 0.880 0.860 0.821 0.749 0.763 0.817
>8azs
0.779 0.826 0.821 0.848 0.815 0.803 0.807 0.814 0.809 0.777 0.739 0.691 0.682 0.668 0.667 0.659 0.631 0.591 0.562 0.515 0.502 0.457 0.498 0.472 0.492 0.477 0.483 0.533 0.574 0.643 0.599 0.599 0.615 0.598 0.582 0.566 0.561 0.593 0.579 0.574 0.556 0.003
>8azt
0.779 0.826 0.821 0.848 0.815 0.803 0.807 0.814 0.809 0.777 0.739 0.691 0.682 0.668 0.667 0.659 0.631 0.591 0.562 0.515 0.502 0.457 0.498 0.472 0.492 0.477 0.483 0.533 0.574 0.643 0.599 0.599 0.615 0.598 0.582 0.566 0.561 0.593 0.579 0.574 0.556 0.003
>8azu
0.921 0.918 0.934 0.933 0.928 0.928 0.936 0.934 0.937 0.940 0.941 0.946 0.944 0.944 0.949 0.953 0.955 0.955 0.954 0.953 0.956 0.955 0.961 0.963 0.968 0.967 0.971 0.971 0.973 0.975 0.975 0.977 0.977 0.979 0.980 0.979 0.979 0.979 0.979 0.979 0.980 0.981 0.981 0.982 0.982 0.983 0.983 0.983 0.983 0.983 0.983 0.983 0.983 0.983 0.983 0.983 0.983 0.982 0.983 0.983 0.983 0.983 0.983 0.983 0.983 0.983 0.983 0.983 0.983 0.983 0.983 0.983 0.983 0.984 0.983 0.983 0.984 0.984 0.984 0.984 0.984 0.984 0.984 0.984 0.984 0.984 0.984 0.984 0.984 0.984 0.984 0.984 0.984 0.984 0.984 0.983 0.984 0.984 0.984 0.983 0.983 0.982 0.982 0.982 0.982 0.982 0.981 0.982 0.981 0.981 0.982 0.981 0.982 0.981 0.981 0.981 0.981 0.980 0.980 0.981 0.980 0.980 0.980 0.980 0.980 0.981 0.980 0.980 0.981 0.981 0.980 0.981 0.981 0.981 0.981 0.981 0.982 0.982 0.982 0.982 0.983 0.983 0.983 0.984 0.984 0.985 0.985 0.985 0.985 0.985 0.985 0.985 0.985 0.985 0.985 0.985 0.985 0.985 0.985 0.985 0.985 0.985 0.986 0.985 0.986 0.986 0.986 0.985 0.985 0.985 0.985 0.985 0.986 0.986 0.985 0.985 0.985 0.985 0.985 0.985 0.985 0.985 0.985 0.985 0.985 0.985 0.985 0.985 0.985 0.985 0.985 0.985 0.985 0.985 0.986 0.986 0.985 0.985 0.985 0.985 0.985 0.986 0.986 0.986 0.985 0.985 0.985 0.985 0.986 0.985 0.985 0.985 0.985 0.985 0.985 0.985 0.985 0.984 0.984 0.984 0.984 0.984 0.984 0.984 0.984 0.983 0.983 0.983 0.983 0.983 0.983 0.983 0.982 0.982 0.982 0.983 0.983 0.981 0.981 0.981 0.980 0.979 0.979 0.978 0.978 0.978 0.977 0.977 0.978 0.977 0.977 0.977 0.976 0.976 0.974 0.973 0.973 0.969 0.965 0.963 0.964 0.963 0.963 0.959 0.946 0.938 0.929 0.892 0.908 0.918 0.900 0.879 0.907 0.907 0.902 0.903 0.897 0.911 0.941 0.954 0.954 0.951 0.953 0.953 0.955 0.953 0.948 0.951 0.943 0.941 0.956 0.957 0.948 0.954 0.938 0.943 0.919 0.941 0.933 0.918 0.915 0.905 0.907 0.888 0.832 0.770 0.941 0.945 0.947 0.957 0.940 0.925 0.811 0.898 0.496 0.689 0.302 0.479 0.512 0.750 0.918 0.915 0.928 0.941 0.901 0.904 0.913 0.926 0.944 0.950 0.949 0.944 0.945 0.950 0.938 0.927 0.812 0.744 0.690 0.672 0.575 0.627 0.603 0.532 0.570 0.553 0.558 0.560 0.475 0.590 0.407 0.446 0.645 0.775 0.802 0.853 0.883 0.906 0.912 0.921 0.934 0.938 0.942 0.946 0.949 0.957 0.956 0.953 0.954 0.952 0.950 0.953 0.957 0.959 0.952 0.952 0.958 0.957 0.958 0.954 0.948 0.952 0.950 0.954 0.957 0.958 0.959 0.963 0.962 0.966 0.968 0.968 0.968 0.969 0.969 0.969 0.965 0.968 0.970 0.973 0.972 0.971 0.971 0.971 0.970 0.971 0.971 0.971 0.972 0.974 0.972 0.971 0.968 0.969 0.966 0.960 0.953 0.944 0.939 0.932 0.932 0.935 0.923 0.900 0.877 0.859 0.847 0.866 0.900 0.889 0.887 0.869 0.853 0.819 0.820 0.795 0.766 0.819 0.828 0.808 0.807
>8b3a
0.852 0.900 0.875 0.894 0.876 0.865 0.863 0.838 0.783
>8bfa
0.832 0.857 0.842 0.858 0.831 0.816 0.808 0.819 0.819 0.795 0.758 0.716 0.715 0.702 0.700 0.670 0.640 0.588 0.538 0.496 0.492 0.446 0.518 0.504 0.542 0.529 0.548 0.531 0.548 0.598 0.596 0.591 0.593 0.579 0.572 0.588 0.600 0.601 0.589 0.564 0.541 0.003
>8bfb
0.832 0.857 0.842 0.858 0.831 0.816 0.808 0.819 0.819 0.795 0.758 0.716 0.715 0.702 0.700 0.670 0.640 0.588 0.538 0.496 0.492 0.446 0.518 0.504 0.542 0.529 0.548 0.531 0.548 0.598 0.596 0.591 0.593 0.579 0.572 0.588 0.600 0.601 0.589 0.564 0.541 0.003
>8bfz
0.832 0.857 0.842 0.858 0.831 0.816 0.808 0.819 0.819 0.795 0.758 0.716 0.715 0.702 0.700 0.670 0.640 0.588 0.538 0.496 0.492 0.446 0.518 0.504 0.542 0.529 0.548 0.531 0.548 0.598 0.596 0.591 0.593 0.579 0.572 0.588 0.600 0.601 0.589 0.564 0.541 0.003
>8bg0
0.812 0.832 0.821 0.845 0.801 0.787 0.791 0.794 0.770 0.720 0.686 0.644 0.649 0.646 0.645 0.621 0.597 0.546 0.493 0.444 0.442 0.405 0.463 0.445 0.475 0.516 0.504 0.473 0.498 0.550 0.521 0.526 0.552 0.529 0.518 0.498 0.492 0.508 0.468 0.472
>8bg9
0.774 0.801 0.808 0.829 0.793 0.781 0.770 0.748 0.704 0.667 0.637 0.617 0.631 0.636 0.637 0.619 0.590 0.536 0.488 0.430 0.394 0.347 0.390 0.342 0.385 0.524 0.523 0.468 0.468 0.527 0.467 0.440 0.459 0.442 0.404 0.397 0.370
>8bgs
0.921 0.918 0.934 0.933 0.928 0.928 0.936 0.934 0.937 0.940 0.941 0.946 0.944 0.944 0.949 0.953 0.955 0.955 0.954 0.953 0.956 0.955 0.961 0.963 0.968 0.967 0.971 0.971 0.973 0.975 0.975 0.977 0.977 0.979 0.980 0.979 0.979 0.979 0.979 0.979 0.980 0.981 0.981 0.982 0.982 0.983 0.983 0.983 0.983 0.983 0.983 0.983 0.983 0.983 0.983 0.983 0.983 0.982 0.983 0.983 0.983 0.983 0.983 0.983 0.983 0.983 0.983 0.983 0.983 0.983 0.983 0.983 0.983 0.984 0.983 0.983 0.984 0.984 0.984 0.984 0.984 0.984 0.984 0.984 0.984 0.984 0.984 0.984 0.984 0.984 0.984 0.984 0.984 0.984 0.984 0.983 0.984 0.984 0.984 0.983 0.983 0.982 0.982 0.982 0.982 0.982 0.981 0.982 0.981 0.981 0.982 0.981 0.982 0.981 0.981 0.981 0.981 0.980 0.980 0.981 0.980 0.980 0.980 0.980 0.980 0.981 0.980 0.980 0.981 0.981 0.980 0.981 0.981 0.981 0.981 0.981 0.982 0.982 0.982 0.982 0.983 0.983 0.983 0.984 0.984 0.985 0.985 0.985 0.985 0.985 0.985 0.985 0.985 0.985 0.985 0.985 0.985 0.985 0.985 0.985 0.985 0.985 0.986 0.985 0.986 0.986 0.986 0.985 0.985 0.985 0.985 0.985 0.986 0.986 0.985 0.985 0.985 0.985 0.985 0.985 0.985 0.985 0.985 0.985 0.985 0.985 0.985 0.985 0.985 0.985 0.985 0.985 0.985 0.985 0.986 0.986 0.985 0.985 0.985 0.985 0.985 0.986 0.986 0.986 0.985 0.985 0.985 0.985 0.986 0.985 0.985 0.985 0.985 0.985 0.985 0.985 0.985 0.984 0.984 0.984 0.984 0.984 0.984 0.984 0.984 0.983 0.983 0.983 0.983 0.983 0.983 0.983 0.982 0.982 0.982 0.983 0.983 0.981 0.981 0.981 0.980 0.979 0.979 0.978 0.978 0.978 0.977 0.977 0.978 0.977 0.977 0.977 0.976 0.976 0.974 0.973 0.973 0.969 0.965 0.963 0.964 0.963 0.963 0.959 0.946 0.938 0.929 0.892 0.908 0.918 0.900 0.879 0.907 0.907 0.902 0.903 0.897 0.911 0.941 0.954 0.954 0.951 0.953 0.953 0.955 0.953 0.948 0.951 0.943 0.941 0.956 0.957 0.948 0.954 0.938 0.943 0.919 0.941 0.933 0.918 0.915 0.905 0.907 0.888 0.832 0.770 0.941 0.945 0.947 0.957 0.940 0.925 0.811 0.898 0.496 0.689 0.302 0.479 0.512 0.750 0.918 0.915 0.928 0.941 0.901 0.904 0.913 0.926 0.944 0.950 0.949 0.944 0.945 0.950 0.938 0.927 0.812 0.744 0.690 0.672 0.575 0.627 0.603 0.532 0.570 0.553 0.558 0.560 0.475 0.590 0.407 0.446 0.645 0.775 0.802 0.853 0.883 0.906 0.912 0.921 0.934 0.938 0.942 0.946 0.949 0.957 0.956 0.953 0.954 0.952 0.950 0.953 0.957 0.959 0.952 0.952 0.958 0.957 0.958 0.954 0.948 0.952 0.950 0.954 0.957 0.958 0.959 0.963 0.962 0.966 0.968 0.968 0.968 0.969 0.969 0.969 0.965 0.968 0.970 0.973 0.972 0.971 0.971 0.971 0.970 0.971 0.971 0.971 0.972 0.974 0.972 0.971 0.968 0.969 0.966 0.960 0.953 0.944 0.939 0.932 0.932 0.935 0.923 0.900 0.877 0.859 0.847 0.866 0.900 0.889 0.887 0.869 0.853 0.819 0.820 0.795 0.766 0.819 0.828 0.808 0.807
>8bgv
0.921 0.918 0.934 0.933 0.928 0.928 0.936 0.934 0.937 0.940 0.941 0.946 0.944 0.944 0.949 0.953 0.955 0.955 0.954 0.953 0.956 0.955 0.961 0.963 0.968 0.967 0.971 0.971 0.973 0.975 0.975 0.977 0.977 0.979 0.980 0.979 0.979 0.979 0.979 0.979 0.980 0.981 0.981 0.982 0.982 0.983 0.983 0.983 0.983 0.983 0.983 0.983 0.983 0.983 0.983 0.983 0.983 0.982 0.983 0.983 0.983 0.983 0.983 0.983 0.983 0.983 0.983 0.983 0.983 0.983 0.983 0.983 0.983 0.984 0.983 0.983 0.984 0.984 0.984 0.984 0.984 0.984 0.984 0.984 0.984 0.984 0.984 0.984 0.984 0.984 0.984 0.984 0.984 0.984 0.984 0.983 0.984 0.984 0.984 0.983 0.983 0.982 0.982 0.982 0.982 0.982 0.981 0.982 0.981 0.981 0.982 0.981 0.982 0.981 0.981 0.981 0.981 0.980 0.980 0.981 0.980 0.980 0.980 0.980 0.980 0.981 0.980 0.980 0.981 0.981 0.980 0.981 0.981 0.981 0.981 0.981 0.982 0.982 0.982 0.982 0.983 0.983 0.983 0.984 0.984 0.985 0.985 0.985 0.985 0.985 0.985 0.985 0.985 0.985 0.985 0.985 0.985 0.985 0.985 0.985 0.985 0.985 0.986 0.985 0.986 0.986 0.986 0.985 0.985 0.985 0.985 0.985 0.986 0.986 0.985 0.985 0.985 0.985 0.985 0.985 0.985 0.985 0.985 0.985 0.985 0.985 0.985 0.985 0.985 0.985 0.985 0.985 0.985 0.985 0.986 0.986 0.985 0.985 0.985 0.985 0.985 0.986 0.986 0.986 0.985 0.985 0.985 0.985 0.986 0.985 0.985 0.985 0.985 0.985 0.985 0.985 0.985 0.984 0.984 0.984 0.984 0.984 0.984 0.984 0.984 0.983 0.983 0.983 0.983 0.983 0.983 0.983 0.982 0.982 0.982 0.983 0.983 0.981 0.981 0.981 0.980 0.979 0.979 0.978 0.978 0.978 0.977 0.977 0.978 0.977 0.977 0.977 0.976 0.976 0.974 0.973 0.973 0.969 0.965 0.963 0.964 0.963 0.963 0.959 0.946 0.938 0.929 0.892 0.908 0.918 0.900 0.879 0.907 0.907 0.902 0.903 0.897 0.911 0.941 0.954 0.954 0.951 0.953 0.953 0.955 0.953 0.948 0.951 0.943 0.941 0.956 0.957 0.948 0.954 0.938 0.943 0.919 0.941 0.933 0.918 0.915 0.905 0.907 0.888 0.832 0.770 0.941 0.945 0.947 0.957 0.940 0.925 0.811 0.898 0.496 0.689 0.302 0.479 0.512 0.750 0.918 0.915 0.928 0.941 0.901 0.904 0.913 0.926 0.944 0.950 0.949 0.944 0.945 0.950 0.938 0.927 0.812 0.744 0.690 0.672 0.575 0.627 0.603 0.532 0.570 0.553 0.558 0.560 0.475 0.590 0.407 0.446 0.645 0.775 0.802 0.853 0.883 0.906 0.912 0.921 0.934 0.938 0.942 0.946 0.949 0.957 0.956 0.953 0.954 0.952 0.950 0.953 0.957 0.959 0.952 0.952 0.958 0.957 0.958 0.954 0.948 0.952 0.950 0.954 0.957 0.958 0.959 0.963 0.962 0.966 0.968 0.968 0.968 0.969 0.969 0.969 0.965 0.968 0.970 0.973 0.972 0.971 0.971 0.971 0.970 0.971 0.971 0.971 0.972 0.974 0.972 0.971 0.968 0.969 0.966 0.960 0.953 0.944 0.939 0.932 0.932 0.935 0.923 0.900 0.877 0.859 0.847 0.866 0.900 0.889 0.887 0.869 0.853 0.819 0.820 0.795 0.766 0.819 0.828 0.808 0.807
>8bqv
0.509 0.733 0.748 0.762 0.780 0.724 0.777 0.813 0.789 0.790 0.782 0.729 0.727 0.669 0.662 0.706 0.675 0.677 0.680 0.703 0.699 0.662 0.615 0.743 0.664 0.603 0.598 0.565 0.592 0.637 0.700 0.792 0.842 0.838 0.746 0.779 0.819 0.887 0.872 0.889 0.898 0.866 0.833 0.880 0.849 0.837 0.846 0.832 0.850 0.831 0.862 0.795 0.765 0.749 0.691 0.660 0.654 0.574 0.519 0.545 0.566 0.592 0.624 0.637 0.652 0.681 0.669 0.683 0.684 0.665 0.651 0.674 0.695 0.700 0.707 0.688 0.675 0.679 0.715 0.779 0.805 0.807 0.804 0.833 0.845 0.874 0.885 0.896 0.895 0.892 0.920 0.921 0.929 0.935 0.938 0.942 0.943 0.943 0.938 0.926 0.915 0.917 0.933 0.954 0.954 0.952 0.945 0.948 0.952 0.947 0.955 0.952 0.956 0.961 0.964 0.964 0.965 0.962 0.960 0.963 0.961 0.961 0.960 0.959 0.957 0.955 0.956 0.960 0.962 0.968 0.971 0.969 0.962 0.972 0.978 0.960 0.960 0.959 0.966 0.006
>8bqw
0.509 0.733 0.748 0.762 0.780 0.724 0.777 0.813 0.789 0.790 0.782 0.729 0.727 0.669 0.662 0.706 0.675 0.677 0.680 0.703 0.699 0.662 0.615 0.743 0.664 0.603 0.598 0.565 0.592 0.637 0.700 0.792 0.842 0.838 0.746 0.779 0.819 0.887 0.872 0.889 0.898 0.866 0.833 0.880 0.849 0.837 0.846 0.832 0.850 0.831 0.862 0.795 0.765 0.749 0.691 0.660 0.654 0.574 0.519 0.545 0.566 0.592 0.624 0.637 0.652 0.681 0.669 0.683 0.684 0.665 0.651 0.674 0.695 0.700 0.707 0.688 0.675 0.679 0.715 0.779 0.805 0.807 0.804 0.833 0.845 0.874 0.885 0.896 0.895 0.892 0.920 0.921 0.929 0.935 0.938 0.942 0.943 0.943 0.938 0.926 0.915 0.917 0.933 0.954 0.954 0.952 0.945 0.948 0.952 0.947 0.955 0.952 0.956 0.961 0.964 0.964 0.965 0.962 0.960 0.963 0.961 0.961 0.960 0.959 0.957 0.955 0.956 0.960 0.962 0.968 0.971 0.969 0.962 0.972 0.978 0.960 0.960 0.959 0.966 0.006
>8byn
0.921 0.918 0.934 0.933 0.928 0.928 0.936 0.934 0.937 0.940 0.941 0.946 0.944 0.944 0.949 0.953 0.955 0.955 0.954 0.953 0.956 0.955 0.961 0.963 0.968 0.967 0.971 0.971 0.973 0.975 0.975 0.977 0.977 0.979 0.980 0.979 0.979 0.979 0.979 0.979 0.980 0.981 0.981 0.982 0.982 0.983 0.983 0.983 0.983 0.983 0.983 0.983 0.983 0.983 0.983 0.983 0.983 0.982 0.983 0.983 0.983 0.983 0.983 0.983 0.983 0.983 0.983 0.983 0.983 0.983 0.983 0.983 0.983 0.984 0.983 0.983 0.984 0.984 0.984 0.984 0.984 0.984 0.984 0.984 0.984 0.984 0.984 0.984 0.984 0.984 0.984 0.984 0.984 0.984 0.984 0.983 0.984 0.984 0.984 0.983 0.983 0.982 0.982 0.982 0.982 0.982 0.981 0.982 0.981 0.981 0.982 0.981 0.982 0.981 0.981 0.981 0.981 0.980 0.980 0.981 0.980 0.980 0.980 0.980 0.980 0.981 0.980 0.980 0.981 0.981 0.980 0.981 0.981 0.981 0.981 0.981 0.982 0.982 0.982 0.982 0.983 0.983 0.983 0.984 0.984 0.985 0.985 0.985 0.985 0.985 0.985 0.985 0.985 0.985 0.985 0.985 0.985 0.985 0.985 0.985 0.985 0.985 0.986 0.985 0.986 0.986 0.986 0.985 0.985 0.985 0.985 0.985 0.986 0.986 0.985 0.985 0.985 0.985 0.985 0.985 0.985 0.985 0.985 0.985 0.985 0.985 0.985 0.985 0.985 0.985 0.985 0.985 0.985 0.985 0.986 0.986 0.985 0.985 0.985 0.985 0.985 0.986 0.986 0.986 0.985 0.985 0.985 0.985 0.986 0.985 0.985 0.985 0.985 0.985 0.985 0.985 0.985 0.984 0.984 0.984 0.984 0.984 0.984 0.984 0.984 0.983 0.983 0.983 0.983 0.983 0.983 0.983 0.982 0.982 0.982 0.983 0.983 0.981 0.981 0.981 0.980 0.979 0.979 0.978 0.978 0.978 0.977 0.977 0.978 0.977 0.977 0.977 0.976 0.976 0.974 0.973 0.973 0.969 0.965 0.963 0.964 0.963 0.963 0.959 0.946 0.938 0.929 0.892 0.908 0.918 0.900 0.879 0.907 0.907 0.902 0.903 0.897 0.911 0.941 0.954 0.954 0.951 0.953 0.953 0.955 0.953 0.948 0.951 0.943 0.941 0.956 0.957 0.948 0.954 0.938 0.943 0.919 0.941 0.933 0.918 0.915 0.905 0.907 0.888 0.832 0.770 0.941 0.945 0.947 0.957 0.940 0.925 0.811 0.898 0.496 0.689 0.302 0.479 0.512 0.750 0.918 0.915 0.928 0.941 0.901 0.904 0.913 0.926 0.944 0.950 0.949 0.944 0.945 0.950 0.938 0.927 0.812 0.744 0.690 0.672 0.575 0.627 0.603 0.532 0.570 0.553 0.558 0.560 0.475 0.590 0.407 0.446 0.645 0.775 0.802 0.853 0.883 0.906 0.912 0.921 0.934 0.938 0.942 0.946 0.949 0.957 0.956 0.953 0.954 0.952 0.950 0.953 0.957 0.959 0.952 0.952 0.958 0.957 0.958 0.954 0.948 0.952 0.950 0.954 0.957 0.958 0.959 0.963 0.962 0.966 0.968 0.968 0.968 0.969 0.969 0.969 0.965 0.968 0.970 0.973 0.972 0.971 0.971 0.971 0.970 0.971 0.971 0.971 0.972 0.974 0.972 0.971 0.968 0.969 0.966 0.960 0.953 0.944 0.939 0.932 0.932 0.935 0.923 0.900 0.877 0.859 0.847 0.866 0.900 0.889 0.887 0.869 0.853 0.819 0.820 0.795 0.766 0.819 0.828 0.808 0.807
>8c50
0.920 0.927 0.928 0.927 0.940 0.947 0.949 0.947 0.951 0.957 0.958 0.957 0.948 0.942 0.951 0.951 0.960 0.957 0.956 0.957 0.953 0.953 0.954 0.956 0.950 0.958 0.956 0.957 0.955 0.954 0.953 0.953 0.948 0.948 0.944 0.941 0.944 0.952 0.952 0.958 0.949 0.944 0.945 0.936 0.935 0.928 0.921 0.903 0.894 0.888 0.899 0.880 0.864 0.839 0.827 0.822 0.876 0.891 0.906 0.907 0.931 0.944 0.944 0.940 0.938 0.932 0.931 0.934 0.930 0.929 0.922 0.922 0.909 0.923 0.917 0.915 0.914 0.918 0.916 0.915 0.912 0.903 0.906 0.911 0.907 0.884 0.879 0.884 0.870 0.900 0.892 0.902 0.896 0.901 0.899 0.912 0.920 0.917 0.926 0.920 0.928 0.933 0.951 0.954 0.959 0.949 0.954 0.950 0.956 0.959 0.965 0.964 0.970 0.969 0.973 0.976 0.975 0.977 0.978 0.979 0.981 0.981 0.981 0.981 0.980 0.981 0.981 0.981 0.981 0.981 0.980 0.979 0.979 0.980 0.978 0.979 0.978 0.980 0.979 0.979 0.978 0.979 0.979 0.978 0.978 0.977 0.977 0.974 0.975 0.974 0.971 0.970 0.970 0.969 0.970 0.971 0.972 0.972 0.971 0.970 0.970 0.970 0.969 0.970 0.970 0.966 0.966 0.964 0.962 0.961 0.957 0.960 0.963 0.959 0.959 0.964 0.966 0.969 0.966 0.966 0.968 0.967 0.968 0.970 0.970 0.970 0.972 0.974 0.975 0.977 0.977 0.978 0.979 0.979 0.979 0.981 0.980 0.979 0.980 0.981 0.980 0.980 0.981 0.982 0.981 0.980 0.981 0.981 0.980 0.979 0.978 0.977 0.975 0.971 0.970 0.965 0.958 0.954 0.953 0.944 0.938 0.936 0.939 0.937 0.930 0.917 0.913 0.914 0.930 0.926 0.931 0.936 0.945 0.955 0.956 0.958 0.959 0.955 0.955 0.948 0.950 0.950 0.947 0.946 0.952 0.950 0.953 0.948 0.944 0.945 0.950 0.957 0.960 0.965 0.962 0.958 0.958 0.962 0.959 0.957 0.955 0.958 0.962 0.967 0.968 0.965 0.968 0.970 0.968 0.969 0.964 0.965 0.965 0.967 0.969 0.969 0.965 0.967 0.967 0.963 0.961 0.963 0.959 0.961 0.963 0.967 0.961 0.966 0.966 0.968 0.969 0.968 0.968 0.968 0.963 0.961 0.962 0.960 0.963 0.965 0.967 0.971 0.973 0.972 0.969 0.967 0.964 0.963 0.962 0.961 0.957 0.957 0.959 0.961 0.966 0.968 0.970 0.971 0.973 0.974 0.977 0.979 0.980 0.979 0.981 0.982 0.982 0.982 0.983 0.983 0.983 0.982 0.982 0.982 0.982 0.982 0.981 0.982 0.980 0.980 0.981 0.980 0.980 0.980 0.978 0.978 0.979 0.979 0.980 0.978 0.979 0.979 0.979 0.979 0.978 0.979 0.978 0.977 0.975 0.980 0.974 0.973 0.974
>8caq
0.921 0.918 0.934 0.933 0.928 0.928 0.936 0.934 0.937 0.940 0.941 0.946 0.944 0.944 0.949 0.953 0.955 0.955 0.954 0.953 0.956 0.955 0.961 0.963 0.968 0.967 0.971 0.971 0.973 0.975 0.975 0.977 0.977 0.979 0.980 0.979 0.979 0.979 0.979 0.979 0.980 0.981 0.981 0.982 0.982 0.983 0.983 0.983 0.983 0.983 0.983 0.983 0.983 0.983 0.983 0.983 0.983 0.982 0.983 0.983 0.983 0.983 0.983 0.983 0.983 0.983 0.983 0.983 0.983 0.983 0.983 0.983 0.983 0.984 0.983 0.983 0.984 0.984 0.984 0.984 0.984 0.984 0.984 0.984 0.984 0.984 0.984 0.984 0.984 0.984 0.984 0.984 0.984 0.984 0.984 0.983 0.984 0.984 0.984 0.983 0.983 0.982 0.982 0.982 0.982 0.982 0.981 0.982 0.981 0.981 0.982 0.981 0.982 0.981 0.981 0.981 0.981 0.980 0.980 0.981 0.980 0.980 0.980 0.980 0.980 0.981 0.980 0.980 0.981 0.981 0.980 0.981 0.981 0.981 0.981 0.981 0.982 0.982 0.982 0.982 0.983 0.983 0.983 0.984 0.984 0.985 0.985 0.985 0.985 0.985 0.985 0.985 0.985 0.985 0.985 0.985 0.985 0.985 0.985 0.985 0.985 0.985 0.986 0.985 0.986 0.986 0.986 0.985 0.985 0.985 0.985 0.985 0.986 0.986 0.985 0.985 0.985 0.985 0.985 0.985 0.985 0.985 0.985 0.985 0.985 0.985 0.985 0.985 0.985 0.985 0.985 0.985 0.985 0.985 0.986 0.986 0.985 0.985 0.985 0.985 0.985 0.986 0.986 0.986 0.985 0.985 0.985 0.985 0.986 0.985 0.985 0.985 0.985 0.985 0.985 0.985 0.985 0.984 0.984 0.984 0.984 0.984 0.984 0.984 0.984 0.983 0.983 0.983 0.983 0.983 0.983 0.983 0.982 0.982 0.982 0.983 0.983 0.981 0.981 0.981 0.980 0.979 0.979 0.978 0.978 0.978 0.977 0.977 0.978 0.977 0.977 0.977 0.976 0.976 0.974 0.973 0.973 0.969 0.965 0.963 0.964 0.963 0.963 0.959 0.946 0.938 0.929 0.892 0.908 0.918 0.900 0.879 0.907 0.907 0.902 0.903 0.897 0.911 0.941 0.954 0.954 0.951 0.953 0.953 0.955 0.953 0.948 0.951 0.943 0.941 0.956 0.957 0.948 0.954 0.938 0.943 0.919 0.941 0.933 0.918 0.915 0.905 0.907 0.888 0.832 0.770 0.941 0.945 0.947 0.957 0.940 0.925 0.811 0.898 0.496 0.689 0.302 0.479 0.512 0.750 0.918 0.915 0.928 0.941 0.901 0.904 0.913 0.926 0.944 0.950 0.949 0.944 0.945 0.950 0.938 0.927 0.812 0.744 0.690 0.672 0.575 0.627 0.603 0.532 0.570 0.553 0.558 0.560 0.475 0.590 0.407 0.446 0.645 0.775 0.802 0.853 0.883 0.906 0.912 0.921 0.934 0.938 0.942 0.946 0.949 0.957 0.956 0.953 0.954 0.952 0.950 0.953 0.957 0.959 0.952 0.952 0.958 0.957 0.958 0.954 0.948 0.952 0.950 0.954 0.957 0.958 0.959 0.963 0.962 0.966 0.968 0.968 0.968 0.969 0.969 0.969 0.965 0.968 0.970 0.973 0.972 0.971 0.971 0.971 0.970 0.971 0.971 0.971 0.972 0.974 0.972 0.971 0.968 0.969 0.966 0.960 0.953 0.944 0.939 0.932 0.932 0.935 0.923 0.900 0.877 0.859 0.847 0.866 0.900 0.889 0.887 0.869 0.853 0.819 0.820 0.795 0.766 0.819 0.828 0.808 0.807
>8cax
0.921 0.918 0.934 0.933 0.928 0.928 0.936 0.934 0.937 0.940 0.941 0.946 0.944 0.944 0.949 0.953 0.955 0.955 0.954 0.953 0.956 0.955 0.961 0.963 0.968 0.967 0.971 0.971 0.973 0.975 0.975 0.977 0.977 0.979 0.980 0.979 0.979 0.979 0.979 0.979 0.980 0.981 0.981 0.982 0.982 0.983 0.983 0.983 0.983 0.983 0.983 0.983 0.983 0.983 0.983 0.983 0.983 0.982 0.983 0.983 0.983 0.983 0.983 0.983 0.983 0.983 0.983 0.983 0.983 0.983 0.983 0.983 0.983 0.984 0.983 0.983 0.984 0.984 0.984 0.984 0.984 0.984 0.984 0.984 0.984 0.984 0.984 0.984 0.984 0.984 0.984 0.984 0.984 0.984 0.984 0.983 0.984 0.984 0.984 0.983 0.983 0.982 0.982 0.982 0.982 0.982 0.981 0.982 0.981 0.981 0.982 0.981 0.982 0.981 0.981 0.981 0.981 0.980 0.980 0.981 0.980 0.980 0.980 0.980 0.980 0.981 0.980 0.980 0.981 0.981 0.980 0.981 0.981 0.981 0.981 0.981 0.982 0.982 0.982 0.982 0.983 0.983 0.983 0.984 0.984 0.985 0.985 0.985 0.985 0.985 0.985 0.985 0.985 0.985 0.985 0.985 0.985 0.985 0.985 0.985 0.985 0.985 0.986 0.985 0.986 0.986 0.986 0.985 0.985 0.985 0.985 0.985 0.986 0.986 0.985 0.985 0.985 0.985 0.985 0.985 0.985 0.985 0.985 0.985 0.985 0.985 0.985 0.985 0.985 0.985 0.985 0.985 0.985 0.985 0.986 0.986 0.985 0.985 0.985 0.985 0.985 0.986 0.986 0.986 0.985 0.985 0.985 0.985 0.986 0.985 0.985 0.985 0.985 0.985 0.985 0.985 0.985 0.984 0.984 0.984 0.984 0.984 0.984 0.984 0.984 0.983 0.983 0.983 0.983 0.983 0.983 0.983 0.982 0.982 0.982 0.983 0.983 0.981 0.981 0.981 0.980 0.979 0.979 0.978 0.978 0.978 0.977 0.977 0.978 0.977 0.977 0.977 0.976 0.976 0.974 0.973 0.973 0.969 0.965 0.963 0.964 0.963 0.963 0.959 0.946 0.938 0.929 0.892 0.908 0.918 0.900 0.879 0.907 0.907 0.902 0.903 0.897 0.911 0.941 0.954 0.954 0.951 0.953 0.953 0.955 0.953 0.948 0.951 0.943 0.941 0.956 0.957 0.948 0.954 0.938 0.943 0.919 0.941 0.933 0.918 0.915 0.905 0.907 0.888 0.832 0.770 0.941 0.945 0.947 0.957 0.940 0.925 0.811 0.898 0.496 0.689 0.302 0.479 0.512 0.750 0.918 0.915 0.928 0.941 0.901 0.904 0.913 0.926 0.944 0.950 0.949 0.944 0.945 0.950 0.938 0.927 0.812 0.744 0.690 0.672 0.575 0.627 0.603 0.532 0.570 0.553 0.558 0.560 0.475 0.590 0.407 0.446 0.645 0.775 0.802 0.853 0.883 0.906 0.912 0.921 0.934 0.938 0.942 0.946 0.949 0.957 0.956 0.953 0.954 0.952 0.950 0.953 0.957 0.959 0.952 0.952 0.958 0.957 0.958 0.954 0.948 0.952 0.950 0.954 0.957 0.958 0.959 0.963 0.962 0.966 0.968 0.968 0.968 0.969 0.969 0.969 0.965 0.968 0.970 0.973 0.972 0.971 0.971 0.971 0.970 0.971 0.971 0.971 0.972 0.974 0.972 0.971 0.968 0.969 0.966 0.960 0.953 0.944 0.939 0.932 0.932 0.935 0.923 0.900 0.877 0.859 0.847 0.866 0.900 0.889 0.887 0.869 0.853 0.819 0.820 0.795 0.766 0.819 0.828 0.808 0.807
>8ce7
0.509 0.733 0.748 0.762 0.780 0.724 0.777 0.813 0.789 0.790 0.782 0.729 0.727 0.669 0.662 0.706 0.675 0.677 0.680 0.703 0.699 0.662 0.615 0.743 0.664 0.603 0.598 0.565 0.592 0.637 0.700 0.792 0.842 0.838 0.746 0.779 0.819 0.887 0.872 0.889 0.898 0.866 0.833 0.880 0.849 0.837 0.846 0.832 0.850 0.831 0.862 0.795 0.765 0.749 0.691 0.660 0.654 0.574 0.519 0.545 0.566 0.592 0.624 0.637 0.652 0.681 0.669 0.683 0.684 0.665 0.651 0.674 0.695 0.700 0.707 0.688 0.675 0.679 0.715 0.779 0.805 0.807 0.804 0.833 0.845 0.874 0.885 0.896 0.895 0.892 0.920 0.921 0.929 0.935 0.938 0.942 0.943 0.943 0.938 0.926 0.915 0.917 0.933 0.954 0.954 0.952 0.945 0.948 0.952 0.947 0.955 0.952 0.956 0.961 0.964 0.964 0.965 0.962 0.960 0.963 0.961 0.961 0.960 0.959 0.957 0.955 0.956 0.960 0.962 0.968 0.971 0.969 0.962 0.972 0.978 0.960 0.960 0.959 0.966 0.006
>8ceb
0.509 0.733 0.748 0.762 0.780 0.724 0.777 0.813 0.789 0.790 0.782 0.729 0.727 0.669 0.662 0.706 0.675 0.677 0.680 0.703 0.699 0.662 0.615 0.743 0.664 0.603 0.598 0.565 0.592 0.637 0.700 0.792 0.842 0.838 0.746 0.779 0.819 0.887 0.872 0.889 0.898 0.866 0.833 0.880 0.849 0.837 0.846 0.832 0.850 0.831 0.862 0.795 0.765 0.749 0.691 0.660 0.654 0.574 0.519 0.545 0.566 0.592 0.624 0.637 0.652 0.681 0.669 0.683 0.684 0.665 0.651 0.674 0.695 0.700 0.707 0.688 0.675 0.679 0.715 0.779 0.805 0.807 0.804 0.833 0.845 0.874 0.885 0.896 0.895 0.892 0.920 0.921 0.929 0.935 0.938 0.942 0.943 0.943 0.938 0.926 0.915 0.917 0.933 0.954 0.954 0.952 0.945 0.948 0.952 0.947 0.955 0.952 0.956 0.961 0.964 0.964 0.965 0.962 0.960 0.963 0.961 0.961 0.960 0.959 0.957 0.955 0.956 0.960 0.962 0.968 0.971 0.969 0.962 0.972 0.978 0.960 0.960 0.959 0.966 0.006
>8cg3
0.725 0.751 0.794 0.818 0.782 0.839 0.773 0.732 0.768 0.795 0.710 0.668 0.599 0.507 0.468 0.423 0.340 0.337 0.300 0.278 0.294 0.280 0.273 0.246 0.203 0.207 0.191 0.165 0.148 0.117 0.115 0.098 0.098 0.089 0.071 0.061 0.054 0.056 0.060 0.062 0.069 0.074 0.071 0.084 0.083 0.076 0.072 0.076 0.065 0.050 0.051 0.054 0.058 0.067 0.071 0.079 0.075 0.067 0.060 0.058 0.049 0.043 0.038 0.035 0.032 0.030 0.032 0.037 0.044 0.050 0.056 0.072 0.085 0.089 0.097 0.111 0.116 0.111 0.107 0.110 0.108 0.104 0.115 0.129 0.137 0.144 0.174 0.202 0.200 0.225 0.255 0.241 0.219 0.215 0.181 0.150 0.127 0.114 0.097 0.070 0.059 0.061 0.061 0.059 0.061 0.064 0.073 0.065 0.058 0.057 0.059 0.056 0.053 0.048 0.046 0.042 0.039 0.041 0.042 0.040 0.042 0.044 0.047 0.047 0.051 0.059 0.061 0.059 0.067 0.071 0.067 0.074 0.090 0.099 0.094 0.098 0.100 0.094 0.087 0.088 0.084 0.080 0.083 0.089 0.090 0.093 0.090 0.091 0.088 0.077 0.069 0.068 0.063 0.062 0.064 0.061 0.059 0.058 0.057 0.064 0.066 0.063 0.067 0.066 0.074 0.071 0.075 0.090 0.093 0.114 0.132 0.158 0.167 0.195 0.215 0.235 0.254 0.283 0.297 0.297 0.289 0.228 0.237 0.215 0.202 0.197 0.178 0.199 0.200 0.207 0.182 0.163 0.146 0.149 0.138 0.112 0.101 0.096 0.085 0.070 0.077 0.071 0.064 0.064 0.064 0.066 0.070 0.077 0.077 0.073 0.072 0.069 0.069 0.067 0.067 0.066 0.064 0.056 0.053 0.051 0.044 0.036 0.037 0.040 0.036 0.033 0.037 0.033 0.029 0.033 0.036 0.035 0.037 0.041 0.047 0.047 0.043 0.041 0.040 0.041 0.045 0.049 0.053 0.053 0.060 0.063 0.074 0.083 0.082 0.086 0.096 0.121 0.151 0.161 0.187 0.216 0.263 0.281 0.291 0.336 0.361 0.411 0.479 0.538 0.604 0.689 0.733 0.825 0.859 0.887 0.914 0.933 0.958 0.969 0.971 0.975 0.979 0.981 0.984 0.986 0.987 0.987 0.986 0.988 0.988 0.988 0.989 0.989 0.989 0.990 0.989 0.990 0.991 0.990 0.990 0.990 0.990 0.990 0.990 0.990 0.990 0.990 0.989 0.990 0.990 0.990 0.988 0.988 0.987 0.985 0.985 0.984 0.983 0.981 0.979 0.976 0.973 0.967 0.962 0.956 0.960 0.951 0.953 0.934 0.934 0.921 0.934 0.925 0.918 0.926 0.929 0.931 0.937 0.945 0.946 0.946 0.951 0.953 0.958 0.959 0.959 0.962 0.958 0.961 0.965 0.968 0.968 0.969 0.971 0.970 0.973 0.973 0.975 0.977 0.978 0.981 0.980 0.981 0.981 0.981 0.981 0.980 0.981 0.981 0.981 0.981 0.982 0.982 0.982 0.982 0.983 0.984 0.984 0.984 0.984 0.985 0.986 0.985 0.985 0.984 0.984 0.984 0.985 0.985 0.985 0.985 0.985 0.985 0.985 0.986 0.986 0.985 0.985 0.985 0.983 0.981 0.980 0.978 0.978 0.977 0.976 0.977 0.977 0.977 0.976 0.973 0.973 0.971 0.971 0.969 0.969 0.967 0.969 0.964
>8cgg
0.725 0.751 0.794 0.818 0.782 0.839 0.773 0.732 0.768 0.795 0.710 0.668 0.599 0.507 0.468 0.423 0.340 0.337 0.300 0.278 0.294 0.280 0.273 0.246 0.203 0.207 0.191 0.165 0.148 0.117 0.115 0.098 0.098 0.089 0.071 0.061 0.054 0.056 0.060 0.062 0.069 0.074 0.071 0.084 0.083 0.076 0.072 0.076 0.065 0.050 0.051 0.054 0.058 0.067 0.071 0.079 0.075 0.067 0.060 0.058 0.049 0.043 0.038 0.035 0.032 0.030 0.032 0.037 0.044 0.050 0.056 0.072 0.085 0.089 0.097 0.111 0.116 0.111 0.107 0.110 0.108 0.104 0.115 0.129 0.137 0.144 0.174 0.202 0.200 0.225 0.255 0.241 0.219 0.215 0.181 0.150 0.127 0.114 0.097 0.070 0.059 0.061 0.061 0.059 0.061 0.064 0.073 0.065 0.058 0.057 0.059 0.056 0.053 0.048 0.046 0.042 0.039 0.041 0.042 0.040 0.042 0.044 0.047 0.047 0.051 0.059 0.061 0.059 0.067 0.071 0.067 0.074 0.090 0.099 0.094 0.098 0.100 0.094 0.087 0.088 0.084 0.080 0.083 0.089 0.090 0.093 0.090 0.091 0.088 0.077 0.069 0.068 0.063 0.062 0.064 0.061 0.059 0.058 0.057 0.064 0.066 0.063 0.067 0.066 0.074 0.071 0.075 0.090 0.093 0.114 0.132 0.158 0.167 0.195 0.215 0.235 0.254 0.283 0.297 0.297 0.289 0.228 0.237 0.215 0.202 0.197 0.178 0.199 0.200 0.207 0.182 0.163 0.146 0.149 0.138 0.112 0.101 0.096 0.085 0.070 0.077 0.071 0.064 0.064 0.064 0.066 0.070 0.077 0.077 0.073 0.072 0.069 0.069 0.067 0.067 0.066 0.064 0.056 0.053 0.051 0.044 0.036 0.037 0.040 0.036 0.033 0.037 0.033 0.029 0.033 0.036 0.035 0.037 0.041 0.047 0.047 0.043 0.041 0.040 0.041 0.045 0.049 0.053 0.053 0.060 0.063 0.074 0.083 0.082 0.086 0.096 0.121 0.151 0.161 0.187 0.216 0.263 0.281 0.291 0.336 0.361 0.411 0.479 0.538 0.604 0.689 0.733 0.825 0.859 0.887 0.914 0.933 0.958 0.969 0.971 0.975 0.979 0.981 0.984 0.986 0.987 0.987 0.986 0.988 0.988 0.988 0.989 0.989 0.989 0.990 0.989 0.990 0.991 0.990 0.990 0.990 0.990 0.990 0.990 0.990 0.990 0.990 0.989 0.990 0.990 0.990 0.988 0.988 0.987 0.985 0.985 0.984 0.983 0.981 0.979 0.976 0.973 0.967 0.962 0.956 0.960 0.951 0.953 0.934 0.934 0.921 0.934 0.925 0.918 0.926 0.929 0.931 0.937 0.945 0.946 0.946 0.951 0.953 0.958 0.959 0.959 0.962 0.958 0.961 0.965 0.968 0.968 0.969 0.971 0.970 0.973 0.973 0.975 0.977 0.978 0.981 0.980 0.981 0.981 0.981 0.981 0.980 0.981 0.981 0.981 0.981 0.982 0.982 0.982 0.982 0.983 0.984 0.984 0.984 0.984 0.985 0.986 0.985 0.985 0.984 0.984 0.984 0.985 0.985 0.985 0.985 0.985 0.985 0.985 0.986 0.986 0.985 0.985 0.985 0.983 0.981 0.980 0.978 0.978 0.977 0.976 0.977 0.977 0.977 0.976 0.973 0.973 0.971 0.971 0.969 0.969 0.967 0.969 0.964
>8cgh
0.725 0.751 0.794 0.818 0.782 0.839 0.773 0.732 0.768 0.795 0.710 0.668 0.599 0.507 0.468 0.423 0.340 0.337 0.300 0.278 0.294 0.280 0.273 0.246 0.203 0.207 0.191 0.165 0.148 0.117 0.115 0.098 0.098 0.089 0.071 0.061 0.054 0.056 0.060 0.062 0.069 0.074 0.071 0.084 0.083 0.076 0.072 0.076 0.065 0.050 0.051 0.054 0.058 0.067 0.071 0.079 0.075 0.067 0.060 0.058 0.049 0.043 0.038 0.035 0.032 0.030 0.032 0.037 0.044 0.050 0.056 0.072 0.085 0.089 0.097 0.111 0.116 0.111 0.107 0.110 0.108 0.104 0.115 0.129 0.137 0.144 0.174 0.202 0.200 0.225 0.255 0.241 0.219 0.215 0.181 0.150 0.127 0.114 0.097 0.070 0.059 0.061 0.061 0.059 0.061 0.064 0.073 0.065 0.058 0.057 0.059 0.056 0.053 0.048 0.046 0.042 0.039 0.041 0.042 0.040 0.042 0.044 0.047 0.047 0.051 0.059 0.061 0.059 0.067 0.071 0.067 0.074 0.090 0.099 0.094 0.098 0.100 0.094 0.087 0.088 0.084 0.080 0.083 0.089 0.090 0.093 0.090 0.091 0.088 0.077 0.069 0.068 0.063 0.062 0.064 0.061 0.059 0.058 0.057 0.064 0.066 0.063 0.067 0.066 0.074 0.071 0.075 0.090 0.093 0.114 0.132 0.158 0.167 0.195 0.215 0.235 0.254 0.283 0.297 0.297 0.289 0.228 0.237 0.215 0.202 0.197 0.178 0.199 0.200 0.207 0.182 0.163 0.146 0.149 0.138 0.112 0.101 0.096 0.085 0.070 0.077 0.071 0.064 0.064 0.064 0.066 0.070 0.077 0.077 0.073 0.072 0.069 0.069 0.067 0.067 0.066 0.064 0.056 0.053 0.051 0.044 0.036 0.037 0.040 0.036 0.033 0.037 0.033 0.029 0.033 0.036 0.035 0.037 0.041 0.047 0.047 0.043 0.041 0.040 0.041 0.045 0.049 0.053 0.053 0.060 0.063 0.074 0.083 0.082 0.086 0.096 0.121 0.151 0.161 0.187 0.216 0.263 0.281 0.291 0.336 0.361 0.411 0.479 0.538 0.604 0.689 0.733 0.825 0.859 0.887 0.914 0.933 0.958 0.969 0.971 0.975 0.979 0.981 0.984 0.986 0.987 0.987 0.986 0.988 0.988 0.988 0.989 0.989 0.989 0.990 0.989 0.990 0.991 0.990 0.990 0.990 0.990 0.990 0.990 0.990 0.990 0.990 0.989 0.990 0.990 0.990 0.988 0.988 0.987 0.985 0.985 0.984 0.983 0.981 0.979 0.976 0.973 0.967 0.962 0.956 0.960 0.951 0.953 0.934 0.934 0.921 0.934 0.925 0.918 0.926 0.929 0.931 0.937 0.945 0.946 0.946 0.951 0.953 0.958 0.959 0.959 0.962 0.958 0.961 0.965 0.968 0.968 0.969 0.971 0.970 0.973 0.973 0.975 0.977 0.978 0.981 0.980 0.981 0.981 0.981 0.981 0.980 0.981 0.981 0.981 0.981 0.982 0.982 0.982 0.982 0.983 0.984 0.984 0.984 0.984 0.985 0.986 0.985 0.985 0.984 0.984 0.984 0.985 0.985 0.985 0.985 0.985 0.985 0.985 0.986 0.986 0.985 0.985 0.985 0.983 0.981 0.980 0.978 0.978 0.977 0.976 0.977 0.977 0.977 0.976 0.973 0.973 0.971 0.971 0.969 0.969 0.967 0.969 0.964
>8ci8
0.720 0.819 0.829 0.860 0.920 0.938 0.935 0.937 0.925 0.898 0.886 0.886 0.904 0.906 0.912 0.897 0.889 0.872 0.843 0.836 0.737 0.722 0.671 0.594 0.622 0.568 0.536 0.529 0.418 0.470
>8cpe
0.931 0.963 0.950 0.947 0.941 0.922 0.927 0.931 0.934 0.897 0.647 0.537 0.394 0.255 0.271 0.265 0.245 0.222 0.234 0.213 0.252 0.248 0.195 0.195 0.153 0.141 0.124 0.147 0.165 0.158 0.174 0.185 0.209 0.216 0.231 0.217 0.173 0.159 0.143 0.131 0.119 0.134 0.147 0.146 0.154 0.168 0.182 0.183 0.192 0.194 0.182 0.169 0.174 0.165 0.155 0.144 0.155 0.147 0.159 0.156 0.167 0.167 0.161 0.161 0.142 0.135 0.116 0.118 0.119 0.115 0.127 0.123 0.118 0.117 0.133 0.142 0.151 0.164 0.173 0.167 0.151 0.132 0.157 0.152 0.146 0.124 0.153 0.180 0.186 0.177 0.113 0.099 0.094 0.107 0.097 0.086 0.073 0.069 0.049 0.045 0.040 0.046 0.059 0.075 0.086 0.100 0.109 0.107 0.099 0.094 0.086 0.093 0.102 0.118 0.130 0.139 0.155 0.157 0.169 0.175 0.187 0.200 0.221 0.254 0.252 0.221 0.215 0.195 0.167 0.185 0.171 0.176 0.192 0.179 0.199 0.212 0.202 0.163 0.158 0.118 0.100 0.091 0.090 0.073 0.074 0.077 0.079 0.093 0.115 0.138 0.182 0.215 0.289 0.363 0.479 0.557 0.645 0.685 0.724 0.743 0.782 0.827 0.839 0.882 0.902 0.919 0.929 0.935 0.922 0.908 0.893 0.849 0.886 0.872 0.863 0.822 0.807 0.817 0.831 0.786 0.706 0.680 0.732 0.733 0.723 0.644 0.610 0.490 0.496 0.415 0.383 0.453 0.533 0.661 0.608 0.620 0.637 0.690 0.698 0.764 0.743 0.867 0.867 0.883 0.889 0.884 0.905 0.912 0.918 0.939 0.930 0.943 0.953 0.955 0.954 0.946 0.943
>8cyr
0.509 0.733 0.748 0.762 0.780 0.724 0.777 0.813 0.789 0.790 0.782 0.729 0.727 0.669 0.662 0.706 0.675 0.677 0.680 0.703 0.699 0.662 0.615 0.743 0.664 0.603 0.598 0.565 0.592 0.637 0.700 0.792 0.842 0.838 0.746 0.779 0.819 0.887 0.872 0.889 0.898 0.866 0.833 0.880 0.849 0.837 0.846 0.832 0.850 0.831 0.862 0.795 0.765 0.749 0.691 0.660 0.654 0.574 0.519 0.545 0.566 0.592 0.624 0.637 0.652 0.681 0.669 0.683 0.684 0.665 0.651 0.674 0.695 0.700 0.707 0.688 0.675 0.679 0.715 0.779 0.805 0.807 0.804 0.833 0.845 0.874 0.885 0.896 0.895 0.892 0.920 0.921 0.929 0.935 0.938 0.942 0.943 0.943 0.938 0.926 0.915 0.917 0.933 0.954 0.954 0.952 0.945 0.948 0.952 0.947 0.955 0.952 0.956 0.961 0.964 0.964 0.965 0.962 0.960 0.963 0.961 0.961 0.960 0.959 0.957 0.955 0.956 0.960 0.962 0.968 0.971 0.969 0.962 0.972 0.978 0.960 0.960 0.959 0.966 0.006
>8cys
0.509 0.733 0.748 0.762 0.780 0.724 0.777 0.813 0.789 0.790 0.782 0.729 0.727 0.669 0.662 0.706 0.675 0.677 0.680 0.703 0.699 0.662 0.615 0.743 0.664 0.603 0.598 0.565 0.592 0.637 0.700 0.792 0.842 0.838 0.746 0.779 0.819 0.887 0.872 0.889 0.898 0.866 0.833 0.880 0.849 0.837 0.846 0.832 0.850 0.831 0.862 0.795 0.765 0.749 0.691 0.660 0.654 0.574 0.519 0.545 0.566 0.592 0.624 0.637 0.652 0.681 0.669 0.683 0.684 0.665 0.651 0.674 0.695 0.700 0.707 0.688 0.675 0.679 0.715 0.779 0.805 0.807 0.804 0.833 0.845 0.874 0.885 0.896 0.895 0.892 0.920 0.921 0.929 0.935 0.938 0.942 0.943 0.943 0.938 0.926 0.915 0.917 0.933 0.954 0.954 0.952 0.945 0.948 0.952 0.947 0.955 0.952 0.956 0.961 0.964 0.964 0.965 0.962 0.960 0.963 0.961 0.961 0.960 0.959 0.957 0.955 0.956 0.960 0.962 0.968 0.971 0.969 0.962 0.972 0.978 0.960 0.960 0.959 0.966 0.006
>8cyt
0.509 0.733 0.748 0.762 0.780 0.724 0.777 0.813 0.789 0.790 0.782 0.729 0.727 0.669 0.662 0.706 0.675 0.677 0.680 0.703 0.699 0.662 0.615 0.743 0.664 0.603 0.598 0.565 0.592 0.637 0.700 0.792 0.842 0.838 0.746 0.779 0.819 0.887 0.872 0.889 0.898 0.866 0.833 0.880 0.849 0.837 0.846 0.832 0.850 0.831 0.862 0.795 0.765 0.749 0.691 0.660 0.654 0.574 0.519 0.545 0.566 0.592 0.624 0.637 0.652 0.681 0.669 0.683 0.684 0.665 0.651 0.674 0.695 0.700 0.707 0.688 0.675 0.679 0.715 0.779 0.805 0.807 0.804 0.833 0.845 0.874 0.885 0.896 0.895 0.892 0.920 0.921 0.929 0.935 0.938 0.942 0.943 0.943 0.938 0.926 0.915 0.917 0.933 0.954 0.954 0.952 0.945 0.948 0.952 0.947 0.955 0.952 0.956 0.961 0.964 0.964 0.965 0.962 0.960 0.963 0.961 0.961 0.960 0.959 0.957 0.955 0.956 0.960 0.962 0.968 0.971 0.969 0.962 0.972 0.978 0.960 0.960 0.959 0.966 0.006
>8cyv
0.509 0.733 0.748 0.762 0.780 0.724 0.777 0.813 0.789 0.790 0.782 0.729 0.727 0.669 0.662 0.706 0.675 0.677 0.680 0.703 0.699 0.662 0.615 0.743 0.664 0.603 0.598 0.565 0.592 0.637 0.700 0.792 0.842 0.838 0.746 0.779 0.819 0.887 0.872 0.889 0.898 0.866 0.833 0.880 0.849 0.837 0.846 0.832 0.850 0.831 0.862 0.795 0.765 0.749 0.691 0.660 0.654 0.574 0.519 0.545 0.566 0.592 0.624 0.637 0.652 0.681 0.669 0.683 0.684 0.665 0.651 0.674 0.695 0.700 0.707 0.688 0.675 0.679 0.715 0.779 0.805 0.807 0.804 0.833 0.845 0.874 0.885 0.896 0.895 0.892 0.920 0.921 0.929 0.935 0.938 0.942 0.943 0.943 0.938 0.926 0.915 0.917 0.933 0.954 0.954 0.952 0.945 0.948 0.952 0.947 0.955 0.952 0.956 0.961 0.964 0.964 0.965 0.962 0.960 0.963 0.961 0.961 0.960 0.959 0.957 0.955 0.956 0.960 0.962 0.968 0.971 0.969 0.962 0.972 0.978 0.960 0.960 0.959 0.966 0.006
>8cyw
0.509 0.733 0.748 0.762 0.780 0.724 0.777 0.813 0.789 0.790 0.782 0.729 0.727 0.669 0.662 0.706 0.675 0.677 0.680 0.703 0.699 0.662 0.615 0.743 0.664 0.603 0.598 0.565 0.592 0.637 0.700 0.792 0.842 0.838 0.746 0.779 0.819 0.887 0.872 0.889 0.898 0.866 0.833 0.880 0.849 0.837 0.846 0.832 0.850 0.831 0.862 0.795 0.765 0.749 0.691 0.660 0.654 0.574 0.519 0.545 0.566 0.592 0.624 0.637 0.652 0.681 0.669 0.683 0.684 0.665 0.651 0.674 0.695 0.700 0.707 0.688 0.675 0.679 0.715 0.779 0.805 0.807 0.804 0.833 0.845 0.874 0.885 0.896 0.895 0.892 0.920 0.921 0.929 0.935 0.938 0.942 0.943 0.943 0.938 0.926 0.915 0.917 0.933 0.954 0.954 0.952 0.945 0.948 0.952 0.947 0.955 0.952 0.956 0.961 0.964 0.964 0.965 0.962 0.960 0.963 0.961 0.961 0.960 0.959 0.957 0.955 0.956 0.960 0.962 0.968 0.971 0.969 0.962 0.972 0.978 0.960 0.960 0.959 0.966 0.006
>8cyx
0.509 0.733 0.748 0.762 0.780 0.724 0.777 0.813 0.789 0.790 0.782 0.729 0.727 0.669 0.662 0.706 0.675 0.677 0.680 0.703 0.699 0.662 0.615 0.743 0.664 0.603 0.598 0.565 0.592 0.637 0.700 0.792 0.842 0.838 0.746 0.779 0.819 0.887 0.872 0.889 0.898 0.866 0.833 0.880 0.849 0.837 0.846 0.832 0.850 0.831 0.862 0.795 0.765 0.749 0.691 0.660 0.654 0.574 0.519 0.545 0.566 0.592 0.624 0.637 0.652 0.681 0.669 0.683 0.684 0.665 0.651 0.674 0.695 0.700 0.707 0.688 0.675 0.679 0.715 0.779 0.805 0.807 0.804 0.833 0.845 0.874 0.885 0.896 0.895 0.892 0.920 0.921 0.929 0.935 0.938 0.942 0.943 0.943 0.938 0.926 0.915 0.917 0.933 0.954 0.954 0.952 0.945 0.948 0.952 0.947 0.955 0.952 0.956 0.961 0.964 0.964 0.965 0.962 0.960 0.963 0.961 0.961 0.960 0.959 0.957 0.955 0.956 0.960 0.962 0.968 0.971 0.969 0.962 0.972 0.978 0.960 0.960 0.959 0.966 0.006
>8cyy
0.509 0.733 0.748 0.762 0.780 0.724 0.777 0.813 0.789 0.790 0.782 0.729 0.727 0.669 0.662 0.706 0.675 0.677 0.680 0.703 0.699 0.662 0.615 0.743 0.664 0.603 0.598 0.565 0.592 0.637 0.700 0.792 0.842 0.838 0.746 0.779 0.819 0.887 0.872 0.889 0.898 0.866 0.833 0.880 0.849 0.837 0.846 0.832 0.850 0.831 0.862 0.795 0.765 0.749 0.691 0.660 0.654 0.574 0.519 0.545 0.566 0.592 0.624 0.637 0.652 0.681 0.669 0.683 0.684 0.665 0.651 0.674 0.695 0.700 0.707 0.688 0.675 0.679 0.715 0.779 0.805 0.807 0.804 0.833 0.845 0.874 0.885 0.896 0.895 0.892 0.920 0.921 0.929 0.935 0.938 0.942 0.943 0.943 0.938 0.926 0.915 0.917 0.933 0.954 0.954 0.952 0.945 0.948 0.952 0.947 0.955 0.952 0.956 0.961 0.964 0.964 0.965 0.962 0.960 0.963 0.961 0.961 0.960 0.959 0.957 0.955 0.956 0.960 0.962 0.968 0.971 0.969 0.962 0.972 0.978 0.960 0.960 0.959 0.966 0.006
>8cz0
0.509 0.733 0.748 0.762 0.780 0.724 0.777 0.813 0.789 0.790 0.782 0.729 0.727 0.669 0.662 0.706 0.675 0.677 0.680 0.703 0.699 0.662 0.615 0.743 0.664 0.603 0.598 0.565 0.592 0.637 0.700 0.792 0.842 0.838 0.746 0.779 0.819 0.887 0.872 0.889 0.898 0.866 0.833 0.880 0.849 0.837 0.846 0.832 0.850 0.831 0.862 0.795 0.765 0.749 0.691 0.660 0.654 0.574 0.519 0.545 0.566 0.592 0.624 0.637 0.652 0.681 0.669 0.683 0.684 0.665 0.651 0.674 0.695 0.700 0.707 0.688 0.675 0.679 0.715 0.779 0.805 0.807 0.804 0.833 0.845 0.874 0.885 0.896 0.895 0.892 0.920 0.921 0.929 0.935 0.938 0.942 0.943 0.943 0.938 0.926 0.915 0.917 0.933 0.954 0.954 0.952 0.945 0.948 0.952 0.947 0.955 0.952 0.956 0.961 0.964 0.964 0.965 0.962 0.960 0.963 0.961 0.961 0.960 0.959 0.957 0.955 0.956 0.960 0.962 0.968 0.971 0.969 0.962 0.972 0.978 0.960 0.960 0.959 0.966 0.006
>8cz1
0.509 0.733 0.748 0.762 0.780 0.724 0.777 0.813 0.789 0.790 0.782 0.729 0.727 0.669 0.662 0.706 0.675 0.677 0.680 0.703 0.699 0.662 0.615 0.743 0.664 0.603 0.598 0.565 0.592 0.637 0.700 0.792 0.842 0.838 0.746 0.779 0.819 0.887 0.872 0.889 0.898 0.866 0.833 0.880 0.849 0.837 0.846 0.832 0.850 0.831 0.862 0.795 0.765 0.749 0.691 0.660 0.654 0.574 0.519 0.545 0.566 0.592 0.624 0.637 0.652 0.681 0.669 0.683 0.684 0.665 0.651 0.674 0.695 0.700 0.707 0.688 0.675 0.679 0.715 0.779 0.805 0.807 0.804 0.833 0.845 0.874 0.885 0.896 0.895 0.892 0.920 0.921 0.929 0.935 0.938 0.942 0.943 0.943 0.938 0.926 0.915 0.917 0.933 0.954 0.954 0.952 0.945 0.948 0.952 0.947 0.955 0.952 0.956 0.961 0.964 0.964 0.965 0.962 0.960 0.963 0.961 0.961 0.960 0.959 0.957 0.955 0.956 0.960 0.962 0.968 0.971 0.969 0.962 0.972 0.978 0.960 0.960 0.959 0.966 0.006
>8cz2
0.509 0.733 0.748 0.762 0.780 0.724 0.777 0.813 0.789 0.790 0.782 0.729 0.727 0.669 0.662 0.706 0.675 0.677 0.680 0.703 0.699 0.662 0.615 0.743 0.664 0.603 0.598 0.565 0.592 0.637 0.700 0.792 0.842 0.838 0.746 0.779 0.819 0.887 0.872 0.889 0.898 0.866 0.833 0.880 0.849 0.837 0.846 0.832 0.850 0.831 0.862 0.795 0.765 0.749 0.691 0.660 0.654 0.574 0.519 0.545 0.566 0.592 0.624 0.637 0.652 0.681 0.669 0.683 0.684 0.665 0.651 0.674 0.695 0.700 0.707 0.688 0.675 0.679 0.715 0.779 0.805 0.807 0.804 0.833 0.845 0.874 0.885 0.896 0.895 0.892 0.920 0.921 0.929 0.935 0.938 0.942 0.943 0.943 0.938 0.926 0.915 0.917 0.933 0.954 0.954 0.952 0.945 0.948 0.952 0.947 0.955 0.952 0.956 0.961 0.964 0.964 0.965 0.962 0.960 0.963 0.961 0.961 0.960 0.959 0.957 0.955 0.956 0.960 0.962 0.968 0.971 0.969 0.962 0.972 0.978 0.960 0.960 0.959 0.966 0.006
>8cz3
0.509 0.733 0.748 0.762 0.780 0.724 0.777 0.813 0.789 0.790 0.782 0.729 0.727 0.669 0.662 0.706 0.675 0.677 0.680 0.703 0.699 0.662 0.615 0.743 0.664 0.603 0.598 0.565 0.592 0.637 0.700 0.792 0.842 0.838 0.746 0.779 0.819 0.887 0.872 0.889 0.898 0.866 0.833 0.880 0.849 0.837 0.846 0.832 0.850 0.831 0.862 0.795 0.765 0.749 0.691 0.660 0.654 0.574 0.519 0.545 0.566 0.592 0.624 0.637 0.652 0.681 0.669 0.683 0.684 0.665 0.651 0.674 0.695 0.700 0.707 0.688 0.675 0.679 0.715 0.779 0.805 0.807 0.804 0.833 0.845 0.874 0.885 0.896 0.895 0.892 0.920 0.921 0.929 0.935 0.938 0.942 0.943 0.943 0.938 0.926 0.915 0.917 0.933 0.954 0.954 0.952 0.945 0.948 0.952 0.947 0.955 0.952 0.956 0.961 0.964 0.964 0.965 0.962 0.960 0.963 0.961 0.961 0.960 0.959 0.957 0.955 0.956 0.960 0.962 0.968 0.971 0.969 0.962 0.972 0.978 0.960 0.960 0.959 0.966 0.006
>8cz6
0.509 0.733 0.748 0.762 0.780 0.724 0.777 0.813 0.789 0.790 0.782 0.729 0.727 0.669 0.662 0.706 0.675 0.677 0.680 0.703 0.699 0.662 0.615 0.743 0.664 0.603 0.598 0.565 0.592 0.637 0.700 0.792 0.842 0.838 0.746 0.779 0.819 0.887 0.872 0.889 0.898 0.866 0.833 0.880 0.849 0.837 0.846 0.832 0.850 0.831 0.862 0.795 0.765 0.749 0.691 0.660 0.654 0.574 0.519 0.545 0.566 0.592 0.624 0.637 0.652 0.681 0.669 0.683 0.684 0.665 0.651 0.674 0.695 0.700 0.707 0.688 0.675 0.679 0.715 0.779 0.805 0.807 0.804 0.833 0.845 0.874 0.885 0.896 0.895 0.892 0.920 0.921 0.929 0.935 0.938 0.942 0.943 0.943 0.938 0.926 0.915 0.917 0.933 0.954 0.954 0.952 0.945 0.948 0.952 0.947 0.955 0.952 0.956 0.961 0.964 0.964 0.965 0.962 0.960 0.963 0.961 0.961 0.960 0.959 0.957 0.955 0.956 0.960 0.962 0.968 0.971 0.969 0.962 0.972 0.978 0.960 0.960 0.959 0.966 0.006
>8dja
0.978 0.978 0.978 0.973 0.969 0.972 0.974 0.976 0.977 0.978 0.978 0.978 0.980 0.980 0.980 0.980 0.981 0.980 0.980 0.981 0.980 0.981 0.980 0.981 0.982 0.983 0.983 0.983 0.983 0.983 0.983 0.983 0.985 0.985 0.985 0.984 0.984 0.985 0.985 0.985 0.986 0.986 0.987 0.986 0.986 0.986 0.986 0.986 0.986 0.986 0.986 0.986 0.986 0.986 0.985 0.985 0.985 0.985 0.985 0.985 0.986 0.986 0.986 0.986 0.986 0.986 0.986 0.985 0.986 0.985 0.985 0.985 0.985 0.985 0.984 0.984 0.983 0.982 0.981 0.980 0.977 0.976 0.974 0.975 0.974 0.973 0.973 0.974 0.973 0.973 0.972 0.972 0.970 0.967 0.961 0.956 0.954 0.957 0.952 0.959 0.960 0.963 0.959 0.966 0.966 0.969 0.968 0.972 0.974 0.975 0.974 0.974 0.975 0.974 0.974 0.975 0.974 0.983 0.973 0.968 0.971 0.961 0.958
>8dst
0.842 0.808 0.760 0.737 0.648
>8du2
0.951 0.947 0.965 0.956 0.968 0.967 0.967 0.968 0.966 0.971 0.969 0.973 0.970 0.971 0.968 0.970 0.971 0.972 0.972 0.974 0.975 0.975 0.976 0.976 0.975 0.976 0.978 0.978 0.979 0.979 0.981 0.982 0.982 0.982 0.983 0.983 0.985 0.985 0.986 0.985 0.986 0.987 0.986 0.987 0.987 0.987 0.987 0.987 0.987 0.988 0.988 0.988 0.988 0.988 0.988 0.988 0.989 0.988 0.987 0.989 0.989 0.988 0.989 0.989 0.988 0.988 0.989 0.990 0.989 0.990 0.989 0.989 0.989 0.988 0.988 0.988 0.987 0.988 0.990 0.989 0.989 0.990 0.990 0.989 0.989 0.990 0.989 0.989 0.989 0.988 0.987 0.987 0.986 0.988 0.985 0.985 0.987 0.982 0.981 0.984 0.985 0.981 0.979 0.979 0.979 0.977 0.979 0.979 0.979 0.979 0.982 0.980 0.979 0.982 0.985 0.982 0.979 0.984 0.984 0.983 0.983 0.984 0.985 0.984 0.986 0.987 0.985 0.986 0.986 0.986 0.986 0.986 0.985 0.984 0.984 0.985 0.984 0.985 0.986 0.986 0.986 0.985 0.984 0.985 0.985 0.986 0.986 0.985 0.985 0.986 0.985 0.984 0.989 0.983 0.984 0.985 0.985 0.985 0.985 0.984 0.978
>8duw
0.951 0.947 0.965 0.956 0.968 0.967 0.967 0.968 0.966 0.971 0.969 0.973 0.970 0.971 0.968 0.970 0.971 0.972 0.972 0.974 0.975 0.975 0.976 0.976 0.975 0.976 0.978 0.978 0.979 0.979 0.981 0.982 0.982 0.982 0.983 0.983 0.985 0.985 0.986 0.985 0.986 0.987 0.986 0.987 0.987 0.987 0.987 0.987 0.987 0.988 0.988 0.988 0.988 0.988 0.988 0.988 0.989 0.988 0.987 0.989 0.989 0.988 0.989 0.989 0.988 0.988 0.989 0.990 0.989 0.990 0.989 0.989 0.989 0.988 0.988 0.988 0.987 0.988 0.990 0.989 0.989 0.990 0.990 0.989 0.989 0.990 0.989 0.989 0.989 0.988 0.987 0.987 0.986 0.988 0.985 0.985 0.987 0.982 0.981 0.984 0.985 0.981 0.979 0.979 0.979 0.977 0.979 0.979 0.979 0.979 0.982 0.980 0.979 0.982 0.985 0.982 0.979 0.984 0.984 0.983 0.983 0.984 0.985 0.984 0.986 0.987 0.985 0.986 0.986 0.986 0.986 0.986 0.985 0.984 0.984 0.985 0.984 0.985 0.986 0.986 0.986 0.985 0.984 0.985 0.985 0.986 0.986 0.985 0.985 0.986 0.985 0.984 0.989 0.983 0.984 0.985 0.985 0.985 0.985 0.984 0.978
>8e7d
0.951 0.948 0.952 0.952 0.946 0.948 0.954 0.961 0.959 0.961 0.969 0.969 0.969 0.968 0.961 0.961 0.944 0.927 0.879 0.842 0.792 0.765 0.700 0.657 0.498 0.409 0.340 0.324 0.206 0.229 0.225 0.225 0.200 0.170 0.144 0.119 0.102 0.081 0.067 0.058 0.051 0.044 0.048 0.050 0.054 0.058 0.071 0.075 0.092 0.096 0.107 0.119 0.125 0.129 0.124 0.123 0.128 0.134 0.153 0.163 0.182 0.221 0.277 0.298 0.333 0.375 0.329 0.333 0.353 0.359 0.302 0.299 0.288 0.301 0.314 0.317 0.321 0.306 0.318 0.284 0.256 0.236 0.222 0.196 0.200 0.197 0.186 0.159 0.154 0.150 0.134 0.130 0.120 0.107 0.104 0.095 0.095 0.103 0.096 0.091 0.094 0.085 0.075 0.072 0.070 0.068 0.066 0.070 0.074 0.075 0.090 0.098 0.093 0.093 0.087 0.083 0.084 0.078 0.070 0.066 0.058 0.053 0.053 0.050 0.048 0.059 0.068 0.084 0.093 0.090 0.085 0.080 0.073 0.076 0.091 0.113 0.109 0.114 0.140 0.163 0.161 0.169 0.186 0.200 0.236 0.298 0.300
>8e7e
0.951 0.948 0.952 0.952 0.947 0.949 0.955 0.962 0.961 0.963 0.970 0.969 0.970 0.969 0.963 0.961 0.949 0.932 0.885 0.847 0.803 0.771 0.709 0.674 0.513 0.433 0.345 0.333 0.210 0.234 0.224 0.222 0.199 0.169 0.143 0.119 0.103 0.082 0.066 0.057 0.049 0.043 0.048 0.050 0.054 0.059 0.071 0.073 0.088 0.092 0.100 0.113 0.121 0.118 0.116 0.115 0.120 0.127 0.144 0.157 0.176 0.205 0.256 0.273 0.313 0.338 0.302 0.296 0.317 0.337 0.295 0.294 0.287 0.299 0.305 0.306 0.314 0.288 0.287 0.274 0.250 0.223 0.211 0.197 0.200 0.192 0.179 0.159 0.153 0.149 0.138 0.137 0.136 0.125 0.117 0.108 0.108 0.121 0.114 0.107 0.109 0.100 0.088 0.086 0.082 0.080 0.080 0.087 0.089 0.091 0.115 0.121 0.113 0.110 0.101 0.096 0.090 0.083 0.071 0.064 0.058 0.052 0.052 0.050 0.049 0.060 0.067 0.083 0.092 0.089 0.084 0.077 0.068 0.074 0.094 0.119 0.115 0.114 0.150 0.177 0.171 0.187 0.230 0.243 0.269 0.320 0.327
>8e7h
0.951 0.948 0.952 0.952 0.946 0.948 0.954 0.961 0.959 0.961 0.969 0.969 0.969 0.968 0.961 0.961 0.944 0.927 0.879 0.842 0.792 0.765 0.700 0.657 0.498 0.409 0.340 0.324 0.206 0.229 0.225 0.225 0.200 0.170 0.144 0.119 0.102 0.081 0.067 0.058 0.051 0.044 0.048 0.050 0.054 0.058 0.071 0.075 0.092 0.096 0.107 0.119 0.125 0.129 0.124 0.123 0.128 0.134 0.153 0.163 0.182 0.221 0.277 0.298 0.333 0.375 0.329 0.333 0.353 0.359 0.302 0.299 0.288 0.301 0.314 0.317 0.321 0.306 0.318 0.284 0.256 0.236 0.222 0.196 0.200 0.197 0.186 0.159 0.154 0.150 0.134 0.130 0.120 0.107 0.104 0.095 0.095 0.103 0.096 0.091 0.094 0.085 0.075 0.072 0.070 0.068 0.066 0.070 0.074 0.075 0.090 0.098 0.093 0.093 0.087 0.083 0.084 0.078 0.070 0.066 0.058 0.053 0.053 0.050 0.048 0.059 0.068 0.084 0.093 0.090 0.085 0.080 0.073 0.076 0.091 0.113 0.109 0.114 0.140 0.163 0.161 0.169 0.186 0.200 0.236 0.298 0.300
>8e7i
0.947 0.945 0.948 0.950 0.944 0.946 0.953 0.960 0.959 0.961 0.970 0.971 0.969 0.968 0.960 0.960 0.943 0.922 0.874 0.838 0.792 0.766 0.699 0.607 0.450 0.351 0.285 0.255 0.187 0.203 0.216 0.222 0.195 0.154 0.127 0.110 0.095 0.074 0.061 0.053 0.047 0.041 0.044 0.046 0.051 0.055 0.067 0.071 0.087 0.091 0.098 0.114 0.119 0.126 0.119 0.118 0.127 0.134 0.153 0.171 0.193 0.270 0.317 0.325 0.360 0.414 0.357 0.359 0.391 0.391 0.347 0.325 0.321 0.328 0.342 0.349 0.353 0.333 0.341 0.315 0.274 0.244 0.240 0.206 0.208 0.199 0.200 0.160 0.155 0.152 0.140 0.135 0.123 0.108 0.104 0.095 0.094 0.103 0.094 0.090 0.091 0.084 0.074 0.071 0.069 0.067 0.064 0.069 0.072 0.073 0.088 0.096 0.091 0.091 0.085 0.082 0.082 0.076 0.069 0.064 0.057 0.052 0.052 0.049 0.048 0.059 0.068 0.084 0.094 0.090 0.085 0.080 0.072 0.075 0.091 0.113 0.109 0.114 0.139 0.161 0.160 0.168 0.184 0.200 0.236 0.298 0.300
>8e7j
0.951 0.948 0.952 0.952 0.947 0.949 0.955 0.962 0.961 0.963 0.970 0.969 0.970 0.969 0.963 0.961 0.949 0.932 0.885 0.847 0.803 0.771 0.709 0.674 0.513 0.433 0.345 0.333 0.210 0.234 0.224 0.222 0.199 0.169 0.143 0.119 0.103 0.082 0.066 0.057 0.049 0.043 0.048 0.050 0.054 0.059 0.071 0.073 0.088 0.092 0.100 0.113 0.121 0.118 0.116 0.115 0.120 0.127 0.144 0.157 0.176 0.205 0.256 0.273 0.313 0.338 0.302 0.296 0.317 0.337 0.295 0.294 0.287 0.299 0.305 0.306 0.314 0.288 0.287 0.274 0.250 0.223 0.211 0.197 0.200 0.192 0.179 0.159 0.153 0.149 0.138 0.137 0.136 0.125 0.117 0.108 0.108 0.121 0.114 0.107 0.109 0.100 0.088 0.086 0.082 0.080 0.080 0.087 0.089 0.091 0.115 0.121 0.113 0.110 0.101 0.096 0.090 0.083 0.071 0.064 0.058 0.052 0.052 0.050 0.049 0.060 0.067 0.083 0.092 0.089 0.084 0.077 0.068 0.074 0.094 0.119 0.115 0.114 0.150 0.177 0.171 0.187 0.230 0.243 0.269 0.320 0.327
>8ec7
0.951 0.947 0.965 0.956 0.968 0.967 0.967 0.968 0.966 0.971 0.969 0.973 0.970 0.971 0.968 0.970 0.971 0.972 0.972 0.974 0.975 0.975 0.976 0.976 0.975 0.976 0.978 0.978 0.979 0.979 0.981 0.982 0.982 0.982 0.983 0.983 0.985 0.985 0.986 0.985 0.986 0.987 0.986 0.987 0.987 0.987 0.987 0.987 0.987 0.988 0.988 0.988 0.988 0.988 0.988 0.988 0.989 0.988 0.987 0.989 0.989 0.988 0.989 0.989 0.988 0.988 0.989 0.990 0.989 0.990 0.989 0.989 0.989 0.988 0.988 0.988 0.987 0.988 0.990 0.989 0.989 0.990 0.990 0.989 0.989 0.990 0.989 0.989 0.989 0.988 0.987 0.987 0.986 0.988 0.985 0.985 0.987 0.982 0.981 0.984 0.985 0.981 0.979 0.979 0.979 0.977 0.979 0.979 0.979 0.979 0.982 0.980 0.979 0.982 0.985 0.982 0.979 0.984 0.984 0.983 0.983 0.984 0.985 0.984 0.986 0.987 0.985 0.986 0.986 0.986 0.986 0.986 0.985 0.984 0.984 0.985 0.984 0.985 0.986 0.986 0.986 0.985 0.984 0.985 0.985 0.986 0.986 0.985 0.985 0.986 0.985 0.984 0.989 0.983 0.984 0.985 0.985 0.985 0.985 0.984 0.978
>8efu
0.907 0.918 0.915 0.928 0.917 0.905 0.900 0.888 0.876 0.885 0.875 0.876 0.868 0.864 0.868 0.873 0.873 0.888 0.890 0.906 0.904 0.897 0.923 0.915 0.933 0.941 0.946 0.953 0.957 0.965 0.969 0.971 0.975 0.977 0.978 0.979 0.979 0.981 0.982 0.983 0.983 0.984 0.984 0.985 0.985 0.985 0.984 0.984 0.986 0.985 0.986 0.985 0.986 0.986 0.985 0.985 0.986 0.986 0.986 0.986 0.987 0.987 0.987 0.987 0.987 0.987 0.987 0.987 0.987 0.987 0.988 0.988 0.989 0.989 0.988 0.988 0.988 0.989 0.989 0.989 0.989 0.989 0.989 0.989 0.989 0.989 0.989 0.989 0.990 0.990 0.989 0.989 0.988 0.988 0.987 0.986 0.986 0.984 0.981 0.980 0.977 0.977 0.977 0.977 0.977 0.978 0.977 0.977 0.978 0.979 0.980 0.980 0.981 0.981 0.979 0.978 0.974 0.974 0.972 0.976 0.977 0.977 0.975 0.974 0.971 0.972 0.972 0.969 0.969 0.972 0.974 0.972 0.970 0.961 0.951 0.940 0.914 0.911 0.894 0.874 0.850 0.660 0.558 0.383 0.314 0.245 0.237 0.225 0.218 0.198 0.203 0.210 0.168 0.156 0.144 0.157 0.158 0.259 0.225 0.227 0.247 0.254 0.278 0.259 0.222 0.169 0.124 0.100 0.107 0.095 0.089 0.085 0.087 0.083 0.097 0.102 0.103 0.123 0.142 0.162 0.162 0.175 0.169 0.191 0.201 0.196 0.193 0.217 0.250 0.206 0.237 0.277 0.259 0.274 0.290 0.345 0.303 0.300 0.313 0.329 0.334 0.329 0.325 0.313 0.310 0.270 0.284 0.249 0.216 0.209 0.199 0.203 0.213 0.214 0.275 0.234 0.263 0.304 0.325 0.334 0.365 0.402 0.423 0.469 0.500 0.496 0.513 0.530 0.560 0.653 0.681
>8enq
0.869 0.904 0.960 0.965 0.951 0.955 0.950 0.947 0.945 0.942 0.942 0.892 0.880 0.749 0.834 0.878 0.869 0.836 0.836 0.775 0.723 0.723 0.660 0.455 0.331 0.280 0.095 0.085 0.068 0.079 0.067 0.057 0.045 0.059 0.037 0.038 0.048 0.035 0.038 0.033 0.036 0.123 0.463 0.065 0.064 0.069 0.083 0.141 0.194 0.663 0.852 0.936 0.934 0.895 0.725 0.662 0.640 0.680 0.684 0.715 0.744 0.713 0.802 0.807 0.818 0.778 0.686 0.543 0.630 0.633 0.667 0.622 0.538 0.596 0.607 0.572 0.506 0.540 0.500 0.440 0.489 0.510 0.601 0.705 0.782 0.785 0.835 0.869 0.880 0.889 0.949 0.954 0.958 0.958 0.966 0.968 0.969 0.969 0.969 0.972 0.973 0.977 0.978 0.977 0.978 0.978 0.978 0.977 0.976 0.977 0.976 0.976 0.976 0.976 0.974 0.974 0.971 0.969 0.968 0.965 0.966 0.965 0.966 0.967 0.968 0.968 0.970 0.971 0.972 0.972 0.973 0.974 0.974 0.971 0.972 0.971 0.969 0.969
>8enr
0.869 0.904 0.960 0.965 0.951 0.955 0.950 0.947 0.945 0.942 0.942 0.892 0.880 0.749 0.834 0.878 0.869 0.836 0.836 0.775 0.723 0.723 0.660 0.455 0.331 0.280 0.095 0.085 0.068 0.079 0.067 0.057 0.045 0.059 0.037 0.038 0.048 0.035 0.038 0.033 0.036 0.123 0.463 0.065 0.064 0.069 0.083 0.141 0.194 0.663 0.852 0.936 0.934 0.895 0.725 0.662 0.640 0.680 0.684 0.715 0.744 0.713 0.802 0.807 0.818 0.778 0.686 0.543 0.630 0.633 0.667 0.622 0.538 0.596 0.607 0.572 0.506 0.540 0.500 0.440 0.489 0.510 0.601 0.705 0.782 0.785 0.835 0.869 0.880 0.889 0.949 0.954 0.958 0.958 0.966 0.968 0.969 0.969 0.969 0.972 0.973 0.977 0.978 0.977 0.978 0.978 0.978 0.977 0.976 0.977 0.976 0.976 0.976 0.976 0.974 0.974 0.971 0.969 0.968 0.965 0.966 0.965 0.966 0.967 0.968 0.968 0.970 0.971 0.972 0.972 0.973 0.974 0.974 0.971 0.972 0.971 0.969 0.969
>8ezd
0.779 0.826 0.821 0.848 0.815 0.803 0.807 0.814 0.809 0.777 0.739 0.691 0.682 0.668 0.667 0.659 0.631 0.591 0.562 0.515 0.502 0.457 0.498 0.472 0.492 0.477 0.483 0.533 0.574 0.643 0.599 0.599 0.615 0.598 0.582 0.566 0.561 0.593 0.579 0.574 0.556 0.003
>8eze
0.779 0.826 0.821 0.848 0.815 0.803 0.807 0.814 0.809 0.777 0.739 0.691 0.682 0.668 0.667 0.659 0.631 0.591 0.562 0.515 0.502 0.457 0.498 0.472 0.492 0.477 0.483 0.533 0.574 0.643 0.599 0.599 0.615 0.598 0.582 0.566 0.561 0.593 0.579 0.574 0.556 0.003
>8f9k
0.970 0.972 0.971 0.970 0.972 0.973 0.975 0.975 0.974 0.974 0.971 0.970 0.967 0.958 0.958 0.961 0.965 0.963 0.966 0.965 0.967 0.969 0.967 0.966 0.967 0.967 0.967 0.966 0.963 0.965 0.967 0.964 0.963 0.960 0.957 0.955 0.947 0.932 0.924 0.908 0.888 0.870 0.852 0.856 0.849 0.867 0.869 0.872 0.884 0.860 0.816 0.837 0.835 0.865 0.859 0.836 0.873 0.909 0.888 0.871 0.885 0.911 0.895 0.878 0.877 0.873 0.860 0.874 0.833 0.785 0.829 0.770 0.839 0.834 0.834 0.845 0.845 0.846 0.849 0.824 0.812 0.808 0.815 0.838 0.818 0.705 0.659 0.649 0.560 0.580 0.538 0.457 0.399 0.400 0.466 0.448 0.480 0.484 0.412 0.484 0.271 0.225 0.235 0.244 0.244 0.242 0.251 0.255 0.268 0.278 0.353 0.395 0.445 0.491 0.486 0.394 0.324 0.408 0.244 0.250 0.242 0.249 0.260 0.290 0.303 0.306 0.229 0.166 0.139 0.139 0.140 0.131 0.132 0.130 0.122 0.130 0.121 0.117 0.131 0.140 0.128 0.113 0.112 0.113 0.105 0.111 0.111 0.107 0.107 0.115 0.111 0.112 0.122 0.114 0.115 0.107 0.116 0.108 0.112 0.114 0.120 0.121 0.143 0.124 0.132 0.131 0.131 0.111 0.118 0.116 0.121 0.124 0.122 0.116 0.113 0.101 0.095 0.112 0.100 0.110 0.107 0.135 0.127 0.141 0.157 0.145 0.151 0.130 0.126 0.135 0.122 0.125 0.113 0.124 0.119 0.111 0.115 0.118 0.121 0.118 0.109 0.101 0.106 0.095 0.087 0.062 0.055 0.055 0.056 0.051 0.054 0.056 0.056 0.055 0.054 0.057 0.054 0.048 0.044 0.050 0.047 0.048 0.048 0.052 0.051 0.054 0.061 0.069 0.072 0.075 0.082 0.084 0.074 0.073 0.079 0.078 0.087 0.095 0.115 0.124 0.120 0.127 0.152 0.173 0.234 0.282 0.281 0.300 0.303 0.300 0.296 0.270 0.272 0.284 0.240 0.289 0.320 0.341 0.271 0.364 0.401 0.504 0.629 0.654 0.776 0.795 0.735 0.721 0.649 0.538 0.546 0.471 0.442 0.401
>8ff2
0.742 0.805 0.799 0.830 0.793 0.782 0.784 0.788 0.763 0.710 0.683 0.648 0.627 0.624 0.621 0.611 0.585 0.537 0.511 0.453 0.433 0.384 0.431 0.414 0.477 0.504 0.426 0.459 0.496 0.552 0.523 0.525 0.548 0.554 0.527 0.514 0.482 0.455 0.415 0.486
>8ff3
0.742 0.805 0.799 0.830 0.793 0.782 0.784 0.788 0.763 0.710 0.683 0.648 0.627 0.624 0.621 0.611 0.585 0.537 0.511 0.453 0.433 0.384 0.431 0.414 0.477 0.504 0.426 0.459 0.496 0.552 0.523 0.525 0.548 0.554 0.527 0.514 0.482 0.455 0.415 0.486
>8fnz
0.778 0.803 0.780 0.768 0.760 0.881 0.685 0.732 0.864 0.758 0.760 0.741 0.697 0.663 0.624 0.620 0.523 0.430 0.553
>8fof
0.842 0.808 0.760 0.737 0.648
>8fpt
0.509 0.733 0.748 0.762 0.780 0.724 0.777 0.813 0.789 0.790 0.782 0.729 0.727 0.669 0.662 0.706 0.675 0.677 0.680 0.703 0.699 0.662 0.615 0.743 0.664 0.603 0.598 0.565 0.592 0.637 0.700 0.792 0.842 0.838 0.746 0.779 0.819 0.887 0.872 0.889 0.898 0.866 0.833 0.880 0.849 0.837 0.846 0.832 0.850 0.831 0.862 0.795 0.765 0.749 0.691 0.660 0.654 0.574 0.519 0.545 0.566 0.592 0.624 0.637 0.652 0.681 0.669 0.683 0.684 0.665 0.651 0.674 0.695 0.700 0.707 0.688 0.675 0.679 0.715 0.779 0.805 0.807 0.804 0.833 0.845 0.874 0.885 0.896 0.895 0.892 0.920 0.921 0.929 0.935 0.938 0.942 0.943 0.943 0.938 0.926 0.915 0.917 0.933 0.954 0.954 0.952 0.945 0.948 0.952 0.947 0.955 0.952 0.956 0.961 0.964 0.964 0.965 0.962 0.960 0.963 0.961 0.961 0.960 0.959 0.957 0.955 0.956 0.960 0.962 0.968 0.971 0.969 0.962 0.972 0.978 0.960 0.960 0.959 0.966 0.006
>8fug
0.448 0.514 0.578 0.593 0.646 0.669 0.721 0.651 0.658 0.615 0.622 0.599 0.605 0.672 0.734 0.766 0.798 0.824 0.803 0.817 0.829 0.838 0.845 0.881 0.895 0.917 0.925 0.924 0.919 0.911 0.908 0.897 0.883 0.888 0.881 0.872 0.871 0.853 0.837 0.842 0.836 0.829 0.823 0.801 0.792 0.779 0.781 0.776 0.802 0.815 0.824 0.837 0.854 0.862 0.852 0.855 0.848 0.858 0.867 0.875 0.889 0.906 0.894 0.896 0.887 0.893 0.891 0.874 0.890 0.919 0.930 0.933 0.922
>8g2v
0.945 0.946 0.926 0.918 0.910 0.897 0.879 0.844 0.889 0.892 0.835 0.783 0.969 0.961 0.964 0.930 0.853 0.753 0.643 0.561 0.493
>8g54
0.982 0.981 0.983 0.983 0.984 0.985 0.986 0.986 0.986 0.986 0.985 0.984 0.985 0.984 0.984 0.984 0.985 0.985 0.985 0.984 0.984 0.984 0.984 0.984 0.984 0.985 0.984 0.984 0.984 0.984 0.983 0.983 0.983 0.983 0.983 0.983 0.983 0.982 0.983 0.983 0.981 0.981 0.981 0.981 0.979 0.978 0.978 0.976 0.976 0.976 0.976 0.977 0.976 0.976 0.974 0.972 0.972 0.971 0.967 0.965 0.958 0.956 0.954 0.957 0.953 0.949 0.946 0.936 0.930 0.917 0.873 0.885 0.887 0.855 0.822 0.849 0.849 0.838 0.835 0.823 0.849 0.904 0.945 0.947 0.946 0.948 0.947 0.951 0.945 0.945 0.940 0.933 0.934 0.951 0.954 0.943 0.954 0.936 0.943 0.919 0.941 0.933 0.916 0.914 0.903 0.903 0.858 0.789 0.702 0.874 0.914 0.918 0.892 0.651 0.472 0.308 0.392 0.265 0.280 0.207 0.251 0.292 0.361 0.468 0.441 0.374 0.443 0.464 0.556 0.624 0.643 0.733 0.767 0.804 0.824 0.850 0.900 0.888 0.878 0.756 0.780 0.751 0.704 0.639 0.667 0.644 0.626 0.644 0.688 0.596 0.696 0.709 0.570 0.477 0.539 0.581 0.706 0.703 0.778 0.817 0.789 0.813 0.871 0.937 0.941 0.942 0.945 0.948 0.955 0.954 0.943 0.941 0.932 0.934 0.930 0.941 0.951 0.951 0.954 0.947 0.931 0.931 0.938 0.920 0.911 0.871 0.887 0.882 0.891 0.878 0.942 0.938 0.951 0.958 0.955 0.952 0.951 0.940 0.944 0.945 0.931 0.929
>8g55
0.982 0.981 0.983 0.983 0.984 0.985 0.986 0.986 0.986 0.986 0.985 0.984 0.985 0.984 0.984 0.984 0.985 0.985 0.985 0.984 0.984 0.984 0.984 0.984 0.984 0.985 0.984 0.984 0.984 0.984 0.983 0.983 0.983 0.983 0.983 0.983 0.983 0.982 0.983 0.983 0.981 0.981 0.981 0.981 0.979 0.978 0.978 0.976 0.976 0.976 0.976 0.977 0.976 0.976 0.974 0.972 0.972 0.971 0.967 0.965 0.958 0.956 0.954 0.957 0.953 0.949 0.946 0.936 0.930 0.917 0.873 0.885 0.887 0.855 0.822 0.849 0.849 0.838 0.835 0.823 0.849 0.904 0.945 0.947 0.946 0.948 0.947 0.951 0.945 0.945 0.940 0.933 0.934 0.951 0.954 0.943 0.954 0.936 0.943 0.919 0.941 0.933 0.916 0.914 0.903 0.903 0.858 0.789 0.702 0.874 0.914 0.918 0.892 0.651 0.472 0.308 0.392 0.265 0.280 0.207 0.251 0.292 0.361 0.468 0.441 0.374 0.443 0.464 0.556 0.624 0.643 0.733 0.767 0.804 0.824 0.850 0.900 0.888 0.878 0.756 0.780 0.751 0.704 0.639 0.667 0.644 0.626 0.644 0.688 0.596 0.696 0.709 0.570 0.477 0.539 0.581 0.706 0.703 0.778 0.817 0.789 0.813 0.871 0.937 0.941 0.942 0.945 0.948 0.955 0.954 0.943 0.941 0.932 0.934 0.930 0.941 0.951 0.951 0.954 0.947 0.931 0.931 0.938 0.920 0.911 0.871 0.887 0.882 0.891 0.878 0.942 0.938 0.951 0.958 0.955 0.952 0.951 0.940 0.944 0.945 0.931 0.929
>8g58
0.827 0.510 0.482 0.464 0.364 0.358 0.283 0.504 0.513 0.491 0.397 0.414 0.347 0.323 0.359 0.325 0.364 0.408 0.391 0.354 0.325 0.325 0.359 0.475 0.555 0.656 0.718 0.767 0.780 0.795 0.837 0.855 0.841 0.844 0.834 0.878 0.899 0.912 0.905 0.919 0.906 0.891 0.888 0.892 0.892 0.878 0.890 0.873 0.870 0.871 0.855 0.833 0.842 0.811 0.820 0.818 0.817 0.818 0.833 0.838 0.847 0.868 0.881 0.895 0.892 0.903 0.899 0.908 0.918 0.924 0.934 0.937 0.928 0.929 0.917 0.919 0.916 0.906 0.922 0.931 0.933 0.941 0.933 0.923 0.925 0.922 0.909 0.893 0.888 0.893 0.901 0.889 0.905 0.892 0.923 0.917
>8g9r
0.951 0.948 0.952 0.952 0.946 0.948 0.954 0.961 0.959 0.961 0.969 0.969 0.969 0.968 0.961 0.961 0.944 0.927 0.879 0.842 0.792 0.765 0.700 0.657 0.498 0.409 0.340 0.324 0.206 0.229 0.225 0.225 0.200 0.170 0.144 0.119 0.102 0.081 0.067 0.058 0.051 0.044 0.048 0.050 0.054 0.058 0.071 0.075 0.092 0.096 0.107 0.119 0.125 0.129 0.124 0.123 0.128 0.134 0.153 0.163 0.182 0.221 0.277 0.298 0.333 0.375 0.329 0.333 0.353 0.359 0.302 0.299 0.288 0.301 0.314 0.317 0.321 0.306 0.318 0.284 0.256 0.236 0.222 0.196 0.200 0.197 0.186 0.159 0.154 0.150 0.134 0.130 0.120 0.107 0.104 0.095 0.095 0.103 0.096 0.091 0.094 0.085 0.075 0.072 0.070 0.068 0.066 0.070 0.074 0.075 0.090 0.098 0.093 0.093 0.087 0.083 0.084 0.078 0.070 0.066 0.058 0.053 0.053 0.050 0.048 0.059 0.068 0.084 0.093 0.090 0.085 0.080 0.073 0.076 0.091 0.113 0.109 0.114 0.140 0.163 0.161 0.169 0.186 0.200 0.236 0.298 0.300
>8gbr
0.951 0.948 0.952 0.952 0.946 0.948 0.954 0.961 0.959 0.961 0.969 0.969 0.969 0.968 0.961 0.961 0.944 0.927 0.879 0.842 0.792 0.765 0.700 0.657 0.498 0.409 0.340 0.324 0.206 0.229 0.225 0.225 0.200 0.170 0.144 0.119 0.102 0.081 0.067 0.058 0.051 0.044 0.048 0.050 0.054 0.058 0.071 0.075 0.092 0.096 0.107 0.119 0.125 0.129 0.124 0.123 0.128 0.134 0.153 0.163 0.182 0.221 0.277 0.298 0.333 0.375 0.329 0.333 0.353 0.359 0.302 0.299 0.288 0.301 0.314 0.317 0.321 0.306 0.318 0.284 0.256 0.236 0.222 0.196 0.200 0.197 0.186 0.159 0.154 0.150 0.134 0.130 0.120 0.107 0.104 0.095 0.095 0.103 0.096 0.091 0.094 0.085 0.075 0.072 0.070 0.068 0.066 0.070 0.074 0.075 0.090 0.098 0.093 0.093 0.087 0.083 0.084 0.078 0.070 0.066 0.058 0.053 0.053 0.050 0.048 0.059 0.068 0.084 0.093 0.090 0.085 0.080 0.073 0.076 0.091 0.113 0.109 0.114 0.140 0.163 0.161 0.169 0.186 0.200 0.236 0.298 0.300
>8gf7
0.640 0.615 0.647 0.693 0.650 0.691 0.720 0.743 0.732 0.721 0.704 0.734 0.716 0.699 0.719 0.671 0.626 0.662 0.575 0.507 0.488 0.497 0.490 0.515 0.515 0.564 0.585 0.564 0.623 0.587 0.530 0.504 0.508 0.524 0.540 0.501 0.516 0.495 0.511 0.507 0.527 0.469 0.490 0.503 0.528 0.520 0.553 0.598 0.594 0.592 0.584 0.532 0.468 0.495 0.505 0.507 0.503 0.551 0.566 0.573 0.543 0.551 0.581 0.576 0.582 0.649 0.653 0.686 0.691 0.690 0.705 0.703 0.685 0.704 0.712 0.729 0.763 0.810 0.827 0.835 0.826 0.853 0.848 0.848 0.888 0.881 0.888 0.905 0.917 0.913
>8gi5
0.862 0.874 0.908 0.835 0.780 0.854 0.586 0.511
>8gz8
0.950 0.946 0.937 0.949 0.934 0.943 0.935 0.880 0.798 0.764 0.706 0.703
>8gz9
0.950 0.946 0.937 0.949 0.934 0.943 0.935 0.880 0.798 0.764 0.706 0.703
>8h03
0.509 0.733 0.748 0.762 0.780 0.724 0.777 0.813 0.789 0.790 0.782 0.729 0.727 0.669 0.662 0.706 0.675 0.677 0.680 0.703 0.699 0.662 0.615 0.743 0.664 0.603 0.598 0.565 0.592 0.637 0.700 0.792 0.842 0.838 0.746 0.779 0.819 0.887 0.872 0.889 0.898 0.866 0.833 0.880 0.849 0.837 0.846 0.832 0.850 0.831 0.862 0.795 0.765 0.749 0.691 0.660 0.654 0.574 0.519 0.545 0.566 0.592 0.624 0.637 0.652 0.681 0.669 0.683 0.684 0.665 0.651 0.674 0.695 0.700 0.707 0.688 0.675 0.679 0.715 0.779 0.805 0.807 0.804 0.833 0.845 0.874 0.885 0.896 0.895 0.892 0.920 0.921 0.929 0.935 0.938 0.942 0.943 0.943 0.938 0.926 0.915 0.917 0.933 0.954 0.954 0.952 0.945 0.948 0.952 0.947 0.955 0.952 0.956 0.961 0.964 0.964 0.965 0.962 0.960 0.963 0.961 0.961 0.960 0.959 0.957 0.955 0.956 0.960 0.962 0.968 0.971 0.969 0.962 0.972 0.978 0.960 0.960 0.959 0.966 0.006
>8h04
0.509 0.733 0.748 0.762 0.780 0.724 0.777 0.813 0.789 0.790 0.782 0.729 0.727 0.669 0.662 0.706 0.675 0.677 0.680 0.703 0.699 0.662 0.615 0.743 0.664 0.603 0.598 0.565 0.592 0.637 0.700 0.792 0.842 0.838 0.746 0.779 0.819 0.887 0.872 0.889 0.898 0.866 0.833 0.880 0.849 0.837 0.846 0.832 0.850 0.831 0.862 0.795 0.765 0.749 0.691 0.660 0.654 0.574 0.519 0.545 0.566 0.592 0.624 0.637 0.652 0.681 0.669 0.683 0.684 0.665 0.651 0.674 0.695 0.700 0.707 0.688 0.675 0.679 0.715 0.779 0.805 0.807 0.804 0.833 0.845 0.874 0.885 0.896 0.895 0.892 0.920 0.921 0.929 0.935 0.938 0.942 0.943 0.943 0.938 0.926 0.915 0.917 0.933 0.954 0.954 0.952 0.945 0.948 0.952 0.947 0.955 0.952 0.956 0.961 0.964 0.964 0.965 0.962 0.960 0.963 0.961 0.961 0.960 0.959 0.957 0.955 0.956 0.960 0.962 0.968 0.971 0.969 0.962 0.972 0.978 0.960 0.960 0.959 0.966 0.006
>8h05
0.509 0.733 0.748 0.762 0.780 0.724 0.777 0.813 0.789 0.790 0.782 0.729 0.727 0.669 0.662 0.706 0.675 0.677 0.680 0.703 0.699 0.662 0.615 0.743 0.664 0.603 0.598 0.565 0.592 0.637 0.700 0.792 0.842 0.838 0.746 0.779 0.819 0.887 0.872 0.889 0.898 0.866 0.833 0.880 0.849 0.837 0.846 0.832 0.850 0.831 0.862 0.795 0.765 0.749 0.691 0.660 0.654 0.574 0.519 0.545 0.566 0.592 0.624 0.637 0.652 0.681 0.669 0.683 0.684 0.665 0.651 0.674 0.695 0.700 0.707 0.688 0.675 0.679 0.715 0.779 0.805 0.807 0.804 0.833 0.845 0.874 0.885 0.896 0.895 0.892 0.920 0.921 0.929 0.935 0.938 0.942 0.943 0.943 0.938 0.926 0.915 0.917 0.933 0.954 0.954 0.952 0.945 0.948 0.952 0.947 0.955 0.952 0.956 0.961 0.964 0.964 0.965 0.962 0.960 0.963 0.961 0.961 0.960 0.959 0.957 0.955 0.956 0.960 0.962 0.968 0.971 0.969 0.962 0.972 0.978 0.960 0.960 0.959 0.966 0.006
>8hga
0.863 0.834 0.790 0.741 0.746 0.724 0.718 0.668 0.632 0.547 0.509 0.589 0.531 0.529 0.501 0.471 0.446 0.427 0.422 0.446 0.436 0.434 0.450
>8hia
0.863 0.834 0.790 0.741 0.746 0.724 0.718 0.668 0.632 0.547 0.509 0.589 0.531 0.529 0.501 0.471 0.446 0.427 0.422 0.446 0.436 0.434 0.450
>8hzb
0.509 0.733 0.748 0.762 0.780 0.724 0.777 0.813 0.789 0.790 0.782 0.729 0.727 0.669 0.662 0.706 0.675 0.677 0.680 0.703 0.699 0.662 0.615 0.743 0.664 0.603 0.598 0.565 0.592 0.637 0.700 0.792 0.842 0.838 0.746 0.779 0.819 0.887 0.872 0.889 0.898 0.866 0.833 0.880 0.849 0.837 0.846 0.832 0.850 0.831 0.862 0.795 0.765 0.749 0.691 0.660 0.654 0.574 0.519 0.545 0.566 0.592 0.624 0.637 0.652 0.681 0.669 0.683 0.684 0.665 0.651 0.674 0.695 0.700 0.707 0.688 0.675 0.679 0.715 0.779 0.805 0.807 0.804 0.833 0.845 0.874 0.885 0.896 0.895 0.892 0.920 0.921 0.929 0.935 0.938 0.942 0.943 0.943 0.938 0.926 0.915 0.917 0.933 0.954 0.954 0.952 0.945 0.948 0.952 0.947 0.955 0.952 0.956 0.961 0.964 0.964 0.965 0.962 0.960 0.963 0.961 0.961 0.960 0.959 0.957 0.955 0.956 0.960 0.962 0.968 0.971 0.969 0.962 0.972 0.978 0.960 0.960 0.959 0.966 0.006
>8hzc
0.509 0.733 0.748 0.762 0.780 0.724 0.777 0.813 0.789 0.790 0.782 0.729 0.727 0.669 0.662 0.706 0.675 0.677 0.680 0.703 0.699 0.662 0.615 0.743 0.664 0.603 0.598 0.565 0.592 0.637 0.700 0.792 0.842 0.838 0.746 0.779 0.819 0.887 0.872 0.889 0.898 0.866 0.833 0.880 0.849 0.837 0.846 0.832 0.850 0.831 0.862 0.795 0.765 0.749 0.691 0.660 0.654 0.574 0.519 0.545 0.566 0.592 0.624 0.637 0.652 0.681 0.669 0.683 0.684 0.665 0.651 0.674 0.695 0.700 0.707 0.688 0.675 0.679 0.715 0.779 0.805 0.807 0.804 0.833 0.845 0.874 0.885 0.896 0.895 0.892 0.920 0.921 0.929 0.935 0.938 0.942 0.943 0.943 0.938 0.926 0.915 0.917 0.933 0.954 0.954 0.952 0.945 0.948 0.952 0.947 0.955 0.952 0.956 0.961 0.964 0.964 0.965 0.962 0.960 0.963 0.961 0.961 0.960 0.959 0.957 0.955 0.956 0.960 0.962 0.968 0.971 0.969 0.962 0.972 0.978 0.960 0.960 0.959 0.966 0.006
>8hzs
0.509 0.733 0.748 0.762 0.780 0.724 0.777 0.813 0.789 0.790 0.782 0.729 0.727 0.669 0.662 0.706 0.675 0.677 0.680 0.703 0.699 0.662 0.615 0.743 0.664 0.603 0.598 0.565 0.592 0.637 0.700 0.792 0.842 0.838 0.746 0.779 0.819 0.887 0.872 0.889 0.898 0.866 0.833 0.880 0.849 0.837 0.846 0.832 0.850 0.831 0.862 0.795 0.765 0.749 0.691 0.660 0.654 0.574 0.519 0.545 0.566 0.592 0.624 0.637 0.652 0.681 0.669 0.683 0.684 0.665 0.651 0.674 0.695 0.700 0.707 0.688 0.675 0.679 0.715 0.779 0.805 0.807 0.804 0.833 0.845 0.874 0.885 0.896 0.895 0.892 0.920 0.921 0.929 0.935 0.938 0.942 0.943 0.943 0.938 0.926 0.915 0.917 0.933 0.954 0.954 0.952 0.945 0.948 0.952 0.947 0.955 0.952 0.956 0.961 0.964 0.964 0.965 0.962 0.960 0.963 0.961 0.961 0.960 0.959 0.957 0.955 0.956 0.960 0.962 0.968 0.971 0.969 0.962 0.972 0.978 0.960 0.960 0.959 0.966 0.006
>8ib0
0.637 0.658 0.632 0.680 0.652 0.667 0.637 0.677 0.734 0.717 0.687 0.698 0.847 0.885 0.787 0.833 0.920 0.692 0.918 0.539 0.422 0.352 0.375 0.342
>8ihu
0.906 0.923 0.911 0.873 0.911 0.813 0.621 0.466 0.215 0.256 0.193 0.125 0.112 0.088 0.080 0.104 0.083 0.095 0.119 0.192 0.150 0.166 0.146 0.145 0.137 0.162 0.153 0.159 0.137 0.160 0.177 0.178 0.213 0.228 0.172 0.170 0.171 0.217 0.155 0.143 0.115 0.106 0.115 0.130 0.143 0.155 0.169 0.161 0.150 0.135 0.130 0.130 0.202 0.157 0.122 0.138 0.325 0.415 0.611 0.727 0.783 0.824 0.826 0.814 0.831 0.824 0.836 0.826 0.883 0.893 0.889 0.885 0.894 0.888 0.890 0.899 0.918 0.928 0.912 0.921 0.932 0.927 0.933 0.943 0.936 0.936 0.930 0.919 0.867 0.849 0.809 0.719 0.737 0.640 0.626 0.580 0.579 0.561 0.635 0.608 0.554 0.560 0.559 0.461 0.390 0.277 0.183 0.128 0.123 0.103 0.099 0.098 0.121 0.124 0.129 0.204 0.468 0.516 0.563 0.647 0.679 0.734 0.770 0.816 0.844 0.854 0.881 0.886 0.921 0.931 0.937 0.938 0.920 0.933 0.927 0.916 0.922 0.924 0.903 0.897 0.919 0.935 0.937 0.931 0.934 0.908 0.920 0.892 0.830 0.720 0.560 0.699 0.028 0.562
>8ihv
0.893 0.906 0.895 0.830 0.894 0.737 0.519 0.275 0.113 0.151 0.128 0.102 0.100 0.081 0.074 0.101 0.081 0.095 0.115 0.161 0.147 0.162 0.146 0.144 0.137 0.159 0.151 0.154 0.134 0.156 0.177 0.177 0.182 0.203 0.169 0.168 0.169 0.203 0.161 0.154 0.120 0.116 0.129 0.148 0.158 0.174 0.214 0.194 0.190 0.150 0.137 0.147 0.295 0.200 0.134 0.150 0.364 0.431 0.618 0.780 0.831 0.878 0.872 0.852 0.850 0.822 0.844 0.844 0.888 0.898 0.895 0.892 0.906 0.901 0.908 0.917 0.943 0.944 0.938 0.943 0.948 0.945 0.948 0.954 0.948 0.948 0.943 0.935 0.918 0.911 0.891 0.858 0.849 0.762 0.730 0.689 0.701 0.672 0.777 0.731 0.645 0.643 0.656 0.507 0.431 0.309 0.234 0.134 0.126 0.111 0.101 0.100 0.128 0.131 0.147 0.229 0.511 0.564 0.618 0.694 0.741 0.786 0.809 0.833 0.858 0.867 0.889 0.892 0.923 0.935 0.951 0.943 0.929 0.941 0.936 0.925 0.917 0.920 0.896 0.889 0.917 0.934 0.934 0.931 0.934 0.906 0.920 0.888 0.827 0.708 0.582 0.709 0.021 0.613
>8ik7
0.598 0.650 0.643 0.559 0.532 0.450 0.369 0.309 0.272
>8ikb
0.696 0.731 0.648 0.713 0.546 0.488 0.411 0.389 0.368
>8ikp
0.758 0.788 0.787 0.684 0.689 0.483 0.402 0.369 0.359
>8iks
0.833 0.844 0.828 0.840 0.775 0.603 0.537 0.541 0.543
>8iy7
0.794 0.808 0.806 0.808 0.671 0.528 0.489 0.468 0.474
>8izz
0.794 0.808 0.806 0.808 0.671 0.528 0.489 0.468 0.474
>8j47
0.812 0.832 0.821 0.845 0.801 0.787 0.791 0.794 0.770 0.720 0.686 0.644 0.649 0.646 0.645 0.621 0.597 0.546 0.493 0.444 0.442 0.405 0.463 0.445 0.475 0.516 0.504 0.473 0.498 0.550 0.521 0.526 0.552 0.529 0.518 0.498 0.492 0.508 0.468 0.472
>8j7n
0.970 0.972 0.971 0.970 0.972 0.973 0.975 0.975 0.974 0.974 0.971 0.970 0.967 0.958 0.958 0.961 0.965 0.963 0.966 0.965 0.967 0.969 0.967 0.966 0.967 0.967 0.967 0.966 0.963 0.965 0.967 0.964 0.963 0.960 0.957 0.955 0.947 0.932 0.924 0.908 0.888 0.870 0.852 0.856 0.849 0.867 0.869 0.872 0.884 0.860 0.816 0.837 0.835 0.865 0.859 0.836 0.873 0.909 0.888 0.871 0.885 0.911 0.895 0.878 0.877 0.873 0.860 0.874 0.833 0.785 0.829 0.770 0.839 0.834 0.834 0.845 0.845 0.846 0.849 0.824 0.812 0.808 0.815 0.838 0.818 0.705 0.659 0.649 0.560 0.580 0.538 0.457 0.399 0.400 0.466 0.448 0.480 0.484 0.412 0.484 0.271 0.225 0.235 0.244 0.244 0.242 0.251 0.255 0.268 0.278 0.353 0.395 0.445 0.491 0.486 0.394 0.324 0.408 0.244 0.250 0.242 0.249 0.260 0.290 0.303 0.306 0.229 0.166 0.139 0.139 0.140 0.131 0.132 0.130 0.122 0.130 0.121 0.117 0.131 0.140 0.128 0.113 0.112 0.113 0.105 0.111 0.111 0.107 0.107 0.115 0.111 0.112 0.122 0.114 0.115 0.107 0.116 0.108 0.112 0.114 0.120 0.121 0.143 0.124 0.132 0.131 0.131 0.111 0.118 0.116 0.121 0.124 0.122 0.116 0.113 0.101 0.095 0.112 0.100 0.110 0.107 0.135 0.127 0.141 0.157 0.145 0.151 0.130 0.126 0.135 0.122 0.125 0.113 0.124 0.119 0.111 0.115 0.118 0.121 0.118 0.109 0.101 0.106 0.095 0.087 0.062 0.055 0.055 0.056 0.051 0.054 0.056 0.056 0.055 0.054 0.057 0.054 0.048 0.044 0.050 0.047 0.048 0.048 0.052 0.051 0.054 0.061 0.069 0.072 0.075 0.082 0.084 0.074 0.073 0.079 0.078 0.087 0.095 0.115 0.124 0.120 0.127 0.152 0.173 0.234 0.282 0.281 0.300 0.303 0.300 0.296 0.270 0.272 0.284 0.240 0.289 0.320 0.341 0.271 0.364 0.401 0.504 0.629 0.654 0.776 0.795 0.735 0.721 0.649 0.538 0.546 0.471 0.442 0.401
>8j7p
0.970 0.972 0.971 0.970 0.972 0.973 0.975 0.975 0.974 0.974 0.971 0.970 0.967 0.958 0.958 0.961 0.965 0.963 0.966 0.965 0.967 0.969 0.967 0.966 0.967 0.967 0.967 0.966 0.963 0.965 0.967 0.964 0.963 0.960 0.957 0.955 0.947 0.932 0.924 0.908 0.888 0.870 0.852 0.856 0.849 0.867 0.869 0.872 0.884 0.860 0.816 0.837 0.835 0.865 0.859 0.836 0.873 0.909 0.888 0.871 0.885 0.911 0.895 0.878 0.877 0.873 0.860 0.874 0.833 0.785 0.829 0.770 0.839 0.834 0.834 0.845 0.845 0.846 0.849 0.824 0.812 0.808 0.815 0.838 0.818 0.705 0.659 0.649 0.560 0.580 0.538 0.457 0.399 0.400 0.466 0.448 0.480 0.484 0.412 0.484 0.271 0.225 0.235 0.244 0.244 0.242 0.251 0.255 0.268 0.278 0.353 0.395 0.445 0.491 0.486 0.394 0.324 0.408 0.244 0.250 0.242 0.249 0.260 0.290 0.303 0.306 0.229 0.166 0.139 0.139 0.140 0.131 0.132 0.130 0.122 0.130 0.121 0.117 0.131 0.140 0.128 0.113 0.112 0.113 0.105 0.111 0.111 0.107 0.107 0.115 0.111 0.112 0.122 0.114 0.115 0.107 0.116 0.108 0.112 0.114 0.120 0.121 0.143 0.124 0.132 0.131 0.131 0.111 0.118 0.116 0.121 0.124 0.122 0.116 0.113 0.101 0.095 0.112 0.100 0.110 0.107 0.135 0.127 0.141 0.157 0.145 0.151 0.130 0.126 0.135 0.122 0.125 0.113 0.124 0.119 0.111 0.115 0.118 0.121 0.118 0.109 0.101 0.106 0.095 0.087 0.062 0.055 0.055 0.056 0.051 0.054 0.056 0.056 0.055 0.054 0.057 0.054 0.048 0.044 0.050 0.047 0.048 0.048 0.052 0.051 0.054 0.061 0.069 0.072 0.075 0.082 0.084 0.074 0.073 0.079 0.078 0.087 0.095 0.115 0.124 0.120 0.127 0.152 0.173 0.234 0.282 0.281 0.300 0.303 0.300 0.296 0.270 0.272 0.284 0.240 0.289 0.320 0.341 0.271 0.364 0.401 0.504 0.629 0.654 0.776 0.795 0.735 0.721 0.649 0.538 0.546 0.471 0.442 0.401
>8jex
0.509 0.733 0.748 0.762 0.780 0.724 0.777 0.813 0.789 0.790 0.782 0.729 0.727 0.669 0.662 0.706 0.675 0.677 0.680 0.703 0.699 0.662 0.615 0.743 0.664 0.603 0.598 0.565 0.592 0.637 0.700 0.792 0.842 0.838 0.746 0.779 0.819 0.887 0.872 0.889 0.898 0.866 0.833 0.880 0.849 0.837 0.846 0.832 0.850 0.831 0.862 0.795 0.765 0.749 0.691 0.660 0.654 0.574 0.519 0.545 0.566 0.592 0.624 0.637 0.652 0.681 0.669 0.683 0.684 0.665 0.651 0.674 0.695 0.700 0.707 0.688 0.675 0.679 0.715 0.779 0.805 0.807 0.804 0.833 0.845 0.874 0.885 0.896 0.895 0.892 0.920 0.921 0.929 0.935 0.938 0.942 0.943 0.943 0.938 0.926 0.915 0.917 0.933 0.954 0.954 0.952 0.945 0.948 0.952 0.947 0.955 0.952 0.956 0.961 0.964 0.964 0.965 0.962 0.960 0.963 0.961 0.961 0.960 0.959 0.957 0.955 0.956 0.960 0.962 0.968 0.971 0.969 0.962 0.972 0.978 0.960 0.960 0.959 0.966 0.006
>8jey
0.509 0.733 0.748 0.762 0.780 0.724 0.777 0.813 0.789 0.790 0.782 0.729 0.727 0.669 0.662 0.706 0.675 0.677 0.680 0.703 0.699 0.662 0.615 0.743 0.664 0.603 0.598 0.565 0.592 0.637 0.700 0.792 0.842 0.838 0.746 0.779 0.819 0.887 0.872 0.889 0.898 0.866 0.833 0.880 0.849 0.837 0.846 0.832 0.850 0.831 0.862 0.795 0.765 0.749 0.691 0.660 0.654 0.574 0.519 0.545 0.566 0.592 0.624 0.637 0.652 0.681 0.669 0.683 0.684 0.665 0.651 0.674 0.695 0.700 0.707 0.688 0.675 0.679 0.715 0.779 0.805 0.807 0.804 0.833 0.845 0.874 0.885 0.896 0.895 0.892 0.920 0.921 0.929 0.935 0.938 0.942 0.943 0.943 0.938 0.926 0.915 0.917 0.933 0.954 0.954 0.952 0.945 0.948 0.952 0.947 0.955 0.952 0.956 0.961 0.964 0.964 0.965 0.962 0.960 0.963 0.961 0.961 0.960 0.959 0.957 0.955 0.956 0.960 0.962 0.968 0.971 0.969 0.962 0.972 0.978 0.960 0.960 0.959 0.966 0.006
>8kew
0.960 0.969 0.971 0.974 0.980 0.980 0.979 0.977 0.979 0.980 0.978 0.982 0.980 0.974 0.962 0.940 0.925 0.900 0.868 0.768 0.687 0.596 0.501 0.436 0.449 0.368 0.320 0.318 0.318 0.214 0.182 0.143 0.132 0.103 0.096 0.089 0.088 0.085 0.086 0.100 0.105 0.132 0.152 0.149 0.158 0.177 0.183 0.198 0.184 0.186 0.184 0.194 0.190 0.186 0.188 0.207 0.208 0.212 0.220 0.321 0.299 0.253 0.223 0.225 0.209 0.174 0.174 0.172 0.155 0.150 0.132 0.127 0.131 0.132 0.138 0.145 0.136 0.144 0.137 0.126 0.127 0.131 0.136 0.131 0.145 0.158 0.145 0.148 0.161 0.176 0.180 0.176 0.197 0.171 0.191 0.187 0.180 0.177 0.181 0.174 0.170 0.157 0.151 0.139 0.145 0.143 0.140 0.133 0.124 0.131 0.132 0.110 0.108 0.101 0.097 0.091 0.085 0.079 0.066 0.061 0.062 0.055 0.058 0.068 0.075 0.080 0.093 0.114 0.117 0.122 0.133 0.128 0.122 0.122 0.128 0.138 0.133 0.127 0.133 0.119 0.117 0.128 0.119 0.115 0.116 0.137 0.125 0.134 0.156 0.162 0.161 0.157 0.161 0.165 0.156 0.154 0.167 0.163 0.162 0.165 0.165 0.167 0.171 0.190 0.181 0.178 0.184 0.174 0.174 0.169 0.181 0.167 0.148 0.128 0.111 0.099 0.103 0.108 0.117 0.118 0.140 0.145 0.188 0.239 0.267 0.351 0.477 0.526 0.564 0.604 0.609 0.659 0.681 0.732 0.749 0.745 0.745 0.733 0.763 0.833 0.873 0.885 0.904 0.901 0.892 0.906 0.898 0.903 0.914 0.895 0.900 0.905 0.895 0.902 0.907 0.904 0.900 0.889 0.915 0.918 0.927 0.927 0.931 0.933 0.935 0.944 0.944 0.941 0.943 0.946 0.948 0.950 0.954 0.957 0.957 0.964 0.968 0.969 0.972 0.974 0.977 0.978 0.980 0.980 0.981 0.982 0.981 0.984 0.984 0.984 0.985 0.984 0.984 0.984 0.984 0.984 0.985 0.984 0.984 0.983 0.983 0.981 0.980 0.980 0.979 0.978 0.977 0.975 0.974 0.973 0.971 0.966 0.963 0.955 0.935 0.893 0.852 0.832 0.804 0.786 0.773 0.757 0.718 0.682 0.699 0.705 0.652 0.539 0.464 0.434 0.374 0.341 0.284 0.241 0.258 0.269 0.232 0.211 0.259 0.264 0.236 0.246 0.236 0.272 0.211 0.200 0.199 0.196 0.193 0.176 0.174 0.170 0.162 0.164 0.176 0.190 0.194 0.203 0.209 0.217 0.221 0.230 0.237 0.255 0.247 0.220 0.212 0.202 0.200 0.195 0.206 0.213 0.244 0.227 0.238 0.233 0.275 0.302 0.313 0.328 0.308 0.301 0.320 0.340 0.313 0.338 0.370 0.403 0.477 0.583 0.618 0.667 0.687 0.715 0.741 0.771 0.756 0.813 0.848 0.881 0.890 0.915 0.937 0.939 0.943 0.947 0.948 0.942 0.936 0.950 0.953 0.946 0.939 0.935 0.918 0.899 0.881 0.875 0.849 0.839 0.816 0.774 0.761 0.741 0.744 0.729 0.719 0.700 0.689 0.657 0.669 0.694 0.687 0.671 0.638 0.617 0.610 0.564 0.528 0.529 0.525 0.489 0.498 0.507 0.517 0.500 0.504 0.512 0.508 0.511 0.518 0.522 0.509 0.523 0.527 0.533 0.524 0.547 0.554 0.549 0.537 0.545 0.558 0.535 0.538 0.570 0.572 0.543 0.564 0.590 0.562 0.545 0.569 0.564 0.530 0.528 0.544 0.539 0.537 0.532 0.544 0.528 0.522 0.539 0.539 0.521 0.524 0.524 0.507 0.491 0.480 0.481 0.469 0.446 0.460 0.462 0.450 0.445 0.457 0.446 0.382 0.383 0.365 0.323 0.273 0.257 0.246 0.233 0.202 0.218 0.230 0.225 0.215 0.224 0.247 0.238 0.232 0.249 0.251 0.228 0.223 0.236 0.220 0.225 0.238 0.229 0.222 0.222 0.223 0.222 0.227 0.250 0.233 0.231 0.226 0.225 0.222 0.224 0.223 0.224 0.205 0.195 0.235 0.211 0.206 0.226 0.239 0.235 0.232 0.281 0.294 0.282 0.293 0.307 0.295 0.289 0.286 0.285 0.269 0.266 0.265 0.230 0.195 0.198 0.196 0.167 0.143 0.146 0.131 0.108 0.095 0.104 0.107 0.089 0.092 0.115 0.113 0.101 0.114 0.119 0.123 0.123 0.143 0.154 0.156 0.178 0.190 0.184 0.193 0.197 0.185 0.186 0.190 0.207 0.206 0.214 0.299 0.314 0.327 0.341 0.351 0.336 0.347 0.364 0.361 0.348 0.356 0.393 0.389 0.401 0.460 0.489 0.509 0.559 0.601 0.635 0.659 0.700 0.763 0.790 0.820 0.856 0.858 0.854 0.897 0.909 0.931 0.935 0.939 0.939 0.936 0.946 0.948 0.943 0.949 0.958 0.953 0.949 0.948 0.959 0.958 0.963 0.959 0.960 0.952 0.952 0.954 0.949 0.937 0.939 0.932 0.918 0.905 0.888 0.908 0.913 0.922 0.912 0.916 0.919 0.912 0.910 0.907 0.926 0.924 0.941 0.947 0.952 0.955 0.958 0.962 0.968 0.970 0.971 0.974 0.975 0.978 0.978 0.975 0.975 0.975 0.973 0.975 0.977 0.975 0.974 0.971 0.966 0.965 0.962 0.959 0.956 0.946 0.944 0.930 0.917 0.921 0.904 0.886 0.870 0.872 0.879 0.869 0.820 0.805 0.810 0.782 0.779 0.781 0.760 0.656 0.607 0.510 0.496 0.520 0.446 0.385 0.250 0.224 0.276 0.274 0.399 0.427 0.478 0.461 0.494 0.490 0.540 0.504 0.461 0.451 0.476 0.510 0.581 0.612 0.729 0.671 0.656 0.639 0.661 0.673 0.636 0.628 0.652 0.626 0.604 0.565 0.568 0.569 0.519 0.590 0.629 0.592 0.567 0.602 0.618 0.621 0.608 0.633 0.656 0.641 0.648 0.674 0.687 0.675 0.670 0.703 0.728 0.744 0.771 0.799 0.815 0.836 0.853 0.865 0.869 0.877 0.871 0.868 0.869 0.855 0.816 0.769 0.786 0.772 0.752 0.750 0.747 0.730 0.748 0.786 0.771 0.777 0.757 0.745 0.814 0.819 0.819 0.791 0.778 0.771 0.786 0.858 0.852 0.810 0.796 0.729 0.683 0.707 0.717
>8kf1
0.960 0.969 0.971 0.974 0.980 0.980 0.979 0.977 0.979 0.980 0.978 0.982 0.980 0.974 0.962 0.940 0.925 0.900 0.868 0.768 0.687 0.596 0.501 0.436 0.449 0.368 0.320 0.318 0.318 0.214 0.182 0.143 0.132 0.103 0.096 0.089 0.088 0.085 0.086 0.100 0.105 0.132 0.152 0.149 0.158 0.177 0.183 0.198 0.184 0.186 0.184 0.194 0.190 0.186 0.188 0.207 0.208 0.212 0.220 0.321 0.299 0.253 0.223 0.225 0.209 0.174 0.174 0.172 0.155 0.150 0.132 0.127 0.131 0.132 0.138 0.145 0.136 0.144 0.137 0.126 0.127 0.131 0.136 0.131 0.145 0.158 0.145 0.148 0.161 0.176 0.180 0.176 0.197 0.171 0.191 0.187 0.180 0.177 0.181 0.174 0.170 0.157 0.151 0.139 0.145 0.143 0.140 0.133 0.124 0.131 0.132 0.110 0.108 0.101 0.097 0.091 0.085 0.079 0.066 0.061 0.062 0.055 0.058 0.068 0.075 0.080 0.093 0.114 0.117 0.122 0.133 0.128 0.122 0.122 0.128 0.138 0.133 0.127 0.133 0.119 0.117 0.128 0.119 0.115 0.116 0.137 0.125 0.134 0.156 0.162 0.161 0.157 0.161 0.165 0.156 0.154 0.167 0.163 0.162 0.165 0.165 0.167 0.171 0.190 0.181 0.178 0.184 0.174 0.174 0.169 0.181 0.167 0.148 0.128 0.111 0.099 0.103 0.108 0.117 0.118 0.140 0.145 0.188 0.239 0.267 0.351 0.477 0.526 0.564 0.604 0.609 0.659 0.681 0.732 0.749 0.745 0.745 0.733 0.763 0.833 0.873 0.885 0.904 0.901 0.892 0.906 0.898 0.903 0.914 0.895 0.900 0.905 0.895 0.902 0.907 0.904 0.900 0.889 0.915 0.918 0.927 0.927 0.931 0.933 0.935 0.944 0.944 0.941 0.943 0.946 0.948 0.950 0.954 0.957 0.957 0.964 0.968 0.969 0.972 0.974 0.977 0.978 0.980 0.980 0.981 0.982 0.981 0.984 0.984 0.984 0.985 0.984 0.984 0.984 0.984 0.984 0.985 0.984 0.984 0.983 0.983 0.981 0.980 0.980 0.979 0.978 0.977 0.975 0.974 0.973 0.971 0.966 0.963 0.955 0.935 0.893 0.852 0.832 0.804 0.786 0.773 0.757 0.718 0.682 0.699 0.705 0.652 0.539 0.464 0.434 0.374 0.341 0.284 0.241 0.258 0.269 0.232 0.211 0.259 0.264 0.236 0.246 0.236 0.272 0.211 0.200 0.199 0.196 0.193 0.176 0.174 0.170 0.162 0.164 0.176 0.190 0.194 0.203 0.209 0.217 0.221 0.230 0.237 0.255 0.247 0.220 0.212 0.202 0.200 0.195 0.206 0.213 0.244 0.227 0.238 0.233 0.275 0.302 0.313 0.328 0.308 0.301 0.320 0.340 0.313 0.338 0.370 0.403 0.477 0.583 0.618 0.667 0.687 0.715 0.741 0.771 0.756 0.813 0.848 0.881 0.890 0.915 0.937 0.939 0.943 0.947 0.948 0.942 0.936 0.950 0.953 0.946 0.939 0.935 0.918 0.899 0.881 0.875 0.849 0.839 0.816 0.774 0.761 0.741 0.744 0.729 0.719 0.700 0.689 0.657 0.669 0.694 0.687 0.671 0.638 0.617 0.610 0.564 0.528 0.529 0.525 0.489 0.498 0.507 0.517 0.500 0.504 0.512 0.508 0.511 0.518 0.522 0.509 0.523 0.527 0.533 0.524 0.547 0.554 0.549 0.537 0.545 0.558 0.535 0.538 0.570 0.572 0.543 0.564 0.590 0.562 0.545 0.569 0.564 0.530 0.528 0.544 0.539 0.537 0.532 0.544 0.528 0.522 0.539 0.539 0.521 0.524 0.524 0.507 0.491 0.480 0.481 0.469 0.446 0.460 0.462 0.450 0.445 0.457 0.446 0.382 0.383 0.365 0.323 0.273 0.257 0.246 0.233 0.202 0.218 0.230 0.225 0.215 0.224 0.247 0.238 0.232 0.249 0.251 0.228 0.223 0.236 0.220 0.225 0.238 0.229 0.222 0.222 0.223 0.222 0.227 0.250 0.233 0.231 0.226 0.225 0.222 0.224 0.223 0.224 0.205 0.195 0.235 0.211 0.206 0.226 0.239 0.235 0.232 0.281 0.294 0.282 0.293 0.307 0.295 0.289 0.286 0.285 0.269 0.266 0.265 0.230 0.195 0.198 0.196 0.167 0.143 0.146 0.131 0.108 0.095 0.104 0.107 0.089 0.092 0.115 0.113 0.101 0.114 0.119 0.123 0.123 0.143 0.154 0.156 0.178 0.190 0.184 0.193 0.197 0.185 0.186 0.190 0.207 0.206 0.214 0.299 0.314 0.327 0.341 0.351 0.336 0.347 0.364 0.361 0.348 0.356 0.393 0.389 0.401 0.460 0.489 0.509 0.559 0.601 0.635 0.659 0.700 0.763 0.790 0.820 0.856 0.858 0.854 0.897 0.909 0.931 0.935 0.939 0.939 0.936 0.946 0.948 0.943 0.949 0.958 0.953 0.949 0.948 0.959 0.958 0.963 0.959 0.960 0.952 0.952 0.954 0.949 0.937 0.939 0.932 0.918 0.905 0.888 0.908 0.913 0.922 0.912 0.916 0.919 0.912 0.910 0.907 0.926 0.924 0.941 0.947 0.952 0.955 0.958 0.962 0.968 0.970 0.971 0.974 0.975 0.978 0.978 0.975 0.975 0.975 0.973 0.975 0.977 0.975 0.974 0.971 0.966 0.965 0.962 0.959 0.956 0.946 0.944 0.930 0.917 0.921 0.904 0.886 0.870 0.872 0.879 0.869 0.820 0.805 0.810 0.782 0.779 0.781 0.760 0.656 0.607 0.510 0.496 0.520 0.446 0.385 0.250 0.224 0.276 0.274 0.399 0.427 0.478 0.461 0.494 0.490 0.540 0.504 0.461 0.451 0.476 0.510 0.581 0.612 0.729 0.671 0.656 0.639 0.661 0.673 0.636 0.628 0.652 0.626 0.604 0.565 0.568 0.569 0.519 0.590 0.629 0.592 0.567 0.602 0.618 0.621 0.608 0.633 0.656 0.641 0.648 0.674 0.687 0.675 0.670 0.703 0.728 0.744 0.771 0.799 0.815 0.836 0.853 0.865 0.869 0.877 0.871 0.868 0.869 0.855 0.816 0.769 0.786 0.772 0.752 0.750 0.747 0.730 0.748 0.786 0.771 0.777 0.757 0.745 0.814 0.819 0.819 0.791 0.778 0.771 0.786 0.858 0.852 0.810 0.796 0.729 0.683 0.707 0.717
>8kf3
0.960 0.969 0.971 0.974 0.980 0.980 0.979 0.977 0.979 0.980 0.978 0.982 0.980 0.974 0.962 0.940 0.925 0.900 0.868 0.768 0.687 0.596 0.501 0.436 0.449 0.368 0.320 0.318 0.318 0.214 0.182 0.143 0.132 0.103 0.096 0.089 0.088 0.085 0.086 0.100 0.105 0.132 0.152 0.149 0.158 0.177 0.183 0.198 0.184 0.186 0.184 0.194 0.190 0.186 0.188 0.207 0.208 0.212 0.220 0.321 0.299 0.253 0.223 0.225 0.209 0.174 0.174 0.172 0.155 0.150 0.132 0.127 0.131 0.132 0.138 0.145 0.136 0.144 0.137 0.126 0.127 0.131 0.136 0.131 0.145 0.158 0.145 0.148 0.161 0.176 0.180 0.176 0.197 0.171 0.191 0.187 0.180 0.177 0.181 0.174 0.170 0.157 0.151 0.139 0.145 0.143 0.140 0.133 0.124 0.131 0.132 0.110 0.108 0.101 0.097 0.091 0.085 0.079 0.066 0.061 0.062 0.055 0.058 0.068 0.075 0.080 0.093 0.114 0.117 0.122 0.133 0.128 0.122 0.122 0.128 0.138 0.133 0.127 0.133 0.119 0.117 0.128 0.119 0.115 0.116 0.137 0.125 0.134 0.156 0.162 0.161 0.157 0.161 0.165 0.156 0.154 0.167 0.163 0.162 0.165 0.165 0.167 0.171 0.190 0.181 0.178 0.184 0.174 0.174 0.169 0.181 0.167 0.148 0.128 0.111 0.099 0.103 0.108 0.117 0.118 0.140 0.145 0.188 0.239 0.267 0.351 0.477 0.526 0.564 0.604 0.609 0.659 0.681 0.732 0.749 0.745 0.745 0.733 0.763 0.833 0.873 0.885 0.904 0.901 0.892 0.906 0.898 0.903 0.914 0.895 0.900 0.905 0.895 0.902 0.907 0.904 0.900 0.889 0.915 0.918 0.927 0.927 0.931 0.933 0.935 0.944 0.944 0.941 0.943 0.946 0.948 0.950 0.954 0.957 0.957 0.964 0.968 0.969 0.972 0.974 0.977 0.978 0.980 0.980 0.981 0.982 0.981 0.984 0.984 0.984 0.985 0.984 0.984 0.984 0.984 0.984 0.985 0.984 0.984 0.983 0.983 0.981 0.980 0.980 0.979 0.978 0.977 0.975 0.974 0.973 0.971 0.966 0.963 0.955 0.935 0.893 0.852 0.832 0.804 0.786 0.773 0.757 0.718 0.682 0.699 0.705 0.652 0.539 0.464 0.434 0.374 0.341 0.284 0.241 0.258 0.269 0.232 0.211 0.259 0.264 0.236 0.246 0.236 0.272 0.211 0.200 0.199 0.196 0.193 0.176 0.174 0.170 0.162 0.164 0.176 0.190 0.194 0.203 0.209 0.217 0.221 0.230 0.237 0.255 0.247 0.220 0.212 0.202 0.200 0.195 0.206 0.213 0.244 0.227 0.238 0.233 0.275 0.302 0.313 0.328 0.308 0.301 0.320 0.340 0.313 0.338 0.370 0.403 0.477 0.583 0.618 0.667 0.687 0.715 0.741 0.771 0.756 0.813 0.848 0.881 0.890 0.915 0.937 0.939 0.943 0.947 0.948 0.942 0.936 0.950 0.953 0.946 0.939 0.935 0.918 0.899 0.881 0.875 0.849 0.839 0.816 0.774 0.761 0.741 0.744 0.729 0.719 0.700 0.689 0.657 0.669 0.694 0.687 0.671 0.638 0.617 0.610 0.564 0.528 0.529 0.525 0.489 0.498 0.507 0.517 0.500 0.504 0.512 0.508 0.511 0.518 0.522 0.509 0.523 0.527 0.533 0.524 0.547 0.554 0.549 0.537 0.545 0.558 0.535 0.538 0.570 0.572 0.543 0.564 0.590 0.562 0.545 0.569 0.564 0.530 0.528 0.544 0.539 0.537 0.532 0.544 0.528 0.522 0.539 0.539 0.521 0.524 0.524 0.507 0.491 0.480 0.481 0.469 0.446 0.460 0.462 0.450 0.445 0.457 0.446 0.382 0.383 0.365 0.323 0.273 0.257 0.246 0.233 0.202 0.218 0.230 0.225 0.215 0.224 0.247 0.238 0.232 0.249 0.251 0.228 0.223 0.236 0.220 0.225 0.238 0.229 0.222 0.222 0.223 0.222 0.227 0.250 0.233 0.231 0.226 0.225 0.222 0.224 0.223 0.224 0.205 0.195 0.235 0.211 0.206 0.226 0.239 0.235 0.232 0.281 0.294 0.282 0.293 0.307 0.295 0.289 0.286 0.285 0.269 0.266 0.265 0.230 0.195 0.198 0.196 0.167 0.143 0.146 0.131 0.108 0.095 0.104 0.107 0.089 0.092 0.115 0.113 0.101 0.114 0.119 0.123 0.123 0.143 0.154 0.156 0.178 0.190 0.184 0.193 0.197 0.185 0.186 0.190 0.207 0.206 0.214 0.299 0.314 0.327 0.341 0.351 0.336 0.347 0.364 0.361 0.348 0.356 0.393 0.389 0.401 0.460 0.489 0.509 0.559 0.601 0.635 0.659 0.700 0.763 0.790 0.820 0.856 0.858 0.854 0.897 0.909 0.931 0.935 0.939 0.939 0.936 0.946 0.948 0.943 0.949 0.958 0.953 0.949 0.948 0.959 0.958 0.963 0.959 0.960 0.952 0.952 0.954 0.949 0.937 0.939 0.932 0.918 0.905 0.888 0.908 0.913 0.922 0.912 0.916 0.919 0.912 0.910 0.907 0.926 0.924 0.941 0.947 0.952 0.955 0.958 0.962 0.968 0.970 0.971 0.974 0.975 0.978 0.978 0.975 0.975 0.975 0.973 0.975 0.977 0.975 0.974 0.971 0.966 0.965 0.962 0.959 0.956 0.946 0.944 0.930 0.917 0.921 0.904 0.886 0.870 0.872 0.879 0.869 0.820 0.805 0.810 0.782 0.779 0.781 0.760 0.656 0.607 0.510 0.496 0.520 0.446 0.385 0.250 0.224 0.276 0.274 0.399 0.427 0.478 0.461 0.494 0.490 0.540 0.504 0.461 0.451 0.476 0.510 0.581 0.612 0.729 0.671 0.656 0.639 0.661 0.673 0.636 0.628 0.652 0.626 0.604 0.565 0.568 0.569 0.519 0.590 0.629 0.592 0.567 0.602 0.618 0.621 0.608 0.633 0.656 0.641 0.648 0.674 0.687 0.675 0.670 0.703 0.728 0.744 0.771 0.799 0.815 0.836 0.853 0.865 0.869 0.877 0.871 0.868 0.869 0.855 0.816 0.769 0.786 0.772 0.752 0.750 0.747 0.730 0.748 0.786 0.771 0.777 0.757 0.745 0.814 0.819 0.819 0.791 0.778 0.771 0.786 0.858 0.852 0.810 0.796 0.729 0.683 0.707 0.717
>8kf4
0.960 0.969 0.971 0.974 0.980 0.980 0.979 0.977 0.979 0.980 0.978 0.982 0.980 0.974 0.962 0.940 0.925 0.900 0.868 0.768 0.687 0.596 0.501 0.436 0.449 0.368 0.320 0.318 0.318 0.214 0.182 0.143 0.132 0.103 0.096 0.089 0.088 0.085 0.086 0.100 0.105 0.132 0.152 0.149 0.158 0.177 0.183 0.198 0.184 0.186 0.184 0.194 0.190 0.186 0.188 0.207 0.208 0.212 0.220 0.321 0.299 0.253 0.223 0.225 0.209 0.174 0.174 0.172 0.155 0.150 0.132 0.127 0.131 0.132 0.138 0.145 0.136 0.144 0.137 0.126 0.127 0.131 0.136 0.131 0.145 0.158 0.145 0.148 0.161 0.176 0.180 0.176 0.197 0.171 0.191 0.187 0.180 0.177 0.181 0.174 0.170 0.157 0.151 0.139 0.145 0.143 0.140 0.133 0.124 0.131 0.132 0.110 0.108 0.101 0.097 0.091 0.085 0.079 0.066 0.061 0.062 0.055 0.058 0.068 0.075 0.080 0.093 0.114 0.117 0.122 0.133 0.128 0.122 0.122 0.128 0.138 0.133 0.127 0.133 0.119 0.117 0.128 0.119 0.115 0.116 0.137 0.125 0.134 0.156 0.162 0.161 0.157 0.161 0.165 0.156 0.154 0.167 0.163 0.162 0.165 0.165 0.167 0.171 0.190 0.181 0.178 0.184 0.174 0.174 0.169 0.181 0.167 0.148 0.128 0.111 0.099 0.103 0.108 0.117 0.118 0.140 0.145 0.188 0.239 0.267 0.351 0.477 0.526 0.564 0.604 0.609 0.659 0.681 0.732 0.749 0.745 0.745 0.733 0.763 0.833 0.873 0.885 0.904 0.901 0.892 0.906 0.898 0.903 0.914 0.895 0.900 0.905 0.895 0.902 0.907 0.904 0.900 0.889 0.915 0.918 0.927 0.927 0.931 0.933 0.935 0.944 0.944 0.941 0.943 0.946 0.948 0.950 0.954 0.957 0.957 0.964 0.968 0.969 0.972 0.974 0.977 0.978 0.980 0.980 0.981 0.982 0.981 0.984 0.984 0.984 0.985 0.984 0.984 0.984 0.984 0.984 0.985 0.984 0.984 0.983 0.983 0.981 0.980 0.980 0.979 0.978 0.977 0.975 0.974 0.973 0.971 0.966 0.963 0.955 0.935 0.893 0.852 0.832 0.804 0.786 0.773 0.757 0.718 0.682 0.699 0.705 0.652 0.539 0.464 0.434 0.374 0.341 0.284 0.241 0.258 0.269 0.232 0.211 0.259 0.264 0.236 0.246 0.236 0.272 0.211 0.200 0.199 0.196 0.193 0.176 0.174 0.170 0.162 0.164 0.176 0.190 0.194 0.203 0.209 0.217 0.221 0.230 0.237 0.255 0.247 0.220 0.212 0.202 0.200 0.195 0.206 0.213 0.244 0.227 0.238 0.233 0.275 0.302 0.313 0.328 0.308 0.301 0.320 0.340 0.313 0.338 0.370 0.403 0.477 0.583 0.618 0.667 0.687 0.715 0.741 0.771 0.756 0.813 0.848 0.881 0.890 0.915 0.937 0.939 0.943 0.947 0.948 0.942 0.936 0.950 0.953 0.946 0.939 0.935 0.918 0.899 0.881 0.875 0.849 0.839 0.816 0.774 0.761 0.741 0.744 0.729 0.719 0.700 0.689 0.657 0.669 0.694 0.687 0.671 0.638 0.617 0.610 0.564 0.528 0.529 0.525 0.489 0.498 0.507 0.517 0.500 0.504 0.512 0.508 0.511 0.518 0.522 0.509 0.523 0.527 0.533 0.524 0.547 0.554 0.549 0.537 0.545 0.558 0.535 0.538 0.570 0.572 0.543 0.564 0.590 0.562 0.545 0.569 0.564 0.530 0.528 0.544 0.539 0.537 0.532 0.544 0.528 0.522 0.539 0.539 0.521 0.524 0.524 0.507 0.491 0.480 0.481 0.469 0.446 0.460 0.462 0.450 0.445 0.457 0.446 0.382 0.383 0.365 0.323 0.273 0.257 0.246 0.233 0.202 0.218 0.230 0.225 0.215 0.224 0.247 0.238 0.232 0.249 0.251 0.228 0.223 0.236 0.220 0.225 0.238 0.229 0.222 0.222 0.223 0.222 0.227 0.250 0.233 0.231 0.226 0.225 0.222 0.224 0.223 0.224 0.205 0.195 0.235 0.211 0.206 0.226 0.239 0.235 0.232 0.281 0.294 0.282 0.293 0.307 0.295 0.289 0.286 0.285 0.269 0.266 0.265 0.230 0.195 0.198 0.196 0.167 0.143 0.146 0.131 0.108 0.095 0.104 0.107 0.089 0.092 0.115 0.113 0.101 0.114 0.119 0.123 0.123 0.143 0.154 0.156 0.178 0.190 0.184 0.193 0.197 0.185 0.186 0.190 0.207 0.206 0.214 0.299 0.314 0.327 0.341 0.351 0.336 0.347 0.364 0.361 0.348 0.356 0.393 0.389 0.401 0.460 0.489 0.509 0.559 0.601 0.635 0.659 0.700 0.763 0.790 0.820 0.856 0.858 0.854 0.897 0.909 0.931 0.935 0.939 0.939 0.936 0.946 0.948 0.943 0.949 0.958 0.953 0.949 0.948 0.959 0.958 0.963 0.959 0.960 0.952 0.952 0.954 0.949 0.937 0.939 0.932 0.918 0.905 0.888 0.908 0.913 0.922 0.912 0.916 0.919 0.912 0.910 0.907 0.926 0.924 0.941 0.947 0.952 0.955 0.958 0.962 0.968 0.970 0.971 0.974 0.975 0.978 0.978 0.975 0.975 0.975 0.973 0.975 0.977 0.975 0.974 0.971 0.966 0.965 0.962 0.959 0.956 0.946 0.944 0.930 0.917 0.921 0.904 0.886 0.870 0.872 0.879 0.869 0.820 0.805 0.810 0.782 0.779 0.781 0.760 0.656 0.607 0.510 0.496 0.520 0.446 0.385 0.250 0.224 0.276 0.274 0.399 0.427 0.478 0.461 0.494 0.490 0.540 0.504 0.461 0.451 0.476 0.510 0.581 0.612 0.729 0.671 0.656 0.639 0.661 0.673 0.636 0.628 0.652 0.626 0.604 0.565 0.568 0.569 0.519 0.590 0.629 0.592 0.567 0.602 0.618 0.621 0.608 0.633 0.656 0.641 0.648 0.674 0.687 0.675 0.670 0.703 0.728 0.744 0.771 0.799 0.815 0.836 0.853 0.865 0.869 0.877 0.871 0.868 0.869 0.855 0.816 0.769 0.786 0.772 0.752 0.750 0.747 0.730 0.748 0.786 0.771 0.777 0.757 0.745 0.814 0.819 0.819 0.791 0.778 0.771 0.786 0.858 0.852 0.810 0.796 0.729 0.683 0.707 0.717
>8kf5
0.960 0.969 0.971 0.974 0.980 0.980 0.979 0.977 0.979 0.980 0.978 0.982 0.980 0.974 0.962 0.940 0.925 0.900 0.868 0.768 0.687 0.596 0.501 0.436 0.449 0.368 0.320 0.318 0.318 0.214 0.182 0.143 0.132 0.103 0.096 0.089 0.088 0.085 0.086 0.100 0.105 0.132 0.152 0.149 0.158 0.177 0.183 0.198 0.184 0.186 0.184 0.194 0.190 0.186 0.188 0.207 0.208 0.212 0.220 0.321 0.299 0.253 0.223 0.225 0.209 0.174 0.174 0.172 0.155 0.150 0.132 0.127 0.131 0.132 0.138 0.145 0.136 0.144 0.137 0.126 0.127 0.131 0.136 0.131 0.145 0.158 0.145 0.148 0.161 0.176 0.180 0.176 0.197 0.171 0.191 0.187 0.180 0.177 0.181 0.174 0.170 0.157 0.151 0.139 0.145 0.143 0.140 0.133 0.124 0.131 0.132 0.110 0.108 0.101 0.097 0.091 0.085 0.079 0.066 0.061 0.062 0.055 0.058 0.068 0.075 0.080 0.093 0.114 0.117 0.122 0.133 0.128 0.122 0.122 0.128 0.138 0.133 0.127 0.133 0.119 0.117 0.128 0.119 0.115 0.116 0.137 0.125 0.134 0.156 0.162 0.161 0.157 0.161 0.165 0.156 0.154 0.167 0.163 0.162 0.165 0.165 0.167 0.171 0.190 0.181 0.178 0.184 0.174 0.174 0.169 0.181 0.167 0.148 0.128 0.111 0.099 0.103 0.108 0.117 0.118 0.140 0.145 0.188 0.239 0.267 0.351 0.477 0.526 0.564 0.604 0.609 0.659 0.681 0.732 0.749 0.745 0.745 0.733 0.763 0.833 0.873 0.885 0.904 0.901 0.892 0.906 0.898 0.903 0.914 0.895 0.900 0.905 0.895 0.902 0.907 0.904 0.900 0.889 0.915 0.918 0.927 0.927 0.931 0.933 0.935 0.944 0.944 0.941 0.943 0.946 0.948 0.950 0.954 0.957 0.957 0.964 0.968 0.969 0.972 0.974 0.977 0.978 0.980 0.980 0.981 0.982 0.981 0.984 0.984 0.984 0.985 0.984 0.984 0.984 0.984 0.984 0.985 0.984 0.984 0.983 0.983 0.981 0.980 0.980 0.979 0.978 0.977 0.975 0.974 0.973 0.971 0.966 0.963 0.955 0.935 0.893 0.852 0.832 0.804 0.786 0.773 0.757 0.718 0.682 0.699 0.705 0.652 0.539 0.464 0.434 0.374 0.341 0.284 0.241 0.258 0.269 0.232 0.211 0.259 0.264 0.236 0.246 0.236 0.272 0.211 0.200 0.199 0.196 0.193 0.176 0.174 0.170 0.162 0.164 0.176 0.190 0.194 0.203 0.209 0.217 0.221 0.230 0.237 0.255 0.247 0.220 0.212 0.202 0.200 0.195 0.206 0.213 0.244 0.227 0.238 0.233 0.275 0.302 0.313 0.328 0.308 0.301 0.320 0.340 0.313 0.338 0.370 0.403 0.477 0.583 0.618 0.667 0.687 0.715 0.741 0.771 0.756 0.813 0.848 0.881 0.890 0.915 0.937 0.939 0.943 0.947 0.948 0.942 0.936 0.950 0.953 0.946 0.939 0.935 0.918 0.899 0.881 0.875 0.849 0.839 0.816 0.774 0.761 0.741 0.744 0.729 0.719 0.700 0.689 0.657 0.669 0.694 0.687 0.671 0.638 0.617 0.610 0.564 0.528 0.529 0.525 0.489 0.498 0.507 0.517 0.500 0.504 0.512 0.508 0.511 0.518 0.522 0.509 0.523 0.527 0.533 0.524 0.547 0.554 0.549 0.537 0.545 0.558 0.535 0.538 0.570 0.572 0.543 0.564 0.590 0.562 0.545 0.569 0.564 0.530 0.528 0.544 0.539 0.537 0.532 0.544 0.528 0.522 0.539 0.539 0.521 0.524 0.524 0.507 0.491 0.480 0.481 0.469 0.446 0.460 0.462 0.450 0.445 0.457 0.446 0.382 0.383 0.365 0.323 0.273 0.257 0.246 0.233 0.202 0.218 0.230 0.225 0.215 0.224 0.247 0.238 0.232 0.249 0.251 0.228 0.223 0.236 0.220 0.225 0.238 0.229 0.222 0.222 0.223 0.222 0.227 0.250 0.233 0.231 0.226 0.225 0.222 0.224 0.223 0.224 0.205 0.195 0.235 0.211 0.206 0.226 0.239 0.235 0.232 0.281 0.294 0.282 0.293 0.307 0.295 0.289 0.286 0.285 0.269 0.266 0.265 0.230 0.195 0.198 0.196 0.167 0.143 0.146 0.131 0.108 0.095 0.104 0.107 0.089 0.092 0.115 0.113 0.101 0.114 0.119 0.123 0.123 0.143 0.154 0.156 0.178 0.190 0.184 0.193 0.197 0.185 0.186 0.190 0.207 0.206 0.214 0.299 0.314 0.327 0.341 0.351 0.336 0.347 0.364 0.361 0.348 0.356 0.393 0.389 0.401 0.460 0.489 0.509 0.559 0.601 0.635 0.659 0.700 0.763 0.790 0.820 0.856 0.858 0.854 0.897 0.909 0.931 0.935 0.939 0.939 0.936 0.946 0.948 0.943 0.949 0.958 0.953 0.949 0.948 0.959 0.958 0.963 0.959 0.960 0.952 0.952 0.954 0.949 0.937 0.939 0.932 0.918 0.905 0.888 0.908 0.913 0.922 0.912 0.916 0.919 0.912 0.910 0.907 0.926 0.924 0.941 0.947 0.952 0.955 0.958 0.962 0.968 0.970 0.971 0.974 0.975 0.978 0.978 0.975 0.975 0.975 0.973 0.975 0.977 0.975 0.974 0.971 0.966 0.965 0.962 0.959 0.956 0.946 0.944 0.930 0.917 0.921 0.904 0.886 0.870 0.872 0.879 0.869 0.820 0.805 0.810 0.782 0.779 0.781 0.760 0.656 0.607 0.510 0.496 0.520 0.446 0.385 0.250 0.224 0.276 0.274 0.399 0.427 0.478 0.461 0.494 0.490 0.540 0.504 0.461 0.451 0.476 0.510 0.581 0.612 0.729 0.671 0.656 0.639 0.661 0.673 0.636 0.628 0.652 0.626 0.604 0.565 0.568 0.569 0.519 0.590 0.629 0.592 0.567 0.602 0.618 0.621 0.608 0.633 0.656 0.641 0.648 0.674 0.687 0.675 0.670 0.703 0.728 0.744 0.771 0.799 0.815 0.836 0.853 0.865 0.869 0.877 0.871 0.868 0.869 0.855 0.816 0.769 0.786 0.772 0.752 0.750 0.747 0.730 0.748 0.786 0.771 0.777 0.757 0.745 0.814 0.819 0.819 0.791 0.778 0.771 0.786 0.858 0.852 0.810 0.796 0.729 0.683 0.707 0.717
>8kf6
0.960 0.969 0.971 0.974 0.980 0.980 0.979 0.977 0.979 0.980 0.978 0.982 0.980 0.974 0.962 0.940 0.925 0.900 0.868 0.768 0.687 0.596 0.501 0.436 0.449 0.368 0.320 0.318 0.318 0.214 0.182 0.143 0.132 0.103 0.096 0.089 0.088 0.085 0.086 0.100 0.105 0.132 0.152 0.149 0.158 0.177 0.183 0.198 0.184 0.186 0.184 0.194 0.190 0.186 0.188 0.207 0.208 0.212 0.220 0.321 0.299 0.253 0.223 0.225 0.209 0.174 0.174 0.172 0.155 0.150 0.132 0.127 0.131 0.132 0.138 0.145 0.136 0.144 0.137 0.126 0.127 0.131 0.136 0.131 0.145 0.158 0.145 0.148 0.161 0.176 0.180 0.176 0.197 0.171 0.191 0.187 0.180 0.177 0.181 0.174 0.170 0.157 0.151 0.139 0.145 0.143 0.140 0.133 0.124 0.131 0.132 0.110 0.108 0.101 0.097 0.091 0.085 0.079 0.066 0.061 0.062 0.055 0.058 0.068 0.075 0.080 0.093 0.114 0.117 0.122 0.133 0.128 0.122 0.122 0.128 0.138 0.133 0.127 0.133 0.119 0.117 0.128 0.119 0.115 0.116 0.137 0.125 0.134 0.156 0.162 0.161 0.157 0.161 0.165 0.156 0.154 0.167 0.163 0.162 0.165 0.165 0.167 0.171 0.190 0.181 0.178 0.184 0.174 0.174 0.169 0.181 0.167 0.148 0.128 0.111 0.099 0.103 0.108 0.117 0.118 0.140 0.145 0.188 0.239 0.267 0.351 0.477 0.526 0.564 0.604 0.609 0.659 0.681 0.732 0.749 0.745 0.745 0.733 0.763 0.833 0.873 0.885 0.904 0.901 0.892 0.906 0.898 0.903 0.914 0.895 0.900 0.905 0.895 0.902 0.907 0.904 0.900 0.889 0.915 0.918 0.927 0.927 0.931 0.933 0.935 0.944 0.944 0.941 0.943 0.946 0.948 0.950 0.954 0.957 0.957 0.964 0.968 0.969 0.972 0.974 0.977 0.978 0.980 0.980 0.981 0.982 0.981 0.984 0.984 0.984 0.985 0.984 0.984 0.984 0.984 0.984 0.985 0.984 0.984 0.983 0.983 0.981 0.980 0.980 0.979 0.978 0.977 0.975 0.974 0.973 0.971 0.966 0.963 0.955 0.935 0.893 0.852 0.832 0.804 0.786 0.773 0.757 0.718 0.682 0.699 0.705 0.652 0.539 0.464 0.434 0.374 0.341 0.284 0.241 0.258 0.269 0.232 0.211 0.259 0.264 0.236 0.246 0.236 0.272 0.211 0.200 0.199 0.196 0.193 0.176 0.174 0.170 0.162 0.164 0.176 0.190 0.194 0.203 0.209 0.217 0.221 0.230 0.237 0.255 0.247 0.220 0.212 0.202 0.200 0.195 0.206 0.213 0.244 0.227 0.238 0.233 0.275 0.302 0.313 0.328 0.308 0.301 0.320 0.340 0.313 0.338 0.370 0.403 0.477 0.583 0.618 0.667 0.687 0.715 0.741 0.771 0.756 0.813 0.848 0.881 0.890 0.915 0.937 0.939 0.943 0.947 0.948 0.942 0.936 0.950 0.953 0.946 0.939 0.935 0.918 0.899 0.881 0.875 0.849 0.839 0.816 0.774 0.761 0.741 0.744 0.729 0.719 0.700 0.689 0.657 0.669 0.694 0.687 0.671 0.638 0.617 0.610 0.564 0.528 0.529 0.525 0.489 0.498 0.507 0.517 0.500 0.504 0.512 0.508 0.511 0.518 0.522 0.509 0.523 0.527 0.533 0.524 0.547 0.554 0.549 0.537 0.545 0.558 0.535 0.538 0.570 0.572 0.543 0.564 0.590 0.562 0.545 0.569 0.564 0.530 0.528 0.544 0.539 0.537 0.532 0.544 0.528 0.522 0.539 0.539 0.521 0.524 0.524 0.507 0.491 0.480 0.481 0.469 0.446 0.460 0.462 0.450 0.445 0.457 0.446 0.382 0.383 0.365 0.323 0.273 0.257 0.246 0.233 0.202 0.218 0.230 0.225 0.215 0.224 0.247 0.238 0.232 0.249 0.251 0.228 0.223 0.236 0.220 0.225 0.238 0.229 0.222 0.222 0.223 0.222 0.227 0.250 0.233 0.231 0.226 0.225 0.222 0.224 0.223 0.224 0.205 0.195 0.235 0.211 0.206 0.226 0.239 0.235 0.232 0.281 0.294 0.282 0.293 0.307 0.295 0.289 0.286 0.285 0.269 0.266 0.265 0.230 0.195 0.198 0.196 0.167 0.143 0.146 0.131 0.108 0.095 0.104 0.107 0.089 0.092 0.115 0.113 0.101 0.114 0.119 0.123 0.123 0.143 0.154 0.156 0.178 0.190 0.184 0.193 0.197 0.185 0.186 0.190 0.207 0.206 0.214 0.299 0.314 0.327 0.341 0.351 0.336 0.347 0.364 0.361 0.348 0.356 0.393 0.389 0.401 0.460 0.489 0.509 0.559 0.601 0.635 0.659 0.700 0.763 0.790 0.820 0.856 0.858 0.854 0.897 0.909 0.931 0.935 0.939 0.939 0.936 0.946 0.948 0.943 0.949 0.958 0.953 0.949 0.948 0.959 0.958 0.963 0.959 0.960 0.952 0.952 0.954 0.949 0.937 0.939 0.932 0.918 0.905 0.888 0.908 0.913 0.922 0.912 0.916 0.919 0.912 0.910 0.907 0.926 0.924 0.941 0.947 0.952 0.955 0.958 0.962 0.968 0.970 0.971 0.974 0.975 0.978 0.978 0.975 0.975 0.975 0.973 0.975 0.977 0.975 0.974 0.971 0.966 0.965 0.962 0.959 0.956 0.946 0.944 0.930 0.917 0.921 0.904 0.886 0.870 0.872 0.879 0.869 0.820 0.805 0.810 0.782 0.779 0.781 0.760 0.656 0.607 0.510 0.496 0.520 0.446 0.385 0.250 0.224 0.276 0.274 0.399 0.427 0.478 0.461 0.494 0.490 0.540 0.504 0.461 0.451 0.476 0.510 0.581 0.612 0.729 0.671 0.656 0.639 0.661 0.673 0.636 0.628 0.652 0.626 0.604 0.565 0.568 0.569 0.519 0.590 0.629 0.592 0.567 0.602 0.618 0.621 0.608 0.633 0.656 0.641 0.648 0.674 0.687 0.675 0.670 0.703 0.728 0.744 0.771 0.799 0.815 0.836 0.853 0.865 0.869 0.877 0.871 0.868 0.869 0.855 0.816 0.769 0.786 0.772 0.752 0.750 0.747 0.730 0.748 0.786 0.771 0.777 0.757 0.745 0.814 0.819 0.819 0.791 0.778 0.771 0.786 0.858 0.852 0.810 0.796 0.729 0.683 0.707 0.717
>8oh2
0.809 0.819 0.842 0.794 0.774 0.738 0.746 0.737 0.682 0.715 0.712 0.664 0.661 0.667 0.633
>8ohi
0.809 0.819 0.842 0.794 0.774 0.738 0.746 0.737 0.682 0.715 0.712 0.664 0.661 0.667 0.633
>8ohp
0.809 0.819 0.842 0.794 0.774 0.738 0.746 0.737 0.682 0.715 0.712 0.664 0.661 0.667 0.633
>8oi0
0.809 0.819 0.842 0.794 0.774 0.738 0.746 0.737 0.682 0.715 0.712 0.664 0.661 0.667 0.633
>8okr
0.645 0.429 0.495 0.443 0.418 0.403 0.381
>8ol2
0.779 0.826 0.821 0.848 0.815 0.803 0.807 0.814 0.809 0.777 0.739 0.691 0.682 0.668 0.667 0.659 0.631 0.591 0.562 0.515 0.502 0.457 0.498 0.472 0.492 0.477 0.483 0.533 0.574 0.643 0.599 0.599 0.615 0.598 0.582 0.566 0.561 0.593 0.579 0.574 0.556 0.003
>8ol3
0.779 0.826 0.821 0.848 0.815 0.803 0.807 0.814 0.809 0.777 0.739 0.691 0.682 0.668 0.667 0.659 0.631 0.591 0.562 0.515 0.502 0.457 0.498 0.472 0.492 0.477 0.483 0.533 0.574 0.643 0.599 0.599 0.615 0.598 0.582 0.566 0.561 0.593 0.579 0.574 0.556 0.003
>8ol5
0.779 0.826 0.821 0.848 0.815 0.803 0.807 0.814 0.809 0.777 0.739 0.691 0.682 0.668 0.667 0.659 0.631 0.591 0.562 0.515 0.502 0.457 0.498 0.472 0.492 0.477 0.483 0.533 0.574 0.643 0.599 0.599 0.615 0.598 0.582 0.566 0.561 0.593 0.579 0.574 0.556 0.003
>8ol6
0.779 0.826 0.821 0.848 0.815 0.803 0.807 0.814 0.809 0.777 0.739 0.691 0.682 0.668 0.667 0.659 0.631 0.591 0.562 0.515 0.502 0.457 0.498 0.472 0.492 0.477 0.483 0.533 0.574 0.643 0.599 0.599 0.615 0.598 0.582 0.566 0.561 0.593 0.579 0.574 0.556 0.003
>8ol7
0.832 0.857 0.842 0.858 0.831 0.816 0.808 0.819 0.819 0.795 0.758 0.716 0.715 0.702 0.700 0.670 0.640 0.588 0.538 0.496 0.492 0.446 0.518 0.504 0.542 0.529 0.548 0.531 0.548 0.598 0.596 0.591 0.593 0.579 0.572 0.588 0.600 0.601 0.589 0.564 0.541 0.003
>8olg
0.765 0.819 0.843 0.859 0.828 0.818 0.808 0.816 0.803 0.763 0.714 0.676 0.667 0.647 0.638 0.624 0.594 0.554 0.520 0.481 0.466 0.414 0.443 0.416 0.438 0.443 0.470 0.498 0.523 0.575 0.579 0.576 0.578 0.579 0.576 0.597 0.608 0.624 0.604 0.591 0.560 0.003
>8oln
0.765 0.819 0.843 0.859 0.828 0.818 0.808 0.816 0.803 0.763 0.714 0.676 0.667 0.647 0.638 0.624 0.594 0.554 0.520 0.481 0.466 0.414 0.443 0.416 0.438 0.443 0.470 0.498 0.523 0.575 0.579 0.576 0.578 0.579 0.576 0.597 0.608 0.624 0.604 0.591 0.560 0.003
>8olo
0.779 0.826 0.821 0.848 0.815 0.803 0.807 0.814 0.809 0.777 0.739 0.691 0.682 0.668 0.667 0.659 0.631 0.591 0.562 0.515 0.502 0.457 0.498 0.472 0.492 0.477 0.483 0.533 0.574 0.643 0.599 0.599 0.615 0.598 0.582 0.566 0.561 0.593 0.579 0.574 0.556 0.003
>8olq
0.765 0.819 0.843 0.859 0.828 0.818 0.808 0.816 0.803 0.763 0.714 0.676 0.667 0.647 0.638 0.624 0.594 0.554 0.520 0.481 0.466 0.414 0.443 0.416 0.438 0.443 0.470 0.498 0.523 0.575 0.579 0.576 0.578 0.579 0.576 0.597 0.608 0.624 0.604 0.591 0.560 0.003
>8ons
0.978 0.978 0.975 0.978 0.979 0.977 0.977 0.978 0.979 0.978 0.978 0.979 0.978 0.978 0.977 0.978 0.979 0.980 0.980 0.979 0.980 0.979 0.979 0.979 0.979 0.978 0.980 0.980 0.981 0.980 0.980 0.981 0.981 0.981 0.982 0.982 0.983 0.983 0.983 0.983 0.982 0.983 0.983 0.983 0.983 0.982 0.983 0.983 0.982 0.982 0.981 0.981 0.981 0.981 0.981 0.982 0.982 0.982 0.982 0.982 0.981 0.981 0.980 0.980 0.979 0.978 0.978 0.978 0.978 0.977 0.977 0.978 0.977 0.977 0.977 0.976 0.976 0.976 0.976 0.975 0.975 0.975 0.973 0.973 0.974 0.973 0.975 0.976 0.977 0.978 0.978 0.978 0.977 0.978 0.978 0.978 0.978 0.978 0.977 0.976 0.976 0.975 0.975 0.975 0.975 0.974 0.975 0.975 0.974 0.974 0.974 0.974 0.974 0.974 0.975 0.974 0.974 0.975 0.975 0.975 0.975 0.975 0.974 0.973 0.972 0.971 0.972 0.972 0.971 0.970 0.969 0.967 0.967 0.967 0.966 0.965 0.963 0.963 0.960 0.957 0.957 0.954 0.956 0.954 0.955 0.955 0.955 0.956 0.954 0.954 0.953 0.956 0.957 0.959 0.959 0.961 0.959 0.961 0.963 0.962 0.962 0.961 0.960 0.963 0.965 0.968 0.969 0.971 0.971 0.972 0.973 0.974 0.975 0.976 0.977 0.979 0.979 0.979 0.980 0.981 0.981 0.981 0.981 0.981 0.982 0.982 0.983 0.983 0.983 0.983 0.982 0.983 0.983 0.983 0.983 0.983 0.983 0.982 0.983 0.983 0.984 0.985 0.985 0.986 0.986 0.986 0.986 0.986 0.985 0.984 0.984 0.983 0.983 0.982 0.981 0.981 0.980 0.980 0.977 0.974 0.968 0.965 0.959 0.950 0.933 0.914 0.872 0.859 0.839 0.805 0.776 0.729 0.694 0.593 0.482 0.405 0.371 0.301 0.241 0.194 0.196 0.149 0.119 0.105 0.104 0.098 0.096 0.096 0.100 0.085 0.092 0.095 0.105 0.121 0.121 0.119 0.119 0.121 0.119 0.121 0.105 0.089 0.092 0.087 0.082 0.094 0.105 0.115 0.108 0.119 0.129 0.138 0.148 0.147 0.145 0.151 0.130 0.116 0.105 0.114 0.108 0.119 0.134 0.139 0.138 0.159 0.166 0.161 0.154 0.153 0.137 0.115 0.109 0.097 0.097 0.091 0.085 0.085 0.085 0.091 0.099 0.092 0.092 0.079 0.081 0.076 0.070 0.077 0.100 0.105 0.097 0.109 0.128 0.119 0.144 0.196 0.245 0.323 0.380 0.521 0.661 0.618 0.617 0.770 0.834 0.890 0.877 0.916 0.935 0.952 0.965 0.967 0.972 0.968 0.975 0.979 0.980 0.984 0.984 0.985 0.987 0.987 0.985 0.986 0.984 0.982 0.977 0.977 0.972 0.970 0.966 0.960 0.949 0.934 0.929 0.901 0.890 0.881 0.873 0.850 0.872 0.884 0.893 0.903 0.897 0.891 0.900 0.912 0.898 0.907 0.898 0.879 0.885 0.884 0.894 0.891 0.904 0.915 0.922 0.925 0.927 0.928 0.934 0.937 0.944 0.948 0.949 0.950 0.954 0.957 0.963 0.967 0.972 0.974 0.975 0.975 0.977 0.979 0.980 0.981 0.981 0.982 0.983 0.983 0.983 0.984 0.984 0.983 0.985 0.984 0.985 0.985 0.985 0.986 0.986 0.986 0.987 0.987 0.988 0.989 0.989 0.988 0.989 0.988 0.988 0.989 0.989 0.989 0.989 0.989 0.988 0.988 0.988 0.988 0.989 0.988 0.988 0.988 0.988 0.988 0.988 0.988 0.988 0.988 0.989 0.988 0.988 0.988 0.988 0.988 0.987 0.987 0.988 0.988 0.987 0.987 0.988 0.987 0.987 0.987 0.987 0.987 0.987 0.987 0.987 0.987 0.987 0.987 0.987 0.986 0.987 0.986 0.986 0.986 0.987 0.987 0.987 0.987 0.987 0.987 0.986 0.986 0.986 0.986 0.986 0.986 0.987 0.987 0.986 0.986 0.986 0.985 0.986 0.987 0.987 0.986 0.987 0.987 0.986 0.986 0.987 0.987 0.986 0.986 0.986 0.987 0.986 0.985 0.986 0.986 0.986 0.985 0.986 0.986 0.986 0.986 0.987 0.986 0.985 0.986 0.986 0.986 0.986 0.986 0.986 0.987 0.986 0.986 0.986 0.987 0.987 0.987 0.987 0.987 0.987 0.987 0.987 0.988 0.988 0.988 0.988 0.987 0.988 0.988 0.988 0.988 0.988 0.988 0.989 0.988 0.989 0.989 0.989 0.989 0.989 0.988 0.989 0.989 0.989 0.989 0.988 0.988 0.988 0.988 0.988 0.988 0.987 0.987 0.987 0.986 0.985 0.985 0.984 0.983 0.982 0.981 0.980 0.979 0.980 0.978 0.978 0.982 0.977 0.979 0.977 0.976 0.976 0.977 0.976 0.975 0.977 0.862
>8oq4
0.546 0.627 0.607 0.526 0.531 0.518 0.471 0.470 0.583 0.580 0.467 0.433 0.422 0.401 0.367 0.382 0.386 0.356 0.352 0.393 0.401 0.409 0.413 0.435 0.440 0.432 0.428 0.434 0.438 0.432 0.432 0.431 0.422 0.416 0.412 0.415 0.399 0.380 0.387 0.358 0.330 0.324 0.331 0.345 0.331 0.292 0.293 0.306 0.279 0.275 0.325 0.319 0.292 0.282 0.304 0.294 0.299 0.324 0.332 0.312 0.315 0.346 0.359 0.352 0.381 0.452 0.429 0.454 0.530 0.564 0.596 0.602 0.629 0.650 0.649 0.649 0.003 0.003
>8oq5
0.546 0.627 0.607 0.526 0.531 0.518 0.471 0.470 0.583 0.580 0.467 0.433 0.422 0.401 0.367 0.382 0.386 0.356 0.352 0.393 0.401 0.409 0.413 0.435 0.440 0.432 0.428 0.434 0.438 0.432 0.432 0.431 0.422 0.416 0.412 0.415 0.399 0.380 0.387 0.358 0.330 0.324 0.331 0.345 0.331 0.292 0.293 0.306 0.279 0.275 0.325 0.319 0.292 0.282 0.304 0.294 0.299 0.324 0.332 0.312 0.315 0.346 0.359 0.352 0.381 0.452 0.429 0.454 0.530 0.564 0.596 0.602 0.629 0.650 0.649 0.649 0.003 0.003
>8oqi
0.509 0.733 0.748 0.762 0.780 0.724 0.777 0.813 0.789 0.790 0.782 0.729 0.727 0.669 0.662 0.706 0.675 0.677 0.680 0.703 0.699 0.662 0.615 0.743 0.664 0.603 0.598 0.565 0.592 0.637 0.700 0.792 0.842 0.838 0.746 0.779 0.819 0.887 0.872 0.889 0.898 0.866 0.833 0.880 0.849 0.837 0.846 0.832 0.850 0.831 0.862 0.795 0.765 0.749 0.691 0.660 0.654 0.574 0.519 0.545 0.566 0.592 0.624 0.637 0.652 0.681 0.669 0.683 0.684 0.665 0.651 0.674 0.695 0.700 0.707 0.688 0.675 0.679 0.715 0.779 0.805 0.807 0.804 0.833 0.845 0.874 0.885 0.896 0.895 0.892 0.920 0.921 0.929 0.935 0.938 0.942 0.943 0.943 0.938 0.926 0.915 0.917 0.933 0.954 0.954 0.952 0.945 0.948 0.952 0.947 0.955 0.952 0.956 0.961 0.964 0.964 0.965 0.962 0.960 0.963 0.961 0.961 0.960 0.959 0.957 0.955 0.956 0.960 0.962 0.968 0.971 0.969 0.962 0.972 0.978 0.960 0.960 0.959 0.966 0.006
>8ore
0.921 0.916 0.932 0.931 0.925 0.922 0.933 0.932 0.935 0.938 0.940 0.945 0.944 0.943 0.948 0.952 0.954 0.954 0.952 0.952 0.954 0.953 0.959 0.959 0.965 0.966 0.969 0.970 0.972 0.974 0.974 0.977 0.977 0.979 0.979 0.978 0.979 0.978 0.979 0.979 0.979 0.980 0.981 0.981 0.982 0.982 0.983 0.983 0.983 0.983 0.983 0.983 0.983 0.983 0.983 0.983 0.982 0.982 0.983 0.983 0.983 0.983 0.983 0.983 0.983 0.983 0.983 0.984 0.984 0.984 0.984 0.983 0.983 0.983 0.983 0.983 0.983 0.982 0.983 0.982 0.983 0.983 0.982 0.982 0.982 0.982 0.982 0.982 0.981 0.981 0.981 0.980 0.981 0.981 0.981 0.981 0.982 0.981 0.981 0.981 0.981 0.981 0.981 0.981 0.981 0.981 0.981 0.982 0.982 0.982 0.982 0.982 0.982 0.982 0.983 0.983 0.984 0.984 0.984 0.984 0.984 0.984 0.985 0.985 0.985 0.984 0.984 0.984 0.984 0.984 0.985 0.984 0.985 0.985 0.985 0.985 0.985 0.985 0.985 0.985 0.985 0.985 0.985 0.985 0.985 0.985 0.985 0.985 0.985 0.985 0.985 0.985 0.985 0.985 0.985 0.985 0.985 0.985 0.985 0.985 0.985 0.985 0.985 0.986 0.985 0.986 0.986 0.985 0.985 0.985 0.985 0.985 0.986 0.986 0.986 0.985 0.985 0.985 0.985 0.985 0.985 0.985 0.985 0.985 0.985 0.985 0.985 0.984 0.984 0.984 0.984 0.984 0.984 0.984 0.984 0.984 0.983 0.983 0.983 0.983 0.983 0.983 0.983 0.983 0.982 0.982 0.983 0.983 0.981 0.981 0.981 0.980 0.979 0.978 0.978 0.977 0.978 0.977 0.977 0.978 0.977 0.977 0.976 0.974 0.974 0.970 0.968 0.966 0.965 0.961 0.966 0.965 0.961 0.961 0.954 0.951 0.940 0.932 0.900 0.892 0.872 0.877 0.846 0.858 0.792 0.793 0.833 0.841 0.843 0.903 0.922 0.918 0.921 0.916 0.922 0.900 0.903 0.916 0.895 0.874 0.906 0.938 0.933 0.930 0.947 0.939 0.937 0.944 0.949 0.961 0.969 0.968 0.969 0.968 0.965 0.964 0.959 0.955 0.948 0.944 0.936 0.929 0.928 0.912 0.909 0.905 0.891 0.798 0.808 0.799 0.725 0.792 0.858 0.893 0.898 0.914 0.919 0.928 0.940 0.948 0.949 0.949 0.952 0.955 0.955 0.959 0.960 0.959 0.959 0.951 0.950 0.954 0.957 0.961 0.960 0.957 0.961 0.961 0.959 0.957 0.953 0.955 0.955 0.958 0.959 0.960 0.960 0.963 0.964 0.968 0.969 0.969 0.970 0.971 0.971 0.970 0.967 0.969 0.970 0.973 0.972 0.971 0.971 0.971 0.970 0.971 0.971 0.971 0.972 0.974 0.972 0.971 0.968 0.969 0.966 0.960 0.953 0.944 0.939 0.932 0.932 0.935 0.923 0.900 0.877 0.859 0.847 0.866 0.900 0.889 0.887 0.869 0.853 0.819 0.820 0.795 0.766 0.819 0.828 0.808 0.807
>8orf
0.921 0.916 0.932 0.931 0.925 0.922 0.933 0.932 0.935 0.938 0.940 0.945 0.944 0.943 0.948 0.952 0.954 0.954 0.952 0.952 0.954 0.953 0.959 0.959 0.965 0.966 0.969 0.970 0.972 0.974 0.974 0.977 0.977 0.979 0.979 0.978 0.979 0.978 0.979 0.979 0.979 0.980 0.981 0.981 0.982 0.982 0.983 0.983 0.983 0.983 0.983 0.983 0.983 0.983 0.983 0.983 0.982 0.982 0.983 0.983 0.983 0.983 0.983 0.983 0.983 0.983 0.983 0.984 0.984 0.984 0.984 0.983 0.983 0.983 0.983 0.983 0.983 0.982 0.983 0.982 0.983 0.983 0.982 0.982 0.982 0.982 0.982 0.982 0.981 0.981 0.981 0.980 0.981 0.981 0.981 0.981 0.982 0.981 0.981 0.981 0.981 0.981 0.981 0.981 0.981 0.981 0.981 0.982 0.982 0.982 0.982 0.982 0.982 0.982 0.983 0.983 0.984 0.984 0.984 0.984 0.984 0.984 0.985 0.985 0.985 0.984 0.984 0.984 0.984 0.984 0.985 0.984 0.985 0.985 0.985 0.985 0.985 0.985 0.985 0.985 0.985 0.985 0.985 0.985 0.985 0.985 0.985 0.985 0.985 0.985 0.985 0.985 0.985 0.985 0.985 0.985 0.985 0.985 0.985 0.985 0.985 0.985 0.985 0.986 0.985 0.986 0.986 0.985 0.985 0.985 0.985 0.985 0.986 0.986 0.986 0.985 0.985 0.985 0.985 0.986 0.985 0.985 0.985 0.985 0.985 0.985 0.985 0.985 0.984 0.984 0.984 0.984 0.984 0.984 0.984 0.984 0.983 0.983 0.983 0.983 0.983 0.983 0.983 0.982 0.982 0.982 0.983 0.983 0.981 0.981 0.981 0.980 0.979 0.979 0.978 0.978 0.978 0.977 0.977 0.978 0.977 0.977 0.977 0.976 0.976 0.974 0.973 0.973 0.969 0.965 0.963 0.964 0.963 0.963 0.959 0.946 0.938 0.929 0.892 0.908 0.918 0.900 0.879 0.907 0.907 0.902 0.903 0.897 0.911 0.941 0.954 0.954 0.951 0.953 0.953 0.955 0.953 0.948 0.951 0.943 0.941 0.956 0.957 0.948 0.954 0.938 0.943 0.919 0.941 0.933 0.918 0.915 0.905 0.907 0.888 0.832 0.770 0.941 0.945 0.947 0.957 0.940 0.925 0.811 0.898 0.496 0.689 0.302 0.479 0.512 0.750 0.918 0.915 0.928 0.941 0.901 0.904 0.913 0.926 0.944 0.950 0.949 0.944 0.945 0.950 0.938 0.927 0.812 0.744 0.690 0.672 0.575 0.627 0.603 0.532 0.570 0.553 0.558 0.560 0.475 0.590 0.407 0.446 0.645 0.775 0.802 0.853 0.883 0.906 0.912 0.921 0.934 0.938 0.942 0.946 0.949 0.957 0.956 0.953 0.954 0.952 0.950 0.953 0.957 0.959 0.952 0.952 0.958 0.957 0.958 0.954 0.948 0.952 0.950 0.954 0.957 0.958 0.959 0.963 0.962 0.966 0.968 0.968 0.968 0.969 0.969 0.969 0.965 0.968 0.970 0.973 0.972 0.971 0.971 0.971 0.970 0.971 0.971 0.971 0.972 0.974 0.972 0.971 0.968 0.969 0.966 0.960 0.953 0.944 0.939 0.932 0.932 0.935 0.923 0.900 0.877 0.859 0.847 0.866 0.900 0.889 0.887 0.869 0.853 0.819 0.820 0.795 0.766 0.819 0.828 0.808 0.807
>8org
0.921 0.916 0.932 0.931 0.925 0.922 0.933 0.932 0.935 0.938 0.940 0.945 0.944 0.943 0.948 0.952 0.954 0.954 0.952 0.952 0.954 0.953 0.959 0.959 0.965 0.966 0.969 0.970 0.972 0.974 0.974 0.977 0.977 0.979 0.979 0.978 0.979 0.978 0.979 0.979 0.979 0.980 0.981 0.981 0.982 0.982 0.983 0.983 0.983 0.983 0.983 0.983 0.983 0.983 0.983 0.983 0.982 0.982 0.983 0.983 0.983 0.983 0.983 0.983 0.983 0.983 0.983 0.984 0.984 0.984 0.984 0.983 0.983 0.983 0.983 0.983 0.983 0.982 0.983 0.982 0.983 0.983 0.982 0.982 0.982 0.982 0.982 0.982 0.981 0.981 0.981 0.980 0.981 0.981 0.981 0.981 0.982 0.981 0.981 0.981 0.981 0.981 0.981 0.981 0.981 0.981 0.981 0.982 0.982 0.982 0.982 0.982 0.982 0.982 0.983 0.983 0.984 0.984 0.984 0.984 0.984 0.984 0.985 0.985 0.985 0.984 0.984 0.984 0.984 0.984 0.985 0.984 0.985 0.985 0.985 0.985 0.985 0.985 0.985 0.985 0.985 0.985 0.985 0.985 0.985 0.985 0.985 0.985 0.985 0.985 0.985 0.985 0.985 0.985 0.985 0.985 0.985 0.985 0.985 0.985 0.985 0.985 0.985 0.986 0.985 0.986 0.986 0.985 0.985 0.985 0.985 0.985 0.986 0.986 0.986 0.985 0.985 0.985 0.985 0.986 0.985 0.985 0.985 0.985 0.985 0.985 0.985 0.985 0.984 0.984 0.984 0.984 0.984 0.984 0.984 0.984 0.983 0.983 0.983 0.983 0.983 0.983 0.983 0.982 0.982 0.982 0.983 0.983 0.981 0.981 0.981 0.980 0.979 0.979 0.978 0.978 0.978 0.977 0.977 0.978 0.977 0.977 0.977 0.976 0.976 0.974 0.973 0.973 0.969 0.965 0.963 0.964 0.963 0.963 0.959 0.946 0.938 0.929 0.892 0.908 0.918 0.900 0.879 0.907 0.907 0.902 0.903 0.897 0.911 0.941 0.954 0.954 0.951 0.953 0.953 0.955 0.953 0.948 0.951 0.943 0.941 0.956 0.957 0.948 0.954 0.938 0.943 0.919 0.941 0.933 0.918 0.915 0.905 0.907 0.888 0.832 0.770 0.941 0.945 0.947 0.957 0.940 0.925 0.811 0.898 0.496 0.689 0.302 0.479 0.512 0.750 0.918 0.915 0.928 0.941 0.901 0.904 0.913 0.926 0.944 0.950 0.949 0.944 0.945 0.950 0.938 0.927 0.812 0.744 0.690 0.672 0.575 0.627 0.603 0.532 0.570 0.553 0.558 0.560 0.475 0.590 0.407 0.446 0.645 0.775 0.802 0.853 0.883 0.906 0.912 0.921 0.934 0.938 0.942 0.946 0.949 0.957 0.956 0.953 0.954 0.952 0.950 0.953 0.957 0.959 0.952 0.952 0.958 0.957 0.958 0.954 0.948 0.952 0.950 0.954 0.957 0.958 0.959 0.963 0.962 0.966 0.968 0.968 0.968 0.969 0.969 0.969 0.965 0.968 0.970 0.973 0.972 0.971 0.971 0.971 0.970 0.971 0.971 0.971 0.972 0.974 0.972 0.971 0.968 0.969 0.966 0.960 0.953 0.944 0.939 0.932 0.932 0.935 0.923 0.900 0.877 0.859 0.847 0.866 0.900 0.889 0.887 0.869 0.853 0.819 0.820 0.795 0.766 0.819 0.828 0.808 0.807
>8ot1
0.742 0.805 0.799 0.830 0.793 0.782 0.784 0.788 0.763 0.710 0.683 0.648 0.627 0.624 0.621 0.611 0.585 0.537 0.511 0.453 0.433 0.384 0.431 0.414 0.477 0.504 0.426 0.459 0.496 0.552 0.523 0.525 0.548 0.554 0.527 0.514 0.482 0.455 0.415 0.486
>8ot3
0.742 0.805 0.799 0.830 0.793 0.782 0.784 0.788 0.763 0.710 0.683 0.648 0.627 0.624 0.621 0.611 0.585 0.537 0.511 0.453 0.433 0.384 0.431 0.414 0.477 0.504 0.426 0.459 0.496 0.552 0.523 0.525 0.548 0.554 0.527 0.514 0.482 0.455 0.415 0.486
>8ot4
0.742 0.805 0.799 0.830 0.793 0.782 0.784 0.788 0.763 0.710 0.683 0.648 0.627 0.624 0.621 0.611 0.585 0.537 0.511 0.453 0.433 0.384 0.431 0.414 0.477 0.504 0.426 0.459 0.496 0.552 0.523 0.525 0.548 0.554 0.527 0.514 0.482 0.455 0.415 0.486
>8ot6
0.921 0.918 0.934 0.933 0.928 0.928 0.936 0.934 0.937 0.940 0.941 0.946 0.944 0.944 0.949 0.953 0.955 0.955 0.954 0.953 0.956 0.955 0.961 0.963 0.968 0.967 0.971 0.971 0.973 0.975 0.975 0.977 0.977 0.979 0.980 0.979 0.979 0.979 0.979 0.979 0.980 0.981 0.981 0.982 0.982 0.983 0.983 0.983 0.983 0.983 0.983 0.983 0.983 0.983 0.983 0.983 0.983 0.982 0.983 0.983 0.983 0.983 0.983 0.983 0.983 0.983 0.983 0.983 0.983 0.983 0.983 0.983 0.983 0.984 0.983 0.983 0.984 0.984 0.984 0.984 0.984 0.984 0.984 0.984 0.984 0.984 0.984 0.984 0.984 0.984 0.984 0.984 0.984 0.984 0.984 0.983 0.984 0.984 0.984 0.983 0.983 0.982 0.982 0.982 0.982 0.982 0.981 0.982 0.981 0.981 0.982 0.981 0.982 0.981 0.981 0.981 0.981 0.980 0.980 0.981 0.980 0.980 0.980 0.980 0.980 0.981 0.980 0.980 0.981 0.981 0.980 0.981 0.981 0.981 0.981 0.981 0.982 0.982 0.982 0.982 0.983 0.983 0.983 0.984 0.984 0.985 0.985 0.985 0.985 0.985 0.985 0.985 0.985 0.985 0.985 0.985 0.985 0.985 0.985 0.985 0.985 0.985 0.986 0.985 0.986 0.986 0.986 0.985 0.985 0.985 0.985 0.985 0.986 0.986 0.985 0.985 0.985 0.985 0.985 0.985 0.985 0.985 0.985 0.985 0.985 0.985 0.985 0.985 0.985 0.985 0.985 0.985 0.985 0.985 0.986 0.986 0.985 0.985 0.985 0.985 0.985 0.986 0.986 0.986 0.985 0.985 0.985 0.985 0.986 0.985 0.985 0.985 0.985 0.985 0.985 0.985 0.985 0.984 0.984 0.984 0.984 0.984 0.984 0.984 0.984 0.983 0.983 0.983 0.983 0.983 0.983 0.983 0.982 0.982 0.982 0.983 0.983 0.981 0.981 0.981 0.980 0.979 0.979 0.978 0.978 0.978 0.977 0.977 0.978 0.977 0.977 0.977 0.976 0.976 0.974 0.973 0.973 0.969 0.965 0.963 0.964 0.963 0.963 0.959 0.946 0.938 0.929 0.892 0.908 0.918 0.900 0.879 0.907 0.907 0.902 0.903 0.897 0.911 0.941 0.954 0.954 0.951 0.953 0.953 0.955 0.953 0.948 0.951 0.943 0.941 0.956 0.957 0.948 0.954 0.938 0.943 0.919 0.941 0.933 0.918 0.915 0.905 0.907 0.888 0.832 0.770 0.941 0.945 0.947 0.957 0.940 0.925 0.811 0.898 0.496 0.689 0.302 0.479 0.512 0.750 0.918 0.915 0.928 0.941 0.901 0.904 0.913 0.926 0.944 0.950 0.949 0.944 0.945 0.950 0.938 0.927 0.812 0.744 0.690 0.672 0.575 0.627 0.603 0.532 0.570 0.553 0.558 0.560 0.475 0.590 0.407 0.446 0.645 0.775 0.802 0.853 0.883 0.906 0.912 0.921 0.934 0.938 0.942 0.946 0.949 0.957 0.956 0.953 0.954 0.952 0.950 0.953 0.957 0.959 0.952 0.952 0.958 0.957 0.958 0.954 0.948 0.952 0.950 0.954 0.957 0.958 0.959 0.963 0.962 0.966 0.968 0.968 0.968 0.969 0.969 0.969 0.965 0.968 0.970 0.973 0.972 0.971 0.971 0.971 0.970 0.971 0.971 0.971 0.972 0.974 0.972 0.971 0.968 0.969 0.966 0.960 0.953 0.944 0.939 0.932 0.932 0.935 0.923 0.900 0.877 0.859 0.847 0.866 0.900 0.889 0.887 0.869 0.853 0.819 0.820 0.795 0.766 0.819 0.828 0.808 0.807
>8ot9
0.921 0.918 0.934 0.933 0.928 0.928 0.936 0.934 0.937 0.940 0.941 0.946 0.944 0.944 0.949 0.953 0.955 0.955 0.954 0.953 0.956 0.955 0.961 0.963 0.968 0.967 0.971 0.971 0.973 0.975 0.975 0.977 0.977 0.979 0.980 0.979 0.979 0.979 0.979 0.979 0.980 0.981 0.981 0.982 0.982 0.983 0.983 0.983 0.983 0.983 0.983 0.983 0.983 0.983 0.983 0.983 0.983 0.982 0.983 0.983 0.983 0.983 0.983 0.983 0.983 0.983 0.983 0.983 0.983 0.983 0.983 0.983 0.983 0.984 0.983 0.983 0.984 0.984 0.984 0.984 0.984 0.984 0.984 0.984 0.984 0.984 0.984 0.984 0.984 0.984 0.984 0.984 0.984 0.984 0.984 0.983 0.984 0.984 0.984 0.983 0.983 0.982 0.982 0.982 0.982 0.982 0.981 0.982 0.981 0.981 0.982 0.981 0.982 0.981 0.981 0.981 0.981 0.980 0.980 0.981 0.980 0.980 0.980 0.980 0.980 0.981 0.980 0.980 0.981 0.981 0.980 0.981 0.981 0.981 0.981 0.981 0.982 0.982 0.982 0.982 0.983 0.983 0.983 0.984 0.984 0.985 0.985 0.985 0.985 0.985 0.985 0.985 0.985 0.985 0.985 0.985 0.985 0.985 0.985 0.985 0.985 0.985 0.986 0.985 0.986 0.986 0.986 0.985 0.985 0.985 0.985 0.985 0.986 0.986 0.985 0.985 0.985 0.985 0.985 0.985 0.985 0.985 0.985 0.985 0.985 0.985 0.985 0.985 0.985 0.985 0.985 0.985 0.985 0.985 0.986 0.986 0.985 0.985 0.985 0.985 0.985 0.986 0.986 0.986 0.985 0.985 0.985 0.985 0.986 0.985 0.985 0.985 0.985 0.985 0.985 0.985 0.985 0.984 0.984 0.984 0.984 0.984 0.984 0.984 0.984 0.983 0.983 0.983 0.983 0.983 0.983 0.983 0.982 0.982 0.982 0.983 0.983 0.981 0.981 0.981 0.980 0.979 0.979 0.978 0.978 0.978 0.977 0.977 0.978 0.977 0.977 0.977 0.976 0.976 0.974 0.973 0.973 0.969 0.965 0.963 0.964 0.963 0.963 0.959 0.946 0.938 0.929 0.892 0.908 0.918 0.900 0.879 0.907 0.907 0.902 0.903 0.897 0.911 0.941 0.954 0.954 0.951 0.953 0.953 0.955 0.953 0.948 0.951 0.943 0.941 0.956 0.957 0.948 0.954 0.938 0.943 0.919 0.941 0.933 0.918 0.915 0.905 0.907 0.888 0.832 0.770 0.941 0.945 0.947 0.957 0.940 0.925 0.811 0.898 0.496 0.689 0.302 0.479 0.512 0.750 0.918 0.915 0.928 0.941 0.901 0.904 0.913 0.926 0.944 0.950 0.949 0.944 0.945 0.950 0.938 0.927 0.812 0.744 0.690 0.672 0.575 0.627 0.603 0.532 0.570 0.553 0.558 0.560 0.475 0.590 0.407 0.446 0.645 0.775 0.802 0.853 0.883 0.906 0.912 0.921 0.934 0.938 0.942 0.946 0.949 0.957 0.956 0.953 0.954 0.952 0.950 0.953 0.957 0.959 0.952 0.952 0.958 0.957 0.958 0.954 0.948 0.952 0.950 0.954 0.957 0.958 0.959 0.963 0.962 0.966 0.968 0.968 0.968 0.969 0.969 0.969 0.965 0.968 0.970 0.973 0.972 0.971 0.971 0.971 0.970 0.971 0.971 0.971 0.972 0.974 0.972 0.971 0.968 0.969 0.966 0.960 0.953 0.944 0.939 0.932 0.932 0.935 0.923 0.900 0.877 0.859 0.847 0.866 0.900 0.889 0.887 0.869 0.853 0.819 0.820 0.795 0.766 0.819 0.828 0.808 0.807
>8otc
0.921 0.918 0.934 0.933 0.928 0.928 0.936 0.934 0.937 0.940 0.941 0.946 0.944 0.944 0.949 0.953 0.955 0.955 0.954 0.953 0.956 0.955 0.961 0.963 0.968 0.967 0.971 0.971 0.973 0.975 0.975 0.977 0.977 0.979 0.980 0.979 0.979 0.979 0.979 0.979 0.980 0.981 0.981 0.982 0.982 0.983 0.983 0.983 0.983 0.983 0.983 0.983 0.983 0.983 0.983 0.983 0.983 0.982 0.983 0.983 0.983 0.983 0.983 0.983 0.983 0.983 0.983 0.983 0.983 0.983 0.983 0.983 0.983 0.984 0.983 0.983 0.984 0.984 0.984 0.984 0.984 0.984 0.984 0.984 0.984 0.984 0.984 0.984 0.984 0.984 0.984 0.984 0.984 0.984 0.984 0.983 0.984 0.984 0.984 0.983 0.983 0.982 0.982 0.982 0.982 0.982 0.981 0.982 0.981 0.981 0.982 0.981 0.982 0.981 0.981 0.981 0.981 0.980 0.980 0.981 0.980 0.980 0.980 0.980 0.980 0.981 0.980 0.980 0.981 0.981 0.980 0.981 0.981 0.981 0.981 0.981 0.982 0.982 0.982 0.982 0.983 0.983 0.983 0.984 0.984 0.985 0.985 0.985 0.985 0.985 0.985 0.985 0.985 0.985 0.985 0.985 0.985 0.985 0.985 0.985 0.985 0.985 0.986 0.985 0.986 0.986 0.986 0.985 0.985 0.985 0.985 0.985 0.986 0.986 0.985 0.985 0.985 0.985 0.985 0.985 0.985 0.985 0.985 0.985 0.985 0.985 0.985 0.985 0.985 0.985 0.985 0.985 0.985 0.985 0.986 0.986 0.985 0.985 0.985 0.985 0.985 0.986 0.986 0.986 0.985 0.985 0.985 0.985 0.986 0.985 0.985 0.985 0.985 0.985 0.985 0.985 0.985 0.984 0.984 0.984 0.984 0.984 0.984 0.984 0.984 0.983 0.983 0.983 0.983 0.983 0.983 0.983 0.982 0.982 0.982 0.983 0.983 0.981 0.981 0.981 0.980 0.979 0.979 0.978 0.978 0.978 0.977 0.977 0.978 0.977 0.977 0.977 0.976 0.976 0.974 0.973 0.973 0.969 0.965 0.963 0.964 0.963 0.963 0.959 0.946 0.938 0.929 0.892 0.908 0.918 0.900 0.879 0.907 0.907 0.902 0.903 0.897 0.911 0.941 0.954 0.954 0.951 0.953 0.953 0.955 0.953 0.948 0.951 0.943 0.941 0.956 0.957 0.948 0.954 0.938 0.943 0.919 0.941 0.933 0.918 0.915 0.905 0.907 0.888 0.832 0.770 0.941 0.945 0.947 0.957 0.940 0.925 0.811 0.898 0.496 0.689 0.302 0.479 0.512 0.750 0.918 0.915 0.928 0.941 0.901 0.904 0.913 0.926 0.944 0.950 0.949 0.944 0.945 0.950 0.938 0.927 0.812 0.744 0.690 0.672 0.575 0.627 0.603 0.532 0.570 0.553 0.558 0.560 0.475 0.590 0.407 0.446 0.645 0.775 0.802 0.853 0.883 0.906 0.912 0.921 0.934 0.938 0.942 0.946 0.949 0.957 0.956 0.953 0.954 0.952 0.950 0.953 0.957 0.959 0.952 0.952 0.958 0.957 0.958 0.954 0.948 0.952 0.950 0.954 0.957 0.958 0.959 0.963 0.962 0.966 0.968 0.968 0.968 0.969 0.969 0.969 0.965 0.968 0.970 0.973 0.972 0.971 0.971 0.971 0.970 0.971 0.971 0.971 0.972 0.974 0.972 0.971 0.968 0.969 0.966 0.960 0.953 0.944 0.939 0.932 0.932 0.935 0.923 0.900 0.877 0.859 0.847 0.866 0.900 0.889 0.887 0.869 0.853 0.819 0.820 0.795 0.766 0.819 0.828 0.808 0.807
>8otd
0.970 0.972 0.971 0.970 0.972 0.973 0.975 0.975 0.974 0.974 0.971 0.970 0.967 0.958 0.958 0.961 0.965 0.963 0.966 0.965 0.967 0.969 0.967 0.966 0.967 0.967 0.967 0.966 0.963 0.965 0.967 0.964 0.963 0.960 0.957 0.955 0.947 0.932 0.924 0.908 0.888 0.870 0.852 0.856 0.849 0.867 0.869 0.872 0.884 0.860 0.816 0.837 0.835 0.865 0.859 0.836 0.873 0.909 0.888 0.871 0.885 0.911 0.895 0.878 0.877 0.873 0.860 0.874 0.833 0.785 0.829 0.770 0.839 0.834 0.834 0.845 0.845 0.846 0.849 0.824 0.812 0.808 0.815 0.838 0.823 0.707 0.663 0.651 0.565 0.583 0.541 0.463 0.406 0.407 0.476 0.460 0.493 0.489 0.418 0.490 0.280 0.228 0.237 0.244 0.244 0.242 0.257 0.256 0.269 0.279 0.362 0.402 0.455 0.501 0.493 0.397 0.325 0.415 0.245 0.250 0.242 0.250 0.261 0.291 0.304 0.311 0.248 0.168 0.140 0.140 0.141 0.132 0.133 0.129 0.121 0.128 0.121 0.117 0.129 0.139 0.128 0.112 0.111 0.112 0.103 0.106 0.109 0.105 0.104 0.111 0.107 0.109 0.120 0.110 0.112 0.105 0.112 0.106 0.108 0.111 0.119 0.119 0.135 0.119 0.126 0.123 0.126 0.108 0.114 0.111 0.117 0.119 0.118 0.114 0.114 0.103 0.098 0.119 0.105 0.117 0.114 0.142 0.134 0.147 0.162 0.152 0.155 0.137 0.133 0.142 0.128 0.132 0.118 0.130 0.125 0.117 0.119 0.122 0.124 0.120 0.109 0.099 0.101 0.088 0.079 0.058 0.052 0.052 0.053 0.048 0.051 0.052 0.052 0.051 0.050 0.052 0.050 0.044 0.040 0.045 0.042 0.044 0.044 0.048 0.047 0.050 0.057 0.064 0.067 0.069 0.075 0.079 0.069 0.070 0.076 0.076 0.084 0.095 0.114 0.122 0.120 0.127 0.152 0.174 0.231 0.279 0.281 0.305 0.306 0.300 0.294 0.272 0.279 0.290 0.244 0.296 0.325 0.346 0.275 0.365 0.402 0.509 0.637 0.660 0.777 0.793 0.738 0.723 0.647 0.531 0.544 0.467 0.435 0.398
>8ote
0.970 0.972 0.971 0.970 0.972 0.973 0.975 0.975 0.974 0.974 0.971 0.970 0.967 0.958 0.958 0.961 0.965 0.963 0.966 0.965 0.967 0.969 0.967 0.966 0.967 0.967 0.967 0.966 0.963 0.965 0.967 0.964 0.963 0.960 0.957 0.955 0.947 0.932 0.924 0.908 0.888 0.870 0.852 0.856 0.849 0.867 0.869 0.872 0.884 0.860 0.816 0.837 0.835 0.865 0.859 0.836 0.873 0.909 0.888 0.871 0.885 0.911 0.895 0.878 0.877 0.873 0.860 0.874 0.833 0.785 0.829 0.770 0.839 0.834 0.834 0.845 0.845 0.846 0.849 0.824 0.812 0.808 0.815 0.838 0.823 0.707 0.663 0.651 0.565 0.583 0.541 0.463 0.406 0.407 0.476 0.460 0.493 0.489 0.418 0.490 0.280 0.228 0.237 0.244 0.244 0.242 0.257 0.256 0.269 0.279 0.362 0.402 0.455 0.501 0.493 0.397 0.325 0.415 0.245 0.250 0.242 0.250 0.261 0.291 0.304 0.311 0.248 0.168 0.140 0.140 0.141 0.132 0.133 0.129 0.121 0.128 0.121 0.117 0.129 0.139 0.128 0.112 0.111 0.112 0.103 0.106 0.109 0.105 0.104 0.111 0.107 0.109 0.120 0.110 0.112 0.105 0.112 0.106 0.108 0.111 0.119 0.119 0.135 0.119 0.126 0.123 0.126 0.108 0.114 0.111 0.117 0.119 0.118 0.114 0.114 0.103 0.098 0.119 0.105 0.117 0.114 0.142 0.134 0.147 0.162 0.152 0.155 0.137 0.133 0.142 0.128 0.132 0.118 0.130 0.125 0.117 0.119 0.122 0.124 0.120 0.109 0.099 0.101 0.088 0.079 0.058 0.052 0.052 0.053 0.048 0.051 0.052 0.052 0.051 0.050 0.052 0.050 0.044 0.040 0.045 0.042 0.044 0.044 0.048 0.047 0.050 0.057 0.064 0.067 0.069 0.075 0.079 0.069 0.070 0.076 0.076 0.084 0.095 0.114 0.122 0.120 0.127 0.152 0.174 0.231 0.279 0.281 0.305 0.306 0.300 0.294 0.272 0.279 0.290 0.244 0.296 0.325 0.346 0.275 0.365 0.402 0.509 0.637 0.660 0.777 0.793 0.738 0.723 0.647 0.531 0.544 0.467 0.435 0.398
>8otf
0.960 0.969 0.971 0.974 0.980 0.980 0.979 0.977 0.979 0.980 0.978 0.982 0.980 0.974 0.962 0.940 0.925 0.900 0.868 0.768 0.687 0.596 0.501 0.436 0.449 0.368 0.320 0.318 0.318 0.214 0.182 0.143 0.132 0.103 0.096 0.089 0.088 0.085 0.086 0.100 0.105 0.132 0.152 0.149 0.158 0.177 0.183 0.198 0.184 0.186 0.184 0.194 0.190 0.186 0.188 0.207 0.208 0.212 0.220 0.321 0.299 0.253 0.223 0.225 0.209 0.174 0.174 0.172 0.155 0.150 0.132 0.127 0.131 0.132 0.138 0.145 0.136 0.144 0.137 0.126 0.127 0.131 0.136 0.131 0.145 0.158 0.145 0.148 0.161 0.176 0.180 0.176 0.197 0.171 0.191 0.187 0.180 0.177 0.181 0.174 0.170 0.157 0.151 0.139 0.145 0.143 0.140 0.133 0.124 0.131 0.132 0.110 0.108 0.101 0.097 0.091 0.085 0.079 0.066 0.061 0.062 0.055 0.058 0.068 0.075 0.080 0.093 0.114 0.117 0.122 0.133 0.128 0.122 0.122 0.128 0.138 0.133 0.127 0.133 0.119 0.117 0.128 0.119 0.115 0.116 0.137 0.125 0.134 0.156 0.162 0.161 0.157 0.161 0.165 0.156 0.154 0.167 0.163 0.162 0.165 0.165 0.167 0.171 0.190 0.181 0.178 0.184 0.174 0.174 0.169 0.181 0.167 0.148 0.128 0.111 0.099 0.103 0.108 0.117 0.118 0.140 0.145 0.188 0.239 0.267 0.351 0.477 0.526 0.564 0.604 0.609 0.659 0.681 0.732 0.749 0.745 0.745 0.733 0.763 0.833 0.873 0.885 0.904 0.901 0.892 0.906 0.898 0.903 0.914 0.895 0.900 0.905 0.895 0.902 0.907 0.904 0.900 0.889 0.915 0.918 0.927 0.927 0.931 0.933 0.935 0.944 0.944 0.941 0.943 0.946 0.948 0.950 0.954 0.957 0.957 0.964 0.968 0.969 0.972 0.974 0.977 0.978 0.980 0.980 0.981 0.982 0.981 0.984 0.984 0.984 0.985 0.984 0.984 0.984 0.984 0.984 0.985 0.984 0.984 0.983 0.983 0.981 0.980 0.980 0.979 0.978 0.977 0.975 0.974 0.973 0.971 0.966 0.963 0.955 0.935 0.893 0.852 0.832 0.804 0.786 0.773 0.757 0.718 0.682 0.699 0.705 0.652 0.539 0.464 0.434 0.374 0.341 0.284 0.241 0.258 0.269 0.232 0.211 0.259 0.264 0.236 0.246 0.236 0.272 0.211 0.200 0.199 0.196 0.193 0.176 0.174 0.170 0.162 0.164 0.176 0.190 0.194 0.203 0.209 0.217 0.221 0.230 0.237 0.255 0.247 0.220 0.212 0.202 0.200 0.195 0.206 0.213 0.244 0.227 0.238 0.233 0.275 0.302 0.313 0.328 0.308 0.301 0.320 0.340 0.313 0.338 0.370 0.403 0.477 0.583 0.618 0.667 0.687 0.715 0.741 0.771 0.756 0.813 0.848 0.881 0.890 0.915 0.937 0.939 0.943 0.947 0.948 0.942 0.936 0.950 0.953 0.946 0.939 0.935 0.918 0.899 0.881 0.875 0.849 0.839 0.816 0.774 0.761 0.741 0.744 0.729 0.719 0.700 0.689 0.657 0.669 0.694 0.687 0.671 0.638 0.617 0.610 0.564 0.528 0.529 0.525 0.489 0.498 0.507 0.517 0.500 0.504 0.512 0.508 0.511 0.518 0.522 0.509 0.523 0.527 0.533 0.524 0.547 0.554 0.549 0.537 0.545 0.558 0.535 0.538 0.570 0.572 0.543 0.564 0.590 0.562 0.545 0.569 0.564 0.530 0.528 0.544 0.539 0.537 0.532 0.544 0.528 0.522 0.539 0.539 0.521 0.524 0.524 0.507 0.491 0.480 0.481 0.469 0.446 0.460 0.462 0.450 0.445 0.457 0.446 0.382 0.383 0.365 0.323 0.273 0.257 0.246 0.233 0.202 0.218 0.230 0.225 0.215 0.224 0.247 0.238 0.232 0.249 0.251 0.228 0.223 0.236 0.220 0.225 0.238 0.229 0.222 0.222 0.223 0.222 0.227 0.250 0.233 0.231 0.226 0.225 0.222 0.224 0.223 0.224 0.205 0.195 0.235 0.211 0.206 0.226 0.239 0.235 0.232 0.281 0.294 0.282 0.293 0.307 0.295 0.289 0.286 0.285 0.269 0.266 0.265 0.230 0.195 0.198 0.196 0.167 0.143 0.146 0.131 0.108 0.095 0.104 0.107 0.089 0.092 0.115 0.113 0.101 0.114 0.119 0.123 0.123 0.143 0.154 0.156 0.178 0.190 0.184 0.193 0.197 0.185 0.186 0.190 0.207 0.206 0.214 0.299 0.314 0.327 0.341 0.351 0.336 0.347 0.364 0.361 0.348 0.356 0.393 0.389 0.401 0.460 0.489 0.509 0.559 0.601 0.635 0.659 0.700 0.763 0.790 0.820 0.856 0.858 0.854 0.897 0.909 0.931 0.935 0.939 0.939 0.936 0.946 0.948 0.943 0.949 0.958 0.953 0.949 0.948 0.959 0.958 0.963 0.959 0.960 0.952 0.952 0.954 0.949 0.937 0.939 0.932 0.918 0.905 0.888 0.908 0.913 0.922 0.912 0.916 0.919 0.912 0.910 0.907 0.926 0.924 0.941 0.947 0.952 0.955 0.958 0.962 0.968 0.970 0.971 0.974 0.975 0.978 0.978 0.975 0.975 0.975 0.973 0.975 0.977 0.975 0.974 0.971 0.966 0.965 0.962 0.959 0.956 0.946 0.944 0.930 0.917 0.921 0.904 0.886 0.870 0.872 0.879 0.869 0.820 0.805 0.810 0.782 0.779 0.781 0.760 0.656 0.607 0.510 0.496 0.520 0.446 0.385 0.250 0.224 0.276 0.274 0.399 0.427 0.478 0.461 0.494 0.490 0.540 0.504 0.461 0.451 0.476 0.510 0.581 0.612 0.729 0.671 0.656 0.639 0.661 0.673 0.636 0.628 0.652 0.626 0.604 0.565 0.568 0.569 0.519 0.590 0.629 0.592 0.567 0.602 0.618 0.621 0.608 0.633 0.656 0.641 0.648 0.674 0.687 0.675 0.670 0.703 0.728 0.744 0.771 0.799 0.815 0.836 0.853 0.865 0.869 0.877 0.871 0.868 0.869 0.855 0.816 0.769 0.786 0.772 0.752 0.750 0.747 0.730 0.748 0.786 0.771 0.777 0.757 0.745 0.814 0.819 0.819 0.791 0.778 0.771 0.786 0.858 0.852 0.810 0.796 0.729 0.683 0.707 0.717
>8otg
0.921 0.918 0.934 0.933 0.928 0.928 0.936 0.934 0.937 0.940 0.941 0.946 0.944 0.944 0.949 0.953 0.955 0.955 0.954 0.953 0.956 0.955 0.961 0.963 0.968 0.967 0.971 0.971 0.973 0.975 0.975 0.977 0.977 0.979 0.980 0.979 0.979 0.979 0.979 0.979 0.980 0.981 0.981 0.982 0.982 0.983 0.983 0.983 0.983 0.983 0.983 0.983 0.983 0.983 0.983 0.983 0.983 0.982 0.983 0.983 0.983 0.983 0.983 0.983 0.983 0.983 0.983 0.983 0.983 0.983 0.983 0.983 0.983 0.984 0.983 0.983 0.984 0.984 0.984 0.984 0.984 0.984 0.984 0.984 0.984 0.984 0.984 0.984 0.984 0.984 0.984 0.984 0.984 0.984 0.984 0.983 0.984 0.984 0.984 0.983 0.983 0.982 0.982 0.982 0.982 0.982 0.981 0.982 0.981 0.981 0.982 0.981 0.982 0.981 0.981 0.981 0.981 0.980 0.980 0.981 0.980 0.980 0.980 0.980 0.980 0.981 0.980 0.980 0.981 0.981 0.980 0.981 0.981 0.981 0.981 0.981 0.982 0.982 0.982 0.982 0.983 0.983 0.983 0.984 0.984 0.985 0.985 0.985 0.985 0.985 0.985 0.985 0.985 0.985 0.985 0.985 0.985 0.985 0.985 0.985 0.985 0.985 0.986 0.985 0.986 0.986 0.986 0.985 0.985 0.985 0.985 0.985 0.986 0.986 0.985 0.985 0.985 0.985 0.985 0.985 0.985 0.985 0.985 0.985 0.985 0.985 0.985 0.985 0.985 0.985 0.985 0.985 0.985 0.985 0.986 0.986 0.985 0.985 0.985 0.985 0.985 0.986 0.986 0.986 0.985 0.985 0.985 0.985 0.986 0.985 0.985 0.985 0.985 0.985 0.985 0.985 0.985 0.984 0.984 0.984 0.984 0.984 0.984 0.984 0.984 0.983 0.983 0.983 0.983 0.983 0.983 0.983 0.982 0.982 0.982 0.983 0.983 0.981 0.981 0.981 0.980 0.979 0.979 0.978 0.978 0.978 0.977 0.977 0.978 0.977 0.977 0.977 0.976 0.976 0.974 0.973 0.973 0.969 0.965 0.963 0.964 0.963 0.963 0.959 0.946 0.938 0.929 0.892 0.908 0.918 0.900 0.879 0.907 0.907 0.902 0.903 0.897 0.911 0.941 0.954 0.954 0.951 0.953 0.953 0.955 0.953 0.948 0.951 0.943 0.941 0.956 0.957 0.948 0.954 0.938 0.943 0.919 0.941 0.933 0.918 0.915 0.905 0.907 0.888 0.832 0.770 0.941 0.945 0.947 0.957 0.940 0.925 0.811 0.898 0.496 0.689 0.302 0.479 0.512 0.750 0.918 0.915 0.928 0.941 0.901 0.904 0.913 0.926 0.944 0.950 0.949 0.944 0.945 0.950 0.938 0.927 0.812 0.744 0.690 0.672 0.575 0.627 0.603 0.532 0.570 0.553 0.558 0.560 0.475 0.590 0.407 0.446 0.645 0.775 0.802 0.853 0.883 0.906 0.912 0.921 0.934 0.938 0.942 0.946 0.949 0.957 0.956 0.953 0.954 0.952 0.950 0.953 0.957 0.959 0.952 0.952 0.958 0.957 0.958 0.954 0.948 0.952 0.950 0.954 0.957 0.958 0.959 0.963 0.962 0.966 0.968 0.968 0.968 0.969 0.969 0.969 0.965 0.968 0.970 0.973 0.972 0.971 0.971 0.971 0.970 0.971 0.971 0.971 0.972 0.974 0.972 0.971 0.968 0.969 0.966 0.960 0.953 0.944 0.939 0.932 0.932 0.935 0.923 0.900 0.877 0.859 0.847 0.866 0.900 0.889 0.887 0.869 0.853 0.819 0.820 0.795 0.766 0.819 0.828 0.808 0.807
>8oth
0.921 0.918 0.934 0.933 0.928 0.928 0.936 0.934 0.937 0.940 0.941 0.946 0.944 0.944 0.949 0.953 0.955 0.955 0.954 0.953 0.956 0.955 0.961 0.963 0.968 0.967 0.971 0.971 0.973 0.975 0.975 0.977 0.977 0.979 0.980 0.979 0.979 0.979 0.979 0.979 0.980 0.981 0.981 0.982 0.982 0.983 0.983 0.983 0.983 0.983 0.983 0.983 0.983 0.983 0.983 0.983 0.983 0.982 0.983 0.983 0.983 0.983 0.983 0.983 0.983 0.983 0.983 0.983 0.983 0.983 0.983 0.983 0.983 0.984 0.983 0.983 0.984 0.984 0.984 0.984 0.984 0.984 0.984 0.984 0.984 0.984 0.984 0.984 0.984 0.984 0.984 0.984 0.984 0.984 0.984 0.983 0.984 0.984 0.984 0.983 0.983 0.982 0.982 0.982 0.982 0.982 0.981 0.982 0.981 0.981 0.982 0.981 0.982 0.981 0.981 0.981 0.981 0.980 0.980 0.981 0.980 0.980 0.980 0.980 0.980 0.981 0.980 0.980 0.981 0.981 0.980 0.981 0.981 0.981 0.981 0.981 0.982 0.982 0.982 0.982 0.983 0.983 0.983 0.984 0.984 0.985 0.985 0.985 0.985 0.985 0.985 0.985 0.985 0.985 0.985 0.985 0.985 0.985 0.985 0.985 0.985 0.985 0.986 0.985 0.986 0.986 0.986 0.985 0.985 0.985 0.985 0.985 0.986 0.986 0.985 0.985 0.985 0.985 0.985 0.985 0.985 0.985 0.985 0.985 0.985 0.985 0.985 0.985 0.985 0.985 0.985 0.985 0.985 0.985 0.986 0.986 0.985 0.985 0.985 0.985 0.985 0.986 0.986 0.986 0.985 0.985 0.985 0.985 0.986 0.985 0.985 0.985 0.985 0.985 0.985 0.985 0.985 0.984 0.984 0.984 0.984 0.984 0.984 0.984 0.984 0.983 0.983 0.983 0.983 0.983 0.983 0.983 0.982 0.982 0.982 0.983 0.983 0.981 0.981 0.981 0.980 0.979 0.979 0.978 0.978 0.978 0.977 0.977 0.978 0.977 0.977 0.977 0.976 0.976 0.974 0.973 0.973 0.969 0.965 0.963 0.964 0.963 0.963 0.959 0.946 0.938 0.929 0.892 0.908 0.918 0.900 0.879 0.907 0.907 0.902 0.903 0.897 0.911 0.941 0.954 0.954 0.951 0.953 0.953 0.955 0.953 0.948 0.951 0.943 0.941 0.956 0.957 0.948 0.954 0.938 0.943 0.919 0.941 0.933 0.918 0.915 0.905 0.907 0.888 0.832 0.770 0.941 0.945 0.947 0.957 0.940 0.925 0.811 0.898 0.496 0.689 0.302 0.479 0.512 0.750 0.918 0.915 0.928 0.941 0.901 0.904 0.913 0.926 0.944 0.950 0.949 0.944 0.945 0.950 0.938 0.927 0.812 0.744 0.690 0.672 0.575 0.627 0.603 0.532 0.570 0.553 0.558 0.560 0.475 0.590 0.407 0.446 0.645 0.775 0.802 0.853 0.883 0.906 0.912 0.921 0.934 0.938 0.942 0.946 0.949 0.957 0.956 0.953 0.954 0.952 0.950 0.953 0.957 0.959 0.952 0.952 0.958 0.957 0.958 0.954 0.948 0.952 0.950 0.954 0.957 0.958 0.959 0.963 0.962 0.966 0.968 0.968 0.968 0.969 0.969 0.969 0.965 0.968 0.970 0.973 0.972 0.971 0.971 0.971 0.970 0.971 0.971 0.971 0.972 0.974 0.972 0.971 0.968 0.969 0.966 0.960 0.953 0.944 0.939 0.932 0.932 0.935 0.923 0.900 0.877 0.859 0.847 0.866 0.900 0.889 0.887 0.869 0.853 0.819 0.820 0.795 0.766 0.819 0.828 0.808 0.807
>8oti
0.921 0.918 0.934 0.933 0.928 0.928 0.936 0.934 0.937 0.940 0.941 0.946 0.944 0.944 0.949 0.953 0.955 0.955 0.954 0.953 0.956 0.955 0.961 0.963 0.968 0.967 0.971 0.971 0.973 0.975 0.975 0.977 0.977 0.979 0.980 0.979 0.979 0.979 0.979 0.979 0.980 0.981 0.981 0.982 0.982 0.983 0.983 0.983 0.983 0.983 0.983 0.983 0.983 0.983 0.983 0.983 0.983 0.982 0.983 0.983 0.983 0.983 0.983 0.983 0.983 0.983 0.983 0.983 0.983 0.983 0.983 0.983 0.983 0.984 0.983 0.983 0.984 0.984 0.984 0.984 0.984 0.984 0.984 0.984 0.984 0.984 0.984 0.984 0.984 0.984 0.984 0.984 0.984 0.984 0.984 0.983 0.984 0.984 0.984 0.983 0.983 0.982 0.982 0.982 0.982 0.982 0.981 0.982 0.981 0.981 0.982 0.981 0.982 0.981 0.981 0.981 0.981 0.980 0.980 0.981 0.980 0.980 0.980 0.980 0.980 0.981 0.980 0.980 0.981 0.981 0.980 0.981 0.981 0.981 0.981 0.981 0.982 0.982 0.982 0.982 0.983 0.983 0.983 0.984 0.984 0.985 0.985 0.985 0.985 0.985 0.985 0.985 0.985 0.985 0.985 0.985 0.985 0.985 0.985 0.985 0.985 0.985 0.986 0.985 0.986 0.986 0.986 0.985 0.985 0.985 0.985 0.985 0.986 0.986 0.985 0.985 0.985 0.985 0.985 0.985 0.985 0.985 0.985 0.985 0.985 0.985 0.985 0.985 0.985 0.985 0.985 0.985 0.985 0.985 0.986 0.986 0.985 0.985 0.985 0.985 0.985 0.986 0.986 0.986 0.985 0.985 0.985 0.985 0.986 0.985 0.985 0.985 0.985 0.985 0.985 0.985 0.985 0.984 0.984 0.984 0.984 0.984 0.984 0.984 0.984 0.983 0.983 0.983 0.983 0.983 0.983 0.983 0.982 0.982 0.982 0.983 0.983 0.981 0.981 0.981 0.980 0.979 0.979 0.978 0.978 0.978 0.977 0.977 0.978 0.977 0.977 0.977 0.976 0.976 0.974 0.973 0.973 0.969 0.965 0.963 0.964 0.963 0.963 0.959 0.946 0.938 0.929 0.892 0.908 0.918 0.900 0.879 0.907 0.907 0.902 0.903 0.897 0.911 0.941 0.954 0.954 0.951 0.953 0.953 0.955 0.953 0.948 0.951 0.943 0.941 0.956 0.957 0.948 0.954 0.938 0.943 0.919 0.941 0.933 0.918 0.915 0.905 0.907 0.888 0.832 0.770 0.941 0.945 0.947 0.957 0.940 0.925 0.811 0.898 0.496 0.689 0.302 0.479 0.512 0.750 0.918 0.915 0.928 0.941 0.901 0.904 0.913 0.926 0.944 0.950 0.949 0.944 0.945 0.950 0.938 0.927 0.812 0.744 0.690 0.672 0.575 0.627 0.603 0.532 0.570 0.553 0.558 0.560 0.475 0.590 0.407 0.446 0.645 0.775 0.802 0.853 0.883 0.906 0.912 0.921 0.934 0.938 0.942 0.946 0.949 0.957 0.956 0.953 0.954 0.952 0.950 0.953 0.957 0.959 0.952 0.952 0.958 0.957 0.958 0.954 0.948 0.952 0.950 0.954 0.957 0.958 0.959 0.963 0.962 0.966 0.968 0.968 0.968 0.969 0.969 0.969 0.965 0.968 0.970 0.973 0.972 0.971 0.971 0.971 0.970 0.971 0.971 0.971 0.972 0.974 0.972 0.971 0.968 0.969 0.966 0.960 0.953 0.944 0.939 0.932 0.932 0.935 0.923 0.900 0.877 0.859 0.847 0.866 0.900 0.889 0.887 0.869 0.853 0.819 0.820 0.795 0.766 0.819 0.828 0.808 0.807
>8otj
0.921 0.918 0.934 0.933 0.928 0.928 0.936 0.934 0.937 0.940 0.941 0.946 0.944 0.944 0.949 0.953 0.955 0.955 0.954 0.953 0.956 0.955 0.961 0.963 0.968 0.967 0.971 0.971 0.973 0.975 0.975 0.977 0.977 0.979 0.980 0.979 0.979 0.979 0.979 0.979 0.980 0.981 0.981 0.982 0.982 0.983 0.983 0.983 0.983 0.983 0.983 0.983 0.983 0.983 0.983 0.983 0.983 0.982 0.983 0.983 0.983 0.983 0.983 0.983 0.983 0.983 0.983 0.983 0.983 0.983 0.983 0.983 0.983 0.984 0.983 0.983 0.984 0.984 0.984 0.984 0.984 0.984 0.984 0.984 0.984 0.984 0.984 0.984 0.984 0.984 0.984 0.984 0.984 0.984 0.984 0.983 0.984 0.984 0.984 0.983 0.983 0.982 0.982 0.982 0.982 0.982 0.981 0.982 0.981 0.981 0.982 0.981 0.982 0.981 0.981 0.981 0.981 0.980 0.980 0.981 0.980 0.980 0.980 0.980 0.980 0.981 0.980 0.980 0.981 0.981 0.980 0.981 0.981 0.981 0.981 0.981 0.982 0.982 0.982 0.982 0.983 0.983 0.983 0.984 0.984 0.985 0.985 0.985 0.985 0.985 0.985 0.985 0.985 0.985 0.985 0.985 0.985 0.985 0.985 0.985 0.985 0.985 0.986 0.985 0.986 0.986 0.986 0.985 0.985 0.985 0.985 0.985 0.986 0.986 0.985 0.985 0.985 0.985 0.985 0.985 0.985 0.985 0.985 0.985 0.985 0.985 0.985 0.985 0.985 0.985 0.985 0.985 0.985 0.985 0.986 0.986 0.985 0.985 0.985 0.985 0.985 0.986 0.986 0.986 0.985 0.985 0.985 0.985 0.986 0.985 0.985 0.985 0.985 0.985 0.985 0.985 0.985 0.984 0.984 0.984 0.984 0.984 0.984 0.984 0.984 0.983 0.983 0.983 0.983 0.983 0.983 0.983 0.982 0.982 0.982 0.983 0.983 0.981 0.981 0.981 0.980 0.979 0.979 0.978 0.978 0.978 0.977 0.977 0.978 0.977 0.977 0.977 0.976 0.976 0.974 0.973 0.973 0.969 0.965 0.963 0.964 0.963 0.963 0.959 0.946 0.938 0.929 0.892 0.908 0.918 0.900 0.879 0.907 0.907 0.902 0.903 0.897 0.911 0.941 0.954 0.954 0.951 0.953 0.953 0.955 0.953 0.948 0.951 0.943 0.941 0.956 0.957 0.948 0.954 0.938 0.943 0.919 0.941 0.933 0.918 0.915 0.905 0.907 0.888 0.832 0.770 0.941 0.945 0.947 0.957 0.940 0.925 0.811 0.898 0.496 0.689 0.302 0.479 0.512 0.750 0.918 0.915 0.928 0.941 0.901 0.904 0.913 0.926 0.944 0.950 0.949 0.944 0.945 0.950 0.938 0.927 0.812 0.744 0.690 0.672 0.575 0.627 0.603 0.532 0.570 0.553 0.558 0.560 0.475 0.590 0.407 0.446 0.645 0.775 0.802 0.853 0.883 0.906 0.912 0.921 0.934 0.938 0.942 0.946 0.949 0.957 0.956 0.953 0.954 0.952 0.950 0.953 0.957 0.959 0.952 0.952 0.958 0.957 0.958 0.954 0.948 0.952 0.950 0.954 0.957 0.958 0.959 0.963 0.962 0.966 0.968 0.968 0.968 0.969 0.969 0.969 0.965 0.968 0.970 0.973 0.972 0.971 0.971 0.971 0.970 0.971 0.971 0.971 0.972 0.974 0.972 0.971 0.968 0.969 0.966 0.960 0.953 0.944 0.939 0.932 0.932 0.935 0.923 0.900 0.877 0.859 0.847 0.866 0.900 0.889 0.887 0.869 0.853 0.819 0.820 0.795 0.766 0.819 0.828 0.808 0.807
>8ovk
0.742 0.805 0.799 0.830 0.793 0.782 0.784 0.788 0.763 0.710 0.683 0.648 0.627 0.624 0.621 0.611 0.585 0.537 0.511 0.453 0.433 0.384 0.431 0.414 0.477 0.504 0.426 0.459 0.496 0.552 0.523 0.525 0.548 0.554 0.527 0.514 0.482 0.455 0.415 0.486
>8ovm
0.742 0.805 0.799 0.830 0.793 0.782 0.784 0.788 0.763 0.710 0.683 0.648 0.627 0.624 0.621 0.611 0.585 0.537 0.511 0.453 0.433 0.384 0.431 0.414 0.477 0.504 0.426 0.459 0.496 0.552 0.523 0.525 0.548 0.554 0.527 0.514 0.482 0.455 0.415 0.486
>8owd
0.742 0.805 0.799 0.830 0.793 0.782 0.784 0.788 0.763 0.710 0.683 0.648 0.627 0.624 0.621 0.611 0.585 0.537 0.511 0.453 0.433 0.384 0.431 0.414 0.477 0.504 0.426 0.459 0.496 0.552 0.523 0.525 0.548 0.554 0.527 0.514 0.482 0.455 0.415 0.486
>8owe
0.742 0.805 0.799 0.830 0.793 0.782 0.784 0.788 0.763 0.710 0.683 0.648 0.627 0.624 0.621 0.611 0.585 0.537 0.511 0.453 0.433 0.384 0.431 0.414 0.477 0.504 0.426 0.459 0.496 0.552 0.523 0.525 0.548 0.554 0.527 0.514 0.482 0.455 0.415 0.486
>8owj
0.742 0.805 0.799 0.830 0.793 0.782 0.784 0.788 0.763 0.710 0.683 0.648 0.627 0.624 0.621 0.611 0.585 0.537 0.511 0.453 0.433 0.384 0.431 0.414 0.477 0.504 0.426 0.459 0.496 0.552 0.523 0.525 0.548 0.554 0.527 0.514 0.482 0.455 0.415 0.486
>8owk
0.742 0.805 0.799 0.830 0.793 0.782 0.784 0.788 0.763 0.710 0.683 0.648 0.627 0.624 0.621 0.611 0.585 0.537 0.511 0.453 0.433 0.384 0.431 0.414 0.477 0.504 0.426 0.459 0.496 0.552 0.523 0.525 0.548 0.554 0.527 0.514 0.482 0.455 0.415 0.486
>8p34
0.951 0.951 0.950 0.953 0.949 0.945 0.949 0.948 0.951 0.952 0.944 0.936 0.936 0.929 0.913 0.915 0.894 0.879 0.873 0.862 0.836 0.833 0.851 0.836 0.848 0.861 0.812 0.787 0.759 0.742 0.666 0.649 0.646 0.614 0.634 0.655 0.731 0.757 0.779 0.786 0.824 0.833 0.837 0.820 0.829 0.822 0.851 0.860 0.879 0.884 0.880 0.882 0.868 0.876 0.866 0.862 0.835 0.856 0.834 0.828 0.840 0.839 0.822 0.794 0.768 0.765 0.744 0.769 0.769 0.776 0.798 0.819 0.830 0.852 0.877 0.879 0.898 0.897 0.907 0.919 0.929 0.938 0.945 0.938 0.942 0.938 0.940 0.942 0.945 0.951 0.958 0.959 0.955 0.945
>8pix
0.509 0.733 0.748 0.762 0.780 0.724 0.777 0.813 0.789 0.790 0.782 0.729 0.727 0.669 0.662 0.706 0.675 0.677 0.680 0.703 0.699 0.662 0.615 0.743 0.664 0.603 0.598 0.565 0.592 0.637 0.700 0.792 0.842 0.838 0.746 0.779 0.819 0.887 0.872 0.889 0.898 0.866 0.833 0.880 0.849 0.837 0.846 0.832 0.850 0.831 0.862 0.795 0.765 0.749 0.691 0.660 0.654 0.574 0.519 0.545 0.566 0.592 0.624 0.637 0.652 0.681 0.669 0.683 0.684 0.665 0.651 0.674 0.695 0.700 0.707 0.688 0.675 0.679 0.715 0.779 0.805 0.807 0.804 0.833 0.845 0.874 0.885 0.896 0.895 0.892 0.920 0.921 0.929 0.935 0.938 0.942 0.943 0.943 0.938 0.926 0.915 0.917 0.933 0.954 0.954 0.952 0.945 0.948 0.952 0.947 0.955 0.952 0.956 0.961 0.964 0.964 0.965 0.962 0.960 0.963 0.961 0.961 0.960 0.959 0.957 0.955 0.956 0.960 0.962 0.968 0.971 0.969 0.962 0.972 0.978 0.960 0.960 0.959 0.966 0.006
>8pjo
0.490 0.697 0.705 0.702 0.725 0.653 0.708 0.740 0.698 0.696 0.692 0.640 0.634 0.608 0.608 0.665 0.644 0.661 0.673 0.694 0.697 0.660 0.626 0.751 0.660 0.597 0.594 0.573 0.591 0.642 0.705 0.778 0.838 0.844 0.775 0.806 0.815 0.883 0.874 0.885 0.893 0.873 0.850 0.876 0.867 0.854 0.879 0.876 0.858 0.831 0.861 0.812 0.792 0.771 0.711 0.674 0.670 0.598 0.537 0.548 0.567 0.589 0.618 0.642 0.662 0.674 0.659 0.673 0.679 0.669 0.645 0.678 0.689 0.703 0.712 0.691 0.674 0.682 0.720 0.781 0.803 0.809 0.804 0.833 0.843 0.872 0.882 0.895 0.894 0.890 0.919 0.921 0.928 0.935 0.938 0.940 0.941 0.940 0.936 0.924 0.911 0.912 0.928 0.952 0.952 0.951 0.944 0.947 0.951 0.946 0.953 0.951 0.955 0.960 0.963 0.963 0.964 0.961 0.959 0.962 0.960 0.960 0.959 0.958 0.957 0.954 0.955 0.960 0.961 0.968 0.970 0.970 0.962 0.972 0.978 0.959 0.960 0.959 0.966 0.006
>8pk2
0.509 0.733 0.748 0.762 0.780 0.724 0.777 0.813 0.789 0.790 0.782 0.729 0.727 0.669 0.662 0.706 0.675 0.677 0.680 0.703 0.699 0.662 0.615 0.743 0.664 0.603 0.598 0.565 0.592 0.637 0.700 0.792 0.842 0.838 0.746 0.779 0.819 0.887 0.872 0.889 0.898 0.866 0.833 0.880 0.849 0.837 0.846 0.832 0.850 0.831 0.862 0.795 0.765 0.749 0.691 0.660 0.654 0.574 0.519 0.545 0.566 0.592 0.624 0.637 0.652 0.681 0.669 0.683 0.684 0.665 0.651 0.674 0.695 0.700 0.707 0.688 0.675 0.679 0.715 0.779 0.805 0.807 0.804 0.833 0.845 0.874 0.885 0.896 0.895 0.892 0.920 0.921 0.929 0.935 0.938 0.942 0.943 0.943 0.938 0.926 0.915 0.917 0.933 0.954 0.954 0.952 0.945 0.948 0.952 0.947 0.955 0.952 0.956 0.961 0.964 0.964 0.965 0.962 0.960 0.963 0.961 0.961 0.960 0.959 0.957 0.955 0.956 0.960 0.962 0.968 0.971 0.969 0.962 0.972 0.978 0.960 0.960 0.959 0.966 0.006
>8pk4
0.653 0.835 0.786 0.811 0.847 0.845 0.847 0.845 0.850 0.861 0.848 0.820 0.800 0.809 0.767 0.814 0.747 0.735 0.730 0.730 0.736 0.693 0.647 0.745 0.651 0.565 0.560 0.530 0.545 0.587 0.624 0.742 0.788 0.799 0.692 0.745 0.779 0.868 0.839 0.858 0.856 0.814 0.793 0.850 0.822 0.820 0.826 0.802 0.818 0.775 0.796 0.761 0.731 0.737 0.694 0.660 0.651 0.579 0.521 0.541 0.564 0.592 0.627 0.643 0.665 0.687 0.679 0.685 0.683 0.667 0.651 0.676 0.697 0.703 0.709 0.691 0.673 0.680 0.723 0.787 0.811 0.817 0.810 0.839 0.850 0.876 0.887 0.897 0.898 0.894 0.921 0.923 0.930 0.936 0.938 0.943 0.944 0.943 0.938 0.926 0.915 0.917 0.933 0.954 0.954 0.952 0.945 0.948 0.952 0.947 0.955 0.952 0.956 0.961 0.964 0.964 0.965 0.962 0.960 0.963 0.961 0.961 0.960 0.959 0.957 0.955 0.956 0.960 0.962 0.968 0.971 0.969 0.962 0.972 0.978 0.960 0.960 0.959 0.966 0.006
>8pke
0.804 0.696 0.665 0.642 0.542 0.504 0.400 0.362 0.372 0.370 0.335 0.296 0.261 0.203 0.162 0.146 0.133 0.105 0.083 0.069 0.061 0.049 0.054 0.059 0.058 0.061 0.074 0.077 0.090 0.098 0.107 0.128 0.138 0.135 0.130 0.130 0.134 0.151 0.177 0.192 0.204 0.256 0.285 0.314 0.334 0.353 0.335 0.345 0.378 0.369 0.370 0.376 0.379 0.383 0.397 0.395 0.413 0.380 0.382 0.354 0.328 0.267 0.259 0.231 0.248 0.223 0.223 0.212 0.208 0.207 0.210 0.211 0.207 0.190 0.184 0.177 0.176 0.199 0.178 0.174 0.173 0.160 0.141 0.116 0.113 0.105 0.094 0.097 0.101 0.100 0.116 0.111 0.106 0.107 0.092 0.084 0.084 0.078 0.071 0.066 0.058 0.053 0.053 0.050 0.048 0.060 0.068 0.085 0.094 0.091 0.086 0.081 0.073 0.076 0.091 0.114 0.109 0.115 0.140 0.163 0.161 0.169 0.186 0.200 0.236 0.298 0.300
>8pkf
0.842 0.754 0.701 0.657 0.580 0.534 0.429 0.394 0.416 0.411 0.354 0.341 0.312 0.256 0.186 0.155 0.143 0.115 0.089 0.075 0.067 0.052 0.058 0.064 0.062 0.066 0.080 0.083 0.097 0.105 0.116 0.139 0.146 0.139 0.132 0.139 0.144 0.159 0.183 0.206 0.216 0.284 0.320 0.334 0.363 0.383 0.353 0.388 0.430 0.413 0.420 0.407 0.418 0.413 0.442 0.443 0.448 0.418 0.422 0.395 0.356 0.319 0.309 0.265 0.276 0.252 0.245 0.219 0.214 0.210 0.212 0.213 0.209 0.195 0.189 0.182 0.176 0.198 0.180 0.176 0.177 0.162 0.143 0.120 0.118 0.109 0.097 0.099 0.101 0.102 0.120 0.115 0.111 0.113 0.094 0.086 0.087 0.081 0.075 0.070 0.063 0.056 0.057 0.053 0.051 0.062 0.072 0.088 0.097 0.095 0.089 0.083 0.075 0.079 0.096 0.118 0.112 0.117 0.147 0.167 0.163 0.171 0.189 0.213 0.240 0.302 0.304
>8pkg
0.820 0.736 0.686 0.646 0.566 0.527 0.427 0.383 0.412 0.405 0.353 0.333 0.290 0.227 0.173 0.153 0.141 0.112 0.087 0.073 0.067 0.051 0.059 0.064 0.062 0.065 0.079 0.083 0.095 0.103 0.114 0.135 0.143 0.138 0.134 0.135 0.141 0.156 0.183 0.203 0.211 0.271 0.315 0.335 0.354 0.373 0.358 0.373 0.414 0.407 0.411 0.413 0.411 0.401 0.420 0.421 0.432 0.394 0.400 0.377 0.337 0.285 0.274 0.244 0.260 0.228 0.227 0.214 0.209 0.207 0.210 0.211 0.207 0.191 0.187 0.180 0.176 0.198 0.176 0.173 0.173 0.160 0.141 0.116 0.112 0.104 0.094 0.096 0.099 0.098 0.115 0.112 0.106 0.107 0.092 0.084 0.085 0.077 0.070 0.066 0.059 0.053 0.053 0.049 0.048 0.060 0.068 0.084 0.091 0.088 0.082 0.076 0.067 0.067 0.082 0.097 0.096 0.102 0.115 0.135 0.138 0.146 0.155 0.158 0.164 0.201 0.230
>8ppo
0.921 0.918 0.934 0.933 0.928 0.928 0.936 0.934 0.937 0.940 0.941 0.946 0.944 0.944 0.949 0.953 0.955 0.955 0.954 0.953 0.956 0.955 0.961 0.963 0.968 0.967 0.971 0.971 0.973 0.975 0.975 0.977 0.977 0.979 0.980 0.979 0.979 0.979 0.979 0.979 0.980 0.981 0.981 0.982 0.982 0.983 0.983 0.983 0.983 0.983 0.983 0.983 0.983 0.983 0.983 0.983 0.983 0.982 0.983 0.983 0.983 0.983 0.983 0.983 0.983 0.983 0.983 0.983 0.983 0.983 0.983 0.983 0.983 0.984 0.983 0.983 0.984 0.984 0.984 0.984 0.984 0.984 0.984 0.984 0.984 0.984 0.984 0.984 0.984 0.984 0.984 0.984 0.984 0.984 0.984 0.983 0.984 0.984 0.984 0.983 0.983 0.982 0.982 0.982 0.982 0.982 0.981 0.982 0.981 0.981 0.982 0.981 0.982 0.981 0.981 0.981 0.981 0.980 0.980 0.981 0.980 0.980 0.980 0.980 0.980 0.981 0.980 0.980 0.981 0.981 0.980 0.981 0.981 0.981 0.981 0.981 0.982 0.982 0.982 0.982 0.983 0.983 0.983 0.984 0.984 0.985 0.985 0.985 0.985 0.985 0.985 0.985 0.985 0.985 0.985 0.985 0.985 0.985 0.985 0.985 0.985 0.985 0.986 0.985 0.986 0.986 0.986 0.985 0.985 0.985 0.985 0.985 0.986 0.986 0.985 0.985 0.985 0.985 0.985 0.985 0.985 0.985 0.985 0.985 0.985 0.985 0.985 0.985 0.985 0.985 0.985 0.985 0.985 0.985 0.986 0.986 0.985 0.985 0.985 0.985 0.985 0.986 0.986 0.986 0.985 0.985 0.985 0.985 0.986 0.985 0.985 0.985 0.985 0.985 0.985 0.985 0.985 0.984 0.984 0.984 0.984 0.984 0.984 0.984 0.984 0.983 0.983 0.983 0.983 0.983 0.983 0.983 0.982 0.982 0.982 0.983 0.983 0.981 0.981 0.981 0.980 0.979 0.979 0.978 0.978 0.978 0.977 0.977 0.978 0.977 0.977 0.977 0.976 0.976 0.974 0.973 0.973 0.969 0.965 0.963 0.964 0.963 0.963 0.959 0.946 0.938 0.929 0.892 0.908 0.918 0.900 0.879 0.907 0.907 0.902 0.903 0.897 0.911 0.941 0.954 0.954 0.951 0.953 0.953 0.955 0.953 0.948 0.951 0.943 0.941 0.956 0.957 0.948 0.954 0.938 0.943 0.919 0.941 0.933 0.918 0.915 0.905 0.907 0.888 0.832 0.770 0.941 0.945 0.947 0.957 0.940 0.925 0.811 0.898 0.496 0.689 0.302 0.479 0.512 0.750 0.918 0.915 0.928 0.941 0.901 0.904 0.913 0.926 0.944 0.950 0.949 0.944 0.945 0.950 0.938 0.927 0.812 0.744 0.690 0.672 0.575 0.627 0.603 0.532 0.570 0.553 0.558 0.560 0.475 0.590 0.407 0.446 0.645 0.775 0.802 0.853 0.883 0.906 0.912 0.921 0.934 0.938 0.942 0.946 0.949 0.957 0.956 0.953 0.954 0.952 0.950 0.953 0.957 0.959 0.952 0.952 0.958 0.957 0.958 0.954 0.948 0.952 0.950 0.954 0.957 0.958 0.959 0.963 0.962 0.966 0.968 0.968 0.968 0.969 0.969 0.969 0.965 0.968 0.970 0.973 0.972 0.971 0.971 0.971 0.970 0.971 0.971 0.971 0.972 0.974 0.972 0.971 0.968 0.969 0.966 0.960 0.953 0.944 0.939 0.932 0.932 0.935 0.923 0.900 0.877 0.859 0.847 0.866 0.900 0.889 0.887 0.869 0.853 0.819 0.820 0.795 0.766 0.819 0.828 0.808 0.807
>8pxs
0.595 0.568 0.533 0.529 0.491 0.445 0.434 0.358 0.352
>8q27
0.915 0.914 0.930 0.928 0.935 0.937 0.943 0.945 0.946 0.946 0.947 0.948 0.949 0.948 0.955 0.957 0.959 0.959 0.962 0.963 0.965 0.965 0.967 0.966 0.969 0.966 0.969 0.969 0.972 0.973 0.972 0.974 0.974 0.975 0.976 0.977 0.977 0.979 0.979 0.979 0.979 0.978 0.977 0.977 0.978 0.978 0.979 0.979 0.979 0.979 0.979 0.979 0.978 0.978 0.978 0.977 0.977 0.977 0.978 0.978 0.979 0.978 0.979 0.979 0.979 0.979 0.980 0.980 0.980 0.980 0.981 0.981 0.981 0.981 0.981 0.981 0.981 0.982 0.982 0.982 0.983 0.983 0.983 0.983 0.984 0.984 0.985 0.985 0.985 0.985 0.985 0.985 0.985 0.985 0.985 0.985 0.985 0.985 0.985 0.985 0.985 0.985 0.985 0.986 0.985 0.986 0.986 0.985 0.985 0.986 0.985 0.985 0.986 0.986 0.986 0.985 0.986 0.985 0.985 0.985 0.985 0.985 0.985 0.985 0.985 0.985 0.985 0.985 0.985 0.985 0.985 0.985 0.985 0.986 0.985 0.986 0.986 0.985 0.986 0.985 0.985 0.985 0.986 0.986 0.986 0.985 0.985 0.985 0.985 0.986 0.985 0.985 0.985 0.985 0.985 0.985 0.985 0.985 0.984 0.984 0.984 0.984 0.984 0.984 0.984 0.984 0.983 0.983 0.983 0.983 0.983 0.983 0.983 0.982 0.982 0.982 0.983 0.983 0.981 0.981 0.981 0.980 0.979 0.979 0.978 0.978 0.978 0.977 0.977 0.978 0.977 0.977 0.977 0.976 0.976 0.974 0.973 0.973 0.969 0.965 0.963 0.964 0.963 0.963 0.959 0.946 0.938 0.929 0.892 0.908 0.918 0.900 0.879 0.907 0.907 0.902 0.903 0.897 0.911 0.941 0.954 0.954 0.951 0.953 0.953 0.955 0.953 0.948 0.951 0.943 0.941 0.956 0.957 0.948 0.954 0.938 0.943 0.919 0.941 0.933 0.918 0.915 0.905 0.907 0.888 0.832 0.770 0.941 0.945 0.947 0.957 0.940 0.925 0.811 0.898 0.496 0.689 0.302 0.479 0.512 0.750 0.918 0.915 0.928 0.941 0.901 0.904 0.913 0.926 0.944 0.950 0.949 0.944 0.945 0.950 0.938 0.927 0.812 0.744 0.690 0.672 0.575 0.627 0.603 0.532 0.570 0.553 0.558 0.560 0.475 0.590 0.407 0.446 0.645 0.775 0.802 0.853 0.883 0.906 0.912 0.921 0.934 0.938 0.942 0.946 0.949 0.957 0.956 0.953 0.954 0.952 0.950 0.953 0.957 0.959 0.952 0.952 0.958 0.957 0.958 0.954 0.948 0.952 0.950 0.954 0.957 0.958 0.959 0.963 0.962 0.966 0.968 0.968 0.968 0.969 0.969 0.969 0.965 0.968 0.970 0.973 0.972 0.971 0.971 0.971 0.970 0.971 0.971 0.971 0.972 0.974 0.972 0.971 0.968 0.969 0.966 0.960 0.953 0.944 0.939 0.932 0.932 0.935 0.923 0.900 0.877 0.859 0.847 0.866 0.900 0.889 0.887 0.869 0.853 0.819 0.820 0.795 0.766 0.819 0.828 0.808 0.807
>8q2j
0.915 0.914 0.930 0.928 0.935 0.937 0.943 0.945 0.946 0.946 0.947 0.948 0.949 0.948 0.955 0.957 0.959 0.959 0.962 0.963 0.965 0.965 0.967 0.966 0.969 0.966 0.969 0.969 0.972 0.973 0.972 0.974 0.974 0.975 0.976 0.977 0.977 0.979 0.979 0.979 0.979 0.978 0.977 0.977 0.978 0.978 0.979 0.979 0.979 0.979 0.979 0.979 0.978 0.978 0.978 0.977 0.977 0.977 0.978 0.978 0.979 0.978 0.979 0.979 0.979 0.979 0.980 0.980 0.980 0.980 0.981 0.981 0.981 0.981 0.981 0.981 0.981 0.982 0.982 0.982 0.983 0.983 0.983 0.983 0.984 0.984 0.985 0.985 0.985 0.985 0.985 0.985 0.985 0.985 0.985 0.985 0.985 0.985 0.985 0.985 0.985 0.985 0.985 0.986 0.985 0.986 0.986 0.985 0.985 0.986 0.985 0.985 0.986 0.986 0.986 0.985 0.986 0.985 0.985 0.985 0.985 0.985 0.985 0.985 0.985 0.985 0.985 0.985 0.985 0.985 0.985 0.985 0.985 0.986 0.985 0.986 0.986 0.985 0.986 0.985 0.985 0.985 0.986 0.986 0.986 0.985 0.985 0.985 0.985 0.986 0.985 0.985 0.985 0.985 0.985 0.985 0.985 0.985 0.984 0.984 0.984 0.984 0.984 0.984 0.984 0.984 0.983 0.983 0.983 0.983 0.983 0.983 0.983 0.982 0.982 0.982 0.983 0.983 0.981 0.981 0.981 0.980 0.979 0.979 0.978 0.978 0.978 0.977 0.977 0.978 0.977 0.977 0.977 0.976 0.976 0.974 0.973 0.973 0.969 0.965 0.963 0.964 0.963 0.963 0.959 0.946 0.938 0.929 0.892 0.908 0.918 0.900 0.879 0.907 0.907 0.902 0.903 0.897 0.911 0.941 0.954 0.954 0.951 0.953 0.953 0.955 0.953 0.948 0.951 0.943 0.941 0.956 0.957 0.948 0.954 0.938 0.943 0.919 0.941 0.933 0.918 0.915 0.905 0.907 0.888 0.832 0.770 0.941 0.945 0.947 0.957 0.940 0.925 0.811 0.898 0.496 0.689 0.302 0.479 0.512 0.750 0.918 0.915 0.928 0.941 0.901 0.904 0.913 0.926 0.944 0.950 0.949 0.944 0.945 0.950 0.938 0.927 0.812 0.744 0.690 0.672 0.575 0.627 0.603 0.532 0.570 0.553 0.558 0.560 0.475 0.590 0.407 0.446 0.645 0.775 0.802 0.853 0.883 0.906 0.912 0.921 0.934 0.938 0.942 0.946 0.949 0.957 0.956 0.953 0.954 0.952 0.950 0.953 0.957 0.959 0.952 0.952 0.958 0.957 0.958 0.954 0.948 0.952 0.950 0.954 0.957 0.958 0.959 0.963 0.962 0.966 0.968 0.968 0.968 0.969 0.969 0.969 0.965 0.968 0.970 0.973 0.972 0.971 0.971 0.971 0.970 0.971 0.971 0.971 0.972 0.974 0.972 0.971 0.968 0.969 0.966 0.960 0.953 0.944 0.939 0.932 0.932 0.935 0.923 0.900 0.877 0.859 0.847 0.866 0.900 0.889 0.887 0.869 0.853 0.819 0.820 0.795 0.766 0.819 0.828 0.808 0.807
>8q2k
0.915 0.914 0.930 0.928 0.935 0.937 0.943 0.945 0.946 0.946 0.947 0.948 0.949 0.948 0.955 0.957 0.959 0.959 0.962 0.963 0.965 0.965 0.967 0.966 0.969 0.966 0.969 0.969 0.972 0.973 0.972 0.974 0.974 0.975 0.976 0.977 0.977 0.979 0.979 0.979 0.979 0.978 0.977 0.977 0.978 0.978 0.979 0.979 0.979 0.979 0.979 0.979 0.978 0.978 0.978 0.977 0.977 0.977 0.978 0.978 0.979 0.978 0.979 0.979 0.979 0.979 0.980 0.980 0.980 0.980 0.981 0.981 0.981 0.981 0.981 0.981 0.981 0.982 0.982 0.982 0.983 0.983 0.983 0.983 0.984 0.984 0.985 0.985 0.985 0.985 0.985 0.985 0.985 0.985 0.985 0.985 0.985 0.985 0.985 0.985 0.985 0.985 0.985 0.986 0.985 0.986 0.986 0.985 0.985 0.986 0.985 0.985 0.986 0.986 0.986 0.985 0.986 0.985 0.985 0.985 0.985 0.985 0.985 0.985 0.985 0.985 0.985 0.985 0.985 0.985 0.985 0.985 0.985 0.986 0.985 0.986 0.986 0.985 0.986 0.985 0.985 0.985 0.986 0.986 0.986 0.985 0.985 0.985 0.985 0.986 0.985 0.985 0.985 0.985 0.985 0.985 0.985 0.985 0.984 0.984 0.984 0.984 0.984 0.984 0.984 0.984 0.983 0.983 0.983 0.983 0.983 0.983 0.983 0.982 0.982 0.982 0.983 0.983 0.981 0.981 0.981 0.980 0.979 0.979 0.978 0.978 0.978 0.977 0.977 0.978 0.977 0.977 0.977 0.976 0.976 0.974 0.973 0.973 0.969 0.965 0.963 0.964 0.963 0.963 0.959 0.946 0.938 0.929 0.892 0.908 0.918 0.900 0.879 0.907 0.907 0.902 0.903 0.897 0.911 0.941 0.954 0.954 0.951 0.953 0.953 0.955 0.953 0.948 0.951 0.943 0.941 0.956 0.957 0.948 0.954 0.938 0.943 0.919 0.941 0.933 0.918 0.915 0.905 0.907 0.888 0.832 0.770 0.941 0.945 0.947 0.957 0.940 0.925 0.811 0.898 0.496 0.689 0.302 0.479 0.512 0.750 0.918 0.915 0.928 0.941 0.901 0.904 0.913 0.926 0.944 0.950 0.949 0.944 0.945 0.950 0.938 0.927 0.812 0.744 0.690 0.672 0.575 0.627 0.603 0.532 0.570 0.553 0.558 0.560 0.475 0.590 0.407 0.446 0.645 0.775 0.802 0.853 0.883 0.906 0.912 0.921 0.934 0.938 0.942 0.946 0.949 0.957 0.956 0.953 0.954 0.952 0.950 0.953 0.957 0.959 0.952 0.952 0.958 0.957 0.958 0.954 0.948 0.952 0.950 0.954 0.957 0.958 0.959 0.963 0.962 0.966 0.968 0.968 0.968 0.969 0.969 0.969 0.965 0.968 0.970 0.973 0.972 0.971 0.971 0.971 0.970 0.971 0.971 0.971 0.972 0.974 0.972 0.971 0.968 0.969 0.966 0.960 0.953 0.944 0.939 0.932 0.932 0.935 0.923 0.900 0.877 0.859 0.847 0.866 0.900 0.889 0.887 0.869 0.853 0.819 0.820 0.795 0.766 0.819 0.828 0.808 0.807
>8q2l
0.915 0.914 0.930 0.928 0.935 0.937 0.943 0.945 0.946 0.946 0.947 0.948 0.949 0.948 0.955 0.957 0.959 0.959 0.962 0.963 0.965 0.965 0.967 0.966 0.969 0.966 0.969 0.969 0.972 0.973 0.972 0.974 0.974 0.975 0.976 0.977 0.977 0.979 0.979 0.979 0.979 0.978 0.977 0.977 0.978 0.978 0.979 0.979 0.979 0.979 0.979 0.979 0.978 0.978 0.978 0.977 0.977 0.977 0.978 0.978 0.979 0.978 0.979 0.979 0.979 0.979 0.980 0.980 0.980 0.980 0.981 0.981 0.981 0.981 0.981 0.981 0.981 0.982 0.982 0.982 0.983 0.983 0.983 0.983 0.984 0.984 0.985 0.985 0.985 0.985 0.985 0.985 0.985 0.985 0.985 0.985 0.985 0.985 0.985 0.985 0.985 0.985 0.985 0.986 0.985 0.986 0.986 0.985 0.985 0.986 0.985 0.985 0.986 0.986 0.986 0.985 0.986 0.985 0.985 0.985 0.985 0.985 0.985 0.985 0.985 0.985 0.985 0.985 0.985 0.985 0.985 0.985 0.985 0.986 0.985 0.986 0.986 0.985 0.986 0.985 0.985 0.985 0.986 0.986 0.986 0.985 0.985 0.985 0.985 0.986 0.985 0.985 0.985 0.985 0.985 0.985 0.985 0.985 0.984 0.984 0.984 0.984 0.984 0.984 0.984 0.984 0.983 0.983 0.983 0.983 0.983 0.983 0.983 0.982 0.982 0.982 0.983 0.983 0.981 0.981 0.981 0.980 0.979 0.979 0.978 0.978 0.978 0.977 0.977 0.978 0.977 0.977 0.977 0.976 0.976 0.974 0.973 0.973 0.969 0.965 0.963 0.964 0.963 0.963 0.959 0.946 0.938 0.929 0.892 0.908 0.918 0.900 0.879 0.907 0.907 0.902 0.903 0.897 0.911 0.941 0.954 0.954 0.951 0.953 0.953 0.955 0.953 0.948 0.951 0.943 0.941 0.956 0.957 0.948 0.954 0.938 0.943 0.919 0.941 0.933 0.918 0.915 0.905 0.907 0.888 0.832 0.770 0.941 0.945 0.947 0.957 0.940 0.925 0.811 0.898 0.496 0.689 0.302 0.479 0.512 0.750 0.918 0.915 0.928 0.941 0.901 0.904 0.913 0.926 0.944 0.950 0.949 0.944 0.945 0.950 0.938 0.927 0.812 0.744 0.690 0.672 0.575 0.627 0.603 0.532 0.570 0.553 0.558 0.560 0.475 0.590 0.407 0.446 0.645 0.775 0.802 0.853 0.883 0.906 0.912 0.921 0.934 0.938 0.942 0.946 0.949 0.957 0.956 0.953 0.954 0.952 0.950 0.953 0.957 0.959 0.952 0.952 0.958 0.957 0.958 0.954 0.948 0.952 0.950 0.954 0.957 0.958 0.959 0.963 0.962 0.966 0.968 0.968 0.968 0.969 0.969 0.969 0.965 0.968 0.970 0.973 0.972 0.971 0.971 0.971 0.970 0.971 0.971 0.971 0.972 0.974 0.972 0.971 0.968 0.969 0.966 0.960 0.953 0.944 0.939 0.932 0.932 0.935 0.923 0.900 0.877 0.859 0.847 0.866 0.900 0.889 0.887 0.869 0.853 0.819 0.820 0.795 0.766 0.819 0.828 0.808 0.807
>8q7f
0.915 0.914 0.930 0.928 0.935 0.937 0.943 0.945 0.946 0.946 0.947 0.948 0.949 0.948 0.955 0.957 0.959 0.959 0.962 0.963 0.965 0.965 0.967 0.966 0.969 0.966 0.969 0.969 0.972 0.973 0.972 0.974 0.974 0.975 0.976 0.977 0.977 0.979 0.979 0.979 0.979 0.978 0.977 0.977 0.978 0.978 0.979 0.979 0.979 0.979 0.979 0.979 0.978 0.978 0.978 0.977 0.977 0.977 0.978 0.978 0.979 0.978 0.979 0.979 0.979 0.979 0.980 0.980 0.980 0.980 0.981 0.981 0.981 0.981 0.981 0.981 0.981 0.982 0.982 0.982 0.983 0.983 0.983 0.983 0.984 0.984 0.985 0.985 0.985 0.985 0.985 0.985 0.985 0.985 0.985 0.985 0.985 0.985 0.985 0.985 0.985 0.985 0.985 0.986 0.985 0.986 0.986 0.985 0.985 0.986 0.985 0.985 0.986 0.986 0.986 0.985 0.986 0.985 0.985 0.985 0.985 0.985 0.985 0.985 0.985 0.985 0.985 0.985 0.985 0.985 0.985 0.985 0.985 0.986 0.985 0.986 0.986 0.985 0.986 0.985 0.985 0.985 0.986 0.986 0.986 0.985 0.985 0.985 0.985 0.986 0.985 0.985 0.985 0.985 0.985 0.985 0.985 0.985 0.984 0.984 0.984 0.984 0.984 0.984 0.984 0.984 0.983 0.983 0.983 0.983 0.983 0.983 0.983 0.982 0.982 0.982 0.983 0.983 0.981 0.981 0.981 0.980 0.979 0.979 0.978 0.978 0.978 0.977 0.977 0.978 0.977 0.977 0.977 0.976 0.976 0.974 0.973 0.973 0.969 0.965 0.963 0.964 0.963 0.963 0.959 0.946 0.938 0.929 0.892 0.908 0.918 0.900 0.879 0.907 0.907 0.902 0.903 0.897 0.911 0.941 0.954 0.954 0.951 0.953 0.953 0.955 0.953 0.948 0.951 0.943 0.941 0.956 0.957 0.948 0.954 0.938 0.943 0.919 0.941 0.933 0.918 0.915 0.905 0.907 0.888 0.832 0.770 0.941 0.945 0.947 0.957 0.940 0.925 0.811 0.898 0.496 0.689 0.302 0.479 0.512 0.750 0.918 0.915 0.928 0.941 0.901 0.904 0.913 0.926 0.944 0.950 0.949 0.944 0.945 0.950 0.938 0.927 0.812 0.744 0.690 0.672 0.575 0.627 0.603 0.532 0.570 0.553 0.558 0.560 0.475 0.590 0.407 0.446 0.645 0.775 0.802 0.853 0.883 0.906 0.912 0.921 0.934 0.938 0.942 0.946 0.949 0.957 0.956 0.953 0.954 0.952 0.950 0.953 0.957 0.959 0.952 0.952 0.958 0.957 0.958 0.954 0.948 0.952 0.950 0.954 0.957 0.958 0.959 0.963 0.962 0.966 0.968 0.968 0.968 0.969 0.969 0.969 0.965 0.968 0.970 0.973 0.972 0.971 0.971 0.971 0.970 0.971 0.971 0.971 0.972 0.974 0.972 0.971 0.968 0.969 0.966 0.960 0.953 0.944 0.939 0.932 0.932 0.935 0.923 0.900 0.877 0.859 0.847 0.866 0.900 0.889 0.887 0.869 0.853 0.819 0.820 0.795 0.766 0.819 0.828 0.808 0.807
>8q7l
0.915 0.914 0.930 0.928 0.935 0.937 0.943 0.945 0.946 0.946 0.947 0.948 0.949 0.948 0.955 0.957 0.959 0.959 0.962 0.963 0.965 0.965 0.967 0.966 0.969 0.966 0.969 0.969 0.972 0.973 0.972 0.974 0.974 0.975 0.976 0.977 0.977 0.979 0.979 0.979 0.979 0.978 0.977 0.977 0.978 0.978 0.979 0.979 0.979 0.979 0.979 0.979 0.978 0.978 0.978 0.977 0.977 0.977 0.978 0.978 0.979 0.978 0.979 0.979 0.979 0.979 0.980 0.980 0.980 0.980 0.981 0.981 0.981 0.981 0.981 0.981 0.981 0.982 0.982 0.982 0.983 0.983 0.983 0.983 0.984 0.984 0.985 0.985 0.985 0.985 0.985 0.985 0.985 0.985 0.985 0.985 0.985 0.985 0.985 0.985 0.985 0.985 0.985 0.986 0.985 0.986 0.986 0.985 0.985 0.986 0.985 0.985 0.986 0.986 0.986 0.985 0.986 0.985 0.985 0.985 0.985 0.985 0.985 0.985 0.985 0.985 0.985 0.985 0.985 0.985 0.985 0.985 0.985 0.986 0.985 0.986 0.986 0.985 0.986 0.985 0.985 0.985 0.986 0.986 0.986 0.985 0.985 0.985 0.985 0.986 0.985 0.985 0.985 0.985 0.985 0.985 0.985 0.985 0.984 0.984 0.984 0.984 0.984 0.984 0.984 0.984 0.983 0.983 0.983 0.983 0.983 0.983 0.983 0.982 0.982 0.982 0.983 0.983 0.981 0.981 0.981 0.980 0.979 0.979 0.978 0.978 0.978 0.977 0.977 0.978 0.977 0.977 0.977 0.976 0.976 0.974 0.973 0.973 0.969 0.965 0.963 0.964 0.963 0.963 0.959 0.946 0.938 0.929 0.892 0.908 0.918 0.900 0.879 0.907 0.907 0.902 0.903 0.897 0.911 0.941 0.954 0.954 0.951 0.953 0.953 0.955 0.953 0.948 0.951 0.943 0.941 0.956 0.957 0.948 0.954 0.938 0.943 0.919 0.941 0.933 0.918 0.915 0.905 0.907 0.888 0.832 0.770 0.941 0.945 0.947 0.957 0.940 0.925 0.811 0.898 0.496 0.689 0.302 0.479 0.512 0.750 0.918 0.915 0.928 0.941 0.901 0.904 0.913 0.926 0.944 0.950 0.949 0.944 0.945 0.950 0.938 0.927 0.812 0.744 0.690 0.672 0.575 0.627 0.603 0.532 0.570 0.553 0.558 0.560 0.475 0.590 0.407 0.446 0.645 0.775 0.802 0.853 0.883 0.906 0.912 0.921 0.934 0.938 0.942 0.946 0.949 0.957 0.956 0.953 0.954 0.952 0.950 0.953 0.957 0.959 0.952 0.952 0.958 0.957 0.958 0.954 0.948 0.952 0.950 0.954 0.957 0.958 0.959 0.963 0.962 0.966 0.968 0.968 0.968 0.969 0.969 0.969 0.965 0.968 0.970 0.973 0.972 0.971 0.971 0.971 0.970 0.971 0.971 0.971 0.972 0.974 0.972 0.971 0.968 0.969 0.966 0.960 0.953 0.944 0.939 0.932 0.932 0.935 0.923 0.900 0.877 0.859 0.847 0.866 0.900 0.889 0.887 0.869 0.853 0.819 0.820 0.795 0.766 0.819 0.828 0.808 0.807
>8q7m
0.915 0.914 0.930 0.928 0.935 0.937 0.943 0.945 0.946 0.946 0.947 0.948 0.949 0.948 0.955 0.957 0.959 0.959 0.962 0.963 0.965 0.965 0.967 0.966 0.969 0.966 0.969 0.969 0.972 0.973 0.972 0.974 0.974 0.975 0.976 0.977 0.977 0.979 0.979 0.979 0.979 0.978 0.977 0.977 0.978 0.978 0.979 0.979 0.979 0.979 0.979 0.979 0.978 0.978 0.978 0.977 0.977 0.977 0.978 0.978 0.979 0.978 0.979 0.979 0.979 0.979 0.980 0.980 0.980 0.980 0.981 0.981 0.981 0.981 0.981 0.981 0.981 0.982 0.982 0.982 0.983 0.983 0.983 0.983 0.984 0.984 0.985 0.985 0.985 0.985 0.985 0.985 0.985 0.985 0.985 0.985 0.985 0.985 0.985 0.985 0.985 0.985 0.985 0.986 0.985 0.986 0.986 0.985 0.985 0.986 0.985 0.985 0.986 0.986 0.986 0.985 0.986 0.985 0.985 0.985 0.985 0.985 0.985 0.985 0.985 0.985 0.985 0.985 0.985 0.985 0.985 0.985 0.985 0.986 0.985 0.986 0.986 0.985 0.986 0.985 0.985 0.985 0.986 0.986 0.986 0.985 0.985 0.985 0.985 0.986 0.985 0.985 0.985 0.985 0.985 0.985 0.985 0.985 0.984 0.984 0.984 0.984 0.984 0.984 0.984 0.984 0.983 0.983 0.983 0.983 0.983 0.983 0.983 0.982 0.982 0.982 0.983 0.983 0.981 0.981 0.981 0.980 0.979 0.979 0.978 0.978 0.978 0.977 0.977 0.978 0.977 0.977 0.977 0.976 0.976 0.974 0.973 0.973 0.969 0.965 0.963 0.964 0.963 0.963 0.959 0.946 0.938 0.929 0.892 0.908 0.918 0.900 0.879 0.907 0.907 0.902 0.903 0.897 0.911 0.941 0.954 0.954 0.951 0.953 0.953 0.955 0.953 0.948 0.951 0.943 0.941 0.956 0.957 0.948 0.954 0.938 0.943 0.919 0.941 0.933 0.918 0.915 0.905 0.907 0.888 0.832 0.770 0.941 0.945 0.947 0.957 0.940 0.925 0.811 0.898 0.496 0.689 0.302 0.479 0.512 0.750 0.918 0.915 0.928 0.941 0.901 0.904 0.913 0.926 0.944 0.950 0.949 0.944 0.945 0.950 0.938 0.927 0.812 0.744 0.690 0.672 0.575 0.627 0.603 0.532 0.570 0.553 0.558 0.560 0.475 0.590 0.407 0.446 0.645 0.775 0.802 0.853 0.883 0.906 0.912 0.921 0.934 0.938 0.942 0.946 0.949 0.957 0.956 0.953 0.954 0.952 0.950 0.953 0.957 0.959 0.952 0.952 0.958 0.957 0.958 0.954 0.948 0.952 0.950 0.954 0.957 0.958 0.959 0.963 0.962 0.966 0.968 0.968 0.968 0.969 0.969 0.969 0.965 0.968 0.970 0.973 0.972 0.971 0.971 0.971 0.970 0.971 0.971 0.971 0.972 0.974 0.972 0.971 0.968 0.969 0.966 0.960 0.953 0.944 0.939 0.932 0.932 0.935 0.923 0.900 0.877 0.859 0.847 0.866 0.900 0.889 0.887 0.869 0.853 0.819 0.820 0.795 0.766 0.819 0.828 0.808 0.807
>8q7p
0.915 0.914 0.930 0.928 0.935 0.937 0.943 0.945 0.946 0.946 0.947 0.948 0.949 0.948 0.955 0.957 0.959 0.959 0.962 0.963 0.965 0.965 0.967 0.966 0.969 0.966 0.969 0.969 0.972 0.973 0.972 0.974 0.974 0.975 0.976 0.977 0.977 0.979 0.979 0.979 0.979 0.978 0.977 0.977 0.978 0.978 0.979 0.979 0.979 0.979 0.979 0.979 0.978 0.978 0.978 0.977 0.977 0.977 0.978 0.978 0.979 0.978 0.979 0.979 0.979 0.979 0.980 0.980 0.980 0.980 0.981 0.981 0.981 0.981 0.981 0.981 0.981 0.982 0.982 0.982 0.983 0.983 0.983 0.983 0.984 0.984 0.985 0.985 0.985 0.985 0.985 0.985 0.985 0.985 0.985 0.985 0.985 0.985 0.985 0.985 0.985 0.985 0.985 0.986 0.985 0.986 0.986 0.985 0.985 0.986 0.985 0.985 0.986 0.986 0.986 0.985 0.986 0.985 0.985 0.985 0.985 0.985 0.985 0.985 0.985 0.985 0.985 0.985 0.985 0.985 0.985 0.985 0.985 0.986 0.985 0.986 0.986 0.985 0.986 0.985 0.985 0.985 0.986 0.986 0.986 0.985 0.985 0.985 0.985 0.986 0.985 0.985 0.985 0.985 0.985 0.985 0.985 0.985 0.984 0.984 0.984 0.984 0.984 0.984 0.984 0.984 0.983 0.983 0.983 0.983 0.983 0.983 0.983 0.982 0.982 0.982 0.983 0.983 0.981 0.981 0.981 0.980 0.979 0.979 0.978 0.978 0.978 0.977 0.977 0.978 0.977 0.977 0.977 0.976 0.976 0.974 0.973 0.973 0.969 0.965 0.963 0.964 0.963 0.963 0.959 0.946 0.938 0.929 0.892 0.908 0.918 0.900 0.879 0.907 0.907 0.902 0.903 0.897 0.911 0.941 0.954 0.954 0.951 0.953 0.953 0.955 0.953 0.948 0.951 0.943 0.941 0.956 0.957 0.948 0.954 0.938 0.943 0.919 0.941 0.933 0.918 0.915 0.905 0.907 0.888 0.832 0.770 0.941 0.945 0.947 0.957 0.940 0.925 0.811 0.898 0.496 0.689 0.302 0.479 0.512 0.750 0.918 0.915 0.928 0.941 0.901 0.904 0.913 0.926 0.944 0.950 0.949 0.944 0.945 0.950 0.938 0.927 0.812 0.744 0.690 0.672 0.575 0.627 0.603 0.532 0.570 0.553 0.558 0.560 0.475 0.590 0.407 0.446 0.645 0.775 0.802 0.853 0.883 0.906 0.912 0.921 0.934 0.938 0.942 0.946 0.949 0.957 0.956 0.953 0.954 0.952 0.950 0.953 0.957 0.959 0.952 0.952 0.958 0.957 0.958 0.954 0.948 0.952 0.950 0.954 0.957 0.958 0.959 0.963 0.962 0.966 0.968 0.968 0.968 0.969 0.969 0.969 0.965 0.968 0.970 0.973 0.972 0.971 0.971 0.971 0.970 0.971 0.971 0.971 0.972 0.974 0.972 0.971 0.968 0.969 0.966 0.960 0.953 0.944 0.939 0.932 0.932 0.935 0.923 0.900 0.877 0.859 0.847 0.866 0.900 0.889 0.887 0.869 0.853 0.819 0.820 0.795 0.766 0.819 0.828 0.808 0.807
>8q7t
0.915 0.914 0.930 0.928 0.935 0.937 0.943 0.945 0.946 0.946 0.947 0.948 0.949 0.948 0.955 0.957 0.959 0.959 0.962 0.963 0.965 0.965 0.967 0.966 0.969 0.966 0.969 0.969 0.972 0.973 0.972 0.974 0.974 0.975 0.976 0.977 0.977 0.979 0.979 0.979 0.979 0.978 0.977 0.977 0.978 0.978 0.979 0.979 0.979 0.979 0.979 0.979 0.978 0.978 0.978 0.977 0.977 0.977 0.978 0.978 0.979 0.978 0.979 0.979 0.979 0.979 0.980 0.980 0.980 0.980 0.981 0.981 0.981 0.981 0.981 0.981 0.981 0.982 0.982 0.982 0.983 0.983 0.983 0.983 0.984 0.984 0.985 0.985 0.985 0.985 0.985 0.985 0.985 0.985 0.985 0.985 0.985 0.985 0.985 0.985 0.985 0.985 0.985 0.986 0.985 0.986 0.986 0.985 0.985 0.986 0.985 0.985 0.986 0.986 0.986 0.985 0.986 0.985 0.985 0.985 0.985 0.985 0.985 0.985 0.985 0.985 0.985 0.985 0.985 0.985 0.985 0.985 0.985 0.986 0.985 0.986 0.986 0.985 0.986 0.985 0.985 0.985 0.986 0.986 0.986 0.985 0.985 0.985 0.985 0.986 0.985 0.985 0.985 0.985 0.985 0.985 0.985 0.985 0.984 0.984 0.984 0.984 0.984 0.984 0.984 0.984 0.983 0.983 0.983 0.983 0.983 0.983 0.983 0.982 0.982 0.982 0.983 0.983 0.981 0.981 0.981 0.980 0.979 0.979 0.978 0.978 0.978 0.977 0.977 0.978 0.977 0.977 0.977 0.976 0.976 0.974 0.973 0.973 0.969 0.965 0.963 0.964 0.963 0.963 0.959 0.946 0.938 0.929 0.892 0.908 0.918 0.900 0.879 0.907 0.907 0.902 0.903 0.897 0.911 0.941 0.954 0.954 0.951 0.953 0.953 0.955 0.953 0.948 0.951 0.943 0.941 0.956 0.957 0.948 0.954 0.938 0.943 0.919 0.941 0.933 0.918 0.915 0.905 0.907 0.888 0.832 0.770 0.941 0.945 0.947 0.957 0.940 0.925 0.811 0.898 0.496 0.689 0.302 0.479 0.512 0.750 0.918 0.915 0.928 0.941 0.901 0.904 0.913 0.926 0.944 0.950 0.949 0.944 0.945 0.950 0.938 0.927 0.812 0.744 0.690 0.672 0.575 0.627 0.603 0.532 0.570 0.553 0.558 0.560 0.475 0.590 0.407 0.446 0.645 0.775 0.802 0.853 0.883 0.906 0.912 0.921 0.934 0.938 0.942 0.946 0.949 0.957 0.956 0.953 0.954 0.952 0.950 0.953 0.957 0.959 0.952 0.952 0.958 0.957 0.958 0.954 0.948 0.952 0.950 0.954 0.957 0.958 0.959 0.963 0.962 0.966 0.968 0.968 0.968 0.969 0.969 0.969 0.965 0.968 0.970 0.973 0.972 0.971 0.971 0.971 0.970 0.971 0.971 0.971 0.972 0.974 0.972 0.971 0.968 0.969 0.966 0.960 0.953 0.944 0.939 0.932 0.932 0.935 0.923 0.900 0.877 0.859 0.847 0.866 0.900 0.889 0.887 0.869 0.853 0.819 0.820 0.795 0.766 0.819 0.828 0.808 0.807
>8q88
0.915 0.914 0.930 0.928 0.935 0.937 0.943 0.945 0.946 0.946 0.947 0.948 0.949 0.948 0.955 0.957 0.959 0.959 0.962 0.963 0.965 0.965 0.967 0.966 0.969 0.966 0.969 0.969 0.972 0.973 0.972 0.974 0.974 0.975 0.976 0.977 0.977 0.979 0.979 0.979 0.979 0.978 0.977 0.977 0.978 0.978 0.979 0.979 0.979 0.979 0.979 0.979 0.978 0.978 0.978 0.977 0.977 0.977 0.978 0.978 0.979 0.978 0.979 0.979 0.979 0.979 0.980 0.980 0.980 0.980 0.981 0.981 0.981 0.981 0.981 0.981 0.981 0.982 0.982 0.982 0.983 0.983 0.983 0.983 0.984 0.984 0.985 0.985 0.985 0.985 0.985 0.985 0.985 0.985 0.985 0.985 0.985 0.985 0.985 0.985 0.985 0.985 0.985 0.986 0.985 0.986 0.986 0.985 0.985 0.986 0.985 0.985 0.986 0.986 0.986 0.985 0.986 0.985 0.985 0.985 0.985 0.985 0.985 0.985 0.985 0.985 0.985 0.985 0.985 0.985 0.985 0.985 0.985 0.986 0.985 0.986 0.986 0.985 0.986 0.985 0.985 0.985 0.986 0.986 0.986 0.985 0.985 0.985 0.985 0.986 0.985 0.985 0.985 0.985 0.985 0.985 0.985 0.985 0.984 0.984 0.984 0.984 0.984 0.984 0.984 0.984 0.983 0.983 0.983 0.983 0.983 0.983 0.983 0.982 0.982 0.982 0.983 0.983 0.981 0.981 0.981 0.980 0.979 0.979 0.978 0.978 0.978 0.977 0.977 0.978 0.977 0.977 0.977 0.976 0.976 0.974 0.973 0.973 0.969 0.965 0.963 0.964 0.963 0.963 0.959 0.946 0.938 0.929 0.892 0.908 0.918 0.900 0.879 0.907 0.907 0.902 0.903 0.897 0.911 0.941 0.954 0.954 0.951 0.953 0.953 0.955 0.953 0.948 0.951 0.943 0.941 0.956 0.957 0.948 0.954 0.938 0.943 0.919 0.941 0.933 0.918 0.915 0.905 0.907 0.888 0.832 0.770 0.941 0.945 0.947 0.957 0.940 0.925 0.811 0.898 0.496 0.689 0.302 0.479 0.512 0.750 0.918 0.915 0.928 0.941 0.901 0.904 0.913 0.926 0.944 0.950 0.949 0.944 0.945 0.950 0.938 0.927 0.812 0.744 0.690 0.672 0.575 0.627 0.603 0.532 0.570 0.553 0.558 0.560 0.475 0.590 0.407 0.446 0.645 0.775 0.802 0.853 0.883 0.906 0.912 0.921 0.934 0.938 0.942 0.946 0.949 0.957 0.956 0.953 0.954 0.952 0.950 0.953 0.957 0.959 0.952 0.952 0.958 0.957 0.958 0.954 0.948 0.952 0.950 0.954 0.957 0.958 0.959 0.963 0.962 0.966 0.968 0.968 0.968 0.969 0.969 0.969 0.965 0.968 0.970 0.973 0.972 0.971 0.971 0.971 0.970 0.971 0.971 0.971 0.972 0.974 0.972 0.971 0.968 0.969 0.966 0.960 0.953 0.944 0.939 0.932 0.932 0.935 0.923 0.900 0.877 0.859 0.847 0.866 0.900 0.889 0.887 0.869 0.853 0.819 0.820 0.795 0.766 0.819 0.828 0.808 0.807
>8q8c
0.915 0.914 0.930 0.928 0.935 0.937 0.943 0.945 0.946 0.946 0.947 0.948 0.949 0.948 0.955 0.957 0.959 0.959 0.962 0.963 0.965 0.965 0.967 0.966 0.969 0.966 0.969 0.969 0.972 0.973 0.972 0.974 0.974 0.975 0.976 0.977 0.977 0.979 0.979 0.979 0.979 0.978 0.977 0.977 0.978 0.978 0.979 0.979 0.979 0.979 0.979 0.979 0.978 0.978 0.978 0.977 0.977 0.977 0.978 0.978 0.979 0.978 0.979 0.979 0.979 0.979 0.980 0.980 0.980 0.980 0.981 0.981 0.981 0.981 0.981 0.981 0.981 0.982 0.982 0.982 0.983 0.983 0.983 0.983 0.984 0.984 0.985 0.985 0.985 0.985 0.985 0.985 0.985 0.985 0.985 0.985 0.985 0.985 0.985 0.985 0.985 0.985 0.985 0.986 0.985 0.986 0.986 0.985 0.985 0.986 0.985 0.985 0.986 0.986 0.986 0.985 0.986 0.985 0.985 0.985 0.985 0.985 0.985 0.985 0.985 0.985 0.985 0.985 0.985 0.985 0.985 0.985 0.985 0.986 0.985 0.986 0.986 0.985 0.986 0.985 0.985 0.985 0.986 0.986 0.986 0.985 0.985 0.985 0.985 0.986 0.985 0.985 0.985 0.985 0.985 0.985 0.985 0.985 0.984 0.984 0.984 0.984 0.984 0.984 0.984 0.984 0.983 0.983 0.983 0.983 0.983 0.983 0.983 0.982 0.982 0.982 0.983 0.983 0.981 0.981 0.981 0.980 0.979 0.979 0.978 0.978 0.978 0.977 0.977 0.978 0.977 0.977 0.977 0.976 0.976 0.974 0.973 0.973 0.969 0.965 0.963 0.964 0.963 0.963 0.959 0.946 0.938 0.929 0.892 0.908 0.918 0.900 0.879 0.907 0.907 0.902 0.903 0.897 0.911 0.941 0.954 0.954 0.951 0.953 0.953 0.955 0.953 0.948 0.951 0.943 0.941 0.956 0.957 0.948 0.954 0.938 0.943 0.919 0.941 0.933 0.918 0.915 0.905 0.907 0.888 0.832 0.770 0.941 0.945 0.947 0.957 0.940 0.925 0.811 0.898 0.496 0.689 0.302 0.479 0.512 0.750 0.918 0.915 0.928 0.941 0.901 0.904 0.913 0.926 0.944 0.950 0.949 0.944 0.945 0.950 0.938 0.927 0.812 0.744 0.690 0.672 0.575 0.627 0.603 0.532 0.570 0.553 0.558 0.560 0.475 0.590 0.407 0.446 0.645 0.775 0.802 0.853 0.883 0.906 0.912 0.921 0.934 0.938 0.942 0.946 0.949 0.957 0.956 0.953 0.954 0.952 0.950 0.953 0.957 0.959 0.952 0.952 0.958 0.957 0.958 0.954 0.948 0.952 0.950 0.954 0.957 0.958 0.959 0.963 0.962 0.966 0.968 0.968 0.968 0.969 0.969 0.969 0.965 0.968 0.970 0.973 0.972 0.971 0.971 0.971 0.970 0.971 0.971 0.971 0.972 0.974 0.972 0.971 0.968 0.969 0.966 0.960 0.953 0.944 0.939 0.932 0.932 0.935 0.923 0.900 0.877 0.859 0.847 0.866 0.900 0.889 0.887 0.869 0.853 0.819 0.820 0.795 0.766 0.819 0.828 0.808 0.807
>8q8d
0.915 0.914 0.930 0.928 0.935 0.937 0.943 0.945 0.946 0.946 0.947 0.948 0.949 0.948 0.955 0.957 0.959 0.959 0.962 0.963 0.965 0.965 0.967 0.966 0.969 0.966 0.969 0.969 0.972 0.973 0.972 0.974 0.974 0.975 0.976 0.977 0.977 0.979 0.979 0.979 0.979 0.978 0.977 0.977 0.978 0.978 0.979 0.979 0.979 0.979 0.979 0.979 0.978 0.978 0.978 0.977 0.977 0.977 0.978 0.978 0.979 0.978 0.979 0.979 0.979 0.979 0.980 0.980 0.980 0.980 0.981 0.981 0.981 0.981 0.981 0.981 0.981 0.982 0.982 0.982 0.983 0.983 0.983 0.983 0.984 0.984 0.985 0.985 0.985 0.985 0.985 0.985 0.985 0.985 0.985 0.985 0.985 0.985 0.985 0.985 0.985 0.985 0.985 0.986 0.985 0.986 0.986 0.985 0.985 0.986 0.985 0.985 0.986 0.986 0.986 0.985 0.986 0.985 0.985 0.985 0.985 0.985 0.985 0.985 0.985 0.985 0.985 0.985 0.985 0.985 0.985 0.985 0.985 0.986 0.985 0.986 0.986 0.985 0.986 0.985 0.985 0.985 0.986 0.986 0.986 0.985 0.985 0.985 0.985 0.986 0.985 0.985 0.985 0.985 0.985 0.985 0.985 0.985 0.984 0.984 0.984 0.984 0.984 0.984 0.984 0.984 0.983 0.983 0.983 0.983 0.983 0.983 0.983 0.982 0.982 0.982 0.983 0.983 0.981 0.981 0.981 0.980 0.979 0.979 0.978 0.978 0.978 0.977 0.977 0.978 0.977 0.977 0.977 0.976 0.976 0.974 0.973 0.973 0.969 0.965 0.963 0.964 0.963 0.963 0.959 0.946 0.938 0.929 0.892 0.908 0.918 0.900 0.879 0.907 0.907 0.902 0.903 0.897 0.911 0.941 0.954 0.954 0.951 0.953 0.953 0.955 0.953 0.948 0.951 0.943 0.941 0.956 0.957 0.948 0.954 0.938 0.943 0.919 0.941 0.933 0.918 0.915 0.905 0.907 0.888 0.832 0.770 0.941 0.945 0.947 0.957 0.940 0.925 0.811 0.898 0.496 0.689 0.302 0.479 0.512 0.750 0.918 0.915 0.928 0.941 0.901 0.904 0.913 0.926 0.944 0.950 0.949 0.944 0.945 0.950 0.938 0.927 0.812 0.744 0.690 0.672 0.575 0.627 0.603 0.532 0.570 0.553 0.558 0.560 0.475 0.590 0.407 0.446 0.645 0.775 0.802 0.853 0.883 0.906 0.912 0.921 0.934 0.938 0.942 0.946 0.949 0.957 0.956 0.953 0.954 0.952 0.950 0.953 0.957 0.959 0.952 0.952 0.958 0.957 0.958 0.954 0.948 0.952 0.950 0.954 0.957 0.958 0.959 0.963 0.962 0.966 0.968 0.968 0.968 0.969 0.969 0.969 0.965 0.968 0.970 0.973 0.972 0.971 0.971 0.971 0.970 0.971 0.971 0.971 0.972 0.974 0.972 0.971 0.968 0.969 0.966 0.960 0.953 0.944 0.939 0.932 0.932 0.935 0.923 0.900 0.877 0.859 0.847 0.866 0.900 0.889 0.887 0.869 0.853 0.819 0.820 0.795 0.766 0.819 0.828 0.808 0.807
>8q8e
0.915 0.914 0.930 0.928 0.935 0.937 0.943 0.945 0.946 0.946 0.947 0.948 0.949 0.948 0.955 0.957 0.959 0.959 0.962 0.963 0.965 0.965 0.967 0.966 0.969 0.966 0.969 0.969 0.972 0.973 0.972 0.974 0.974 0.975 0.976 0.977 0.977 0.979 0.979 0.979 0.979 0.978 0.977 0.977 0.978 0.978 0.979 0.979 0.979 0.979 0.979 0.979 0.978 0.978 0.978 0.977 0.977 0.977 0.978 0.978 0.979 0.978 0.979 0.979 0.979 0.979 0.980 0.980 0.980 0.980 0.981 0.981 0.981 0.981 0.981 0.981 0.981 0.982 0.982 0.982 0.983 0.983 0.983 0.983 0.984 0.984 0.985 0.985 0.985 0.985 0.985 0.985 0.985 0.985 0.985 0.985 0.985 0.985 0.985 0.985 0.985 0.985 0.985 0.986 0.985 0.986 0.986 0.985 0.985 0.986 0.985 0.985 0.986 0.986 0.986 0.985 0.986 0.985 0.985 0.985 0.985 0.985 0.985 0.985 0.985 0.985 0.985 0.985 0.985 0.985 0.985 0.985 0.985 0.986 0.985 0.986 0.986 0.985 0.986 0.985 0.985 0.985 0.986 0.986 0.986 0.985 0.985 0.985 0.985 0.986 0.985 0.985 0.985 0.985 0.985 0.985 0.985 0.985 0.984 0.984 0.984 0.984 0.984 0.984 0.984 0.984 0.983 0.983 0.983 0.983 0.983 0.983 0.983 0.982 0.982 0.982 0.983 0.983 0.981 0.981 0.981 0.980 0.979 0.979 0.978 0.978 0.978 0.977 0.977 0.978 0.977 0.977 0.977 0.976 0.976 0.974 0.973 0.973 0.969 0.965 0.963 0.964 0.963 0.963 0.959 0.946 0.938 0.929 0.892 0.908 0.918 0.900 0.879 0.907 0.907 0.902 0.903 0.897 0.911 0.941 0.954 0.954 0.951 0.953 0.953 0.955 0.953 0.948 0.951 0.943 0.941 0.956 0.957 0.948 0.954 0.938 0.943 0.919 0.941 0.933 0.918 0.915 0.905 0.907 0.888 0.832 0.770 0.941 0.945 0.947 0.957 0.940 0.925 0.811 0.898 0.496 0.689 0.302 0.479 0.512 0.750 0.918 0.915 0.928 0.941 0.901 0.904 0.913 0.926 0.944 0.950 0.949 0.944 0.945 0.950 0.938 0.927 0.812 0.744 0.690 0.672 0.575 0.627 0.603 0.532 0.570 0.553 0.558 0.560 0.475 0.590 0.407 0.446 0.645 0.775 0.802 0.853 0.883 0.906 0.912 0.921 0.934 0.938 0.942 0.946 0.949 0.957 0.956 0.953 0.954 0.952 0.950 0.953 0.957 0.959 0.952 0.952 0.958 0.957 0.958 0.954 0.948 0.952 0.950 0.954 0.957 0.958 0.959 0.963 0.962 0.966 0.968 0.968 0.968 0.969 0.969 0.969 0.965 0.968 0.970 0.973 0.972 0.971 0.971 0.971 0.970 0.971 0.971 0.971 0.972 0.974 0.972 0.971 0.968 0.969 0.966 0.960 0.953 0.944 0.939 0.932 0.932 0.935 0.923 0.900 0.877 0.859 0.847 0.866 0.900 0.889 0.887 0.869 0.853 0.819 0.820 0.795 0.766 0.819 0.828 0.808 0.807
>8q8f
0.915 0.914 0.930 0.928 0.935 0.937 0.943 0.945 0.946 0.946 0.947 0.948 0.949 0.948 0.955 0.957 0.959 0.959 0.962 0.963 0.965 0.965 0.967 0.966 0.969 0.966 0.969 0.969 0.972 0.973 0.972 0.974 0.974 0.975 0.976 0.977 0.977 0.979 0.979 0.979 0.979 0.978 0.977 0.977 0.978 0.978 0.979 0.979 0.979 0.979 0.979 0.979 0.978 0.978 0.978 0.977 0.977 0.977 0.978 0.978 0.979 0.978 0.979 0.979 0.979 0.979 0.980 0.980 0.980 0.980 0.981 0.981 0.981 0.981 0.981 0.981 0.981 0.982 0.982 0.982 0.983 0.983 0.983 0.983 0.984 0.984 0.985 0.985 0.985 0.985 0.985 0.985 0.985 0.985 0.985 0.985 0.985 0.985 0.985 0.985 0.985 0.985 0.985 0.986 0.985 0.986 0.986 0.985 0.985 0.986 0.985 0.985 0.986 0.986 0.986 0.985 0.986 0.985 0.985 0.985 0.985 0.985 0.985 0.985 0.985 0.985 0.985 0.985 0.985 0.985 0.985 0.985 0.985 0.986 0.985 0.986 0.986 0.985 0.986 0.985 0.985 0.985 0.986 0.986 0.986 0.985 0.985 0.985 0.985 0.986 0.985 0.985 0.985 0.985 0.985 0.985 0.985 0.985 0.984 0.984 0.984 0.984 0.984 0.984 0.984 0.984 0.983 0.983 0.983 0.983 0.983 0.983 0.983 0.982 0.982 0.982 0.983 0.983 0.981 0.981 0.981 0.980 0.979 0.979 0.978 0.978 0.978 0.977 0.977 0.978 0.977 0.977 0.977 0.976 0.976 0.974 0.973 0.973 0.969 0.965 0.963 0.964 0.963 0.963 0.959 0.946 0.938 0.929 0.892 0.908 0.918 0.900 0.879 0.907 0.907 0.902 0.903 0.897 0.911 0.941 0.954 0.954 0.951 0.953 0.953 0.955 0.953 0.948 0.951 0.943 0.941 0.956 0.957 0.948 0.954 0.938 0.943 0.919 0.941 0.933 0.918 0.915 0.905 0.907 0.888 0.832 0.770 0.941 0.945 0.947 0.957 0.940 0.925 0.811 0.898 0.496 0.689 0.302 0.479 0.512 0.750 0.918 0.915 0.928 0.941 0.901 0.904 0.913 0.926 0.944 0.950 0.949 0.944 0.945 0.950 0.938 0.927 0.812 0.744 0.690 0.672 0.575 0.627 0.603 0.532 0.570 0.553 0.558 0.560 0.475 0.590 0.407 0.446 0.645 0.775 0.802 0.853 0.883 0.906 0.912 0.921 0.934 0.938 0.942 0.946 0.949 0.957 0.956 0.953 0.954 0.952 0.950 0.953 0.957 0.959 0.952 0.952 0.958 0.957 0.958 0.954 0.948 0.952 0.950 0.954 0.957 0.958 0.959 0.963 0.962 0.966 0.968 0.968 0.968 0.969 0.969 0.969 0.965 0.968 0.970 0.973 0.972 0.971 0.971 0.971 0.970 0.971 0.971 0.971 0.972 0.974 0.972 0.971 0.968 0.969 0.966 0.960 0.953 0.944 0.939 0.932 0.932 0.935 0.923 0.900 0.877 0.859 0.847 0.866 0.900 0.889 0.887 0.869 0.853 0.819 0.820 0.795 0.766 0.819 0.828 0.808 0.807
>8q8l
0.915 0.914 0.930 0.928 0.935 0.937 0.943 0.945 0.946 0.946 0.947 0.948 0.949 0.948 0.955 0.957 0.959 0.959 0.962 0.963 0.965 0.965 0.967 0.966 0.969 0.966 0.969 0.969 0.972 0.973 0.972 0.974 0.974 0.975 0.976 0.977 0.977 0.979 0.979 0.979 0.979 0.978 0.977 0.977 0.978 0.978 0.979 0.979 0.979 0.979 0.979 0.979 0.978 0.978 0.978 0.977 0.977 0.977 0.978 0.978 0.979 0.978 0.979 0.979 0.979 0.979 0.980 0.980 0.980 0.980 0.981 0.981 0.981 0.981 0.981 0.981 0.981 0.982 0.982 0.982 0.983 0.983 0.983 0.983 0.984 0.984 0.985 0.985 0.985 0.985 0.985 0.985 0.985 0.985 0.985 0.985 0.985 0.985 0.985 0.985 0.985 0.985 0.985 0.986 0.985 0.986 0.986 0.985 0.985 0.986 0.985 0.985 0.986 0.986 0.986 0.985 0.986 0.985 0.985 0.985 0.985 0.985 0.985 0.985 0.985 0.985 0.985 0.985 0.985 0.985 0.985 0.985 0.985 0.986 0.985 0.986 0.986 0.985 0.986 0.985 0.985 0.985 0.986 0.986 0.986 0.985 0.985 0.985 0.985 0.986 0.985 0.985 0.985 0.985 0.985 0.985 0.985 0.985 0.984 0.984 0.984 0.984 0.984 0.984 0.984 0.984 0.983 0.983 0.983 0.983 0.983 0.983 0.983 0.982 0.982 0.982 0.983 0.983 0.981 0.981 0.981 0.980 0.979 0.979 0.978 0.978 0.978 0.977 0.977 0.978 0.977 0.977 0.977 0.976 0.976 0.974 0.973 0.973 0.969 0.965 0.963 0.964 0.963 0.963 0.959 0.946 0.938 0.929 0.892 0.908 0.918 0.900 0.879 0.907 0.907 0.902 0.903 0.897 0.911 0.941 0.954 0.954 0.951 0.953 0.953 0.955 0.953 0.948 0.951 0.943 0.941 0.956 0.957 0.948 0.954 0.938 0.943 0.919 0.941 0.933 0.918 0.915 0.905 0.907 0.888 0.832 0.770 0.941 0.945 0.947 0.957 0.940 0.925 0.811 0.898 0.496 0.689 0.302 0.479 0.512 0.750 0.918 0.915 0.928 0.941 0.901 0.904 0.913 0.926 0.944 0.950 0.949 0.944 0.945 0.950 0.938 0.927 0.812 0.744 0.690 0.672 0.575 0.627 0.603 0.532 0.570 0.553 0.558 0.560 0.475 0.590 0.407 0.446 0.645 0.775 0.802 0.853 0.883 0.906 0.912 0.921 0.934 0.938 0.942 0.946 0.949 0.957 0.956 0.953 0.954 0.952 0.950 0.953 0.957 0.959 0.952 0.952 0.958 0.957 0.958 0.954 0.948 0.952 0.950 0.954 0.957 0.958 0.959 0.963 0.962 0.966 0.968 0.968 0.968 0.969 0.969 0.969 0.965 0.968 0.970 0.973 0.972 0.971 0.971 0.971 0.970 0.971 0.971 0.971 0.972 0.974 0.972 0.971 0.968 0.969 0.966 0.960 0.953 0.944 0.939 0.932 0.932 0.935 0.923 0.900 0.877 0.859 0.847 0.866 0.900 0.889 0.887 0.869 0.853 0.819 0.820 0.795 0.766 0.819 0.828 0.808 0.807
>8q8m
0.915 0.914 0.930 0.928 0.935 0.937 0.943 0.945 0.946 0.946 0.947 0.948 0.949 0.948 0.955 0.957 0.959 0.959 0.962 0.963 0.965 0.965 0.967 0.966 0.969 0.966 0.969 0.969 0.972 0.973 0.972 0.974 0.974 0.975 0.976 0.977 0.977 0.979 0.979 0.979 0.979 0.978 0.977 0.977 0.978 0.978 0.979 0.979 0.979 0.979 0.979 0.979 0.978 0.978 0.978 0.977 0.977 0.977 0.978 0.978 0.979 0.978 0.979 0.979 0.979 0.979 0.980 0.980 0.980 0.980 0.981 0.981 0.981 0.981 0.981 0.981 0.981 0.982 0.982 0.982 0.983 0.983 0.983 0.983 0.984 0.984 0.985 0.985 0.985 0.985 0.985 0.985 0.985 0.985 0.985 0.985 0.985 0.985 0.985 0.985 0.985 0.985 0.985 0.986 0.985 0.986 0.986 0.985 0.985 0.986 0.985 0.985 0.986 0.986 0.986 0.985 0.986 0.985 0.985 0.985 0.985 0.985 0.985 0.985 0.985 0.985 0.985 0.985 0.985 0.985 0.985 0.985 0.985 0.986 0.985 0.986 0.986 0.985 0.986 0.985 0.985 0.985 0.986 0.986 0.986 0.985 0.985 0.985 0.985 0.986 0.985 0.985 0.985 0.985 0.985 0.985 0.985 0.985 0.984 0.984 0.984 0.984 0.984 0.984 0.984 0.984 0.983 0.983 0.983 0.983 0.983 0.983 0.983 0.982 0.982 0.982 0.983 0.983 0.981 0.981 0.981 0.980 0.979 0.979 0.978 0.978 0.978 0.977 0.977 0.978 0.977 0.977 0.977 0.976 0.976 0.974 0.973 0.973 0.969 0.965 0.963 0.964 0.963 0.963 0.959 0.946 0.938 0.929 0.892 0.908 0.918 0.900 0.879 0.907 0.907 0.902 0.903 0.897 0.911 0.941 0.954 0.954 0.951 0.953 0.953 0.955 0.953 0.948 0.951 0.943 0.941 0.956 0.957 0.948 0.954 0.938 0.943 0.919 0.941 0.933 0.918 0.915 0.905 0.907 0.888 0.832 0.770 0.941 0.945 0.947 0.957 0.940 0.925 0.811 0.898 0.496 0.689 0.302 0.479 0.512 0.750 0.918 0.915 0.928 0.941 0.901 0.904 0.913 0.926 0.944 0.950 0.949 0.944 0.945 0.950 0.938 0.927 0.812 0.744 0.690 0.672 0.575 0.627 0.603 0.532 0.570 0.553 0.558 0.560 0.475 0.590 0.407 0.446 0.645 0.775 0.802 0.853 0.883 0.906 0.912 0.921 0.934 0.938 0.942 0.946 0.949 0.957 0.956 0.953 0.954 0.952 0.950 0.953 0.957 0.959 0.952 0.952 0.958 0.957 0.958 0.954 0.948 0.952 0.950 0.954 0.957 0.958 0.959 0.963 0.962 0.966 0.968 0.968 0.968 0.969 0.969 0.969 0.965 0.968 0.970 0.973 0.972 0.971 0.971 0.971 0.970 0.971 0.971 0.971 0.972 0.974 0.972 0.971 0.968 0.969 0.966 0.960 0.953 0.944 0.939 0.932 0.932 0.935 0.923 0.900 0.877 0.859 0.847 0.866 0.900 0.889 0.887 0.869 0.853 0.819 0.820 0.795 0.766 0.819 0.828 0.808 0.807
>8q8r
0.915 0.914 0.930 0.928 0.935 0.937 0.943 0.945 0.946 0.946 0.947 0.948 0.949 0.948 0.955 0.957 0.959 0.959 0.962 0.963 0.965 0.965 0.967 0.966 0.969 0.966 0.969 0.969 0.972 0.973 0.972 0.974 0.974 0.975 0.976 0.977 0.977 0.979 0.979 0.979 0.979 0.978 0.977 0.977 0.978 0.978 0.979 0.979 0.979 0.979 0.979 0.979 0.978 0.978 0.978 0.977 0.977 0.977 0.978 0.978 0.979 0.978 0.979 0.979 0.979 0.979 0.980 0.980 0.980 0.980 0.981 0.981 0.981 0.981 0.981 0.981 0.981 0.982 0.982 0.982 0.983 0.983 0.983 0.983 0.984 0.984 0.985 0.985 0.985 0.985 0.985 0.985 0.985 0.985 0.985 0.985 0.985 0.985 0.985 0.985 0.985 0.985 0.985 0.986 0.985 0.986 0.986 0.985 0.985 0.986 0.985 0.985 0.986 0.986 0.986 0.985 0.986 0.985 0.985 0.985 0.985 0.985 0.985 0.985 0.985 0.985 0.985 0.985 0.985 0.985 0.985 0.985 0.985 0.986 0.985 0.986 0.986 0.985 0.986 0.985 0.985 0.985 0.986 0.986 0.986 0.985 0.985 0.985 0.985 0.986 0.985 0.985 0.985 0.985 0.985 0.985 0.985 0.985 0.984 0.984 0.984 0.984 0.984 0.984 0.984 0.984 0.983 0.983 0.983 0.983 0.983 0.983 0.983 0.982 0.982 0.982 0.983 0.983 0.981 0.981 0.981 0.980 0.979 0.979 0.978 0.978 0.978 0.977 0.977 0.978 0.977 0.977 0.977 0.976 0.976 0.974 0.973 0.973 0.969 0.965 0.963 0.964 0.963 0.963 0.959 0.946 0.938 0.929 0.892 0.908 0.918 0.900 0.879 0.907 0.907 0.902 0.903 0.897 0.911 0.941 0.954 0.954 0.951 0.953 0.953 0.955 0.953 0.948 0.951 0.943 0.941 0.956 0.957 0.948 0.954 0.938 0.943 0.919 0.941 0.933 0.918 0.915 0.905 0.907 0.888 0.832 0.770 0.941 0.945 0.947 0.957 0.940 0.925 0.811 0.898 0.496 0.689 0.302 0.479 0.512 0.750 0.918 0.915 0.928 0.941 0.901 0.904 0.913 0.926 0.944 0.950 0.949 0.944 0.945 0.950 0.938 0.927 0.812 0.744 0.690 0.672 0.575 0.627 0.603 0.532 0.570 0.553 0.558 0.560 0.475 0.590 0.407 0.446 0.645 0.775 0.802 0.853 0.883 0.906 0.912 0.921 0.934 0.938 0.942 0.946 0.949 0.957 0.956 0.953 0.954 0.952 0.950 0.953 0.957 0.959 0.952 0.952 0.958 0.957 0.958 0.954 0.948 0.952 0.950 0.954 0.957 0.958 0.959 0.963 0.962 0.966 0.968 0.968 0.968 0.969 0.969 0.969 0.965 0.968 0.970 0.973 0.972 0.971 0.971 0.971 0.970 0.971 0.971 0.971 0.972 0.974 0.972 0.971 0.968 0.969 0.966 0.960 0.953 0.944 0.939 0.932 0.932 0.935 0.923 0.900 0.877 0.859 0.847 0.866 0.900 0.889 0.887 0.869 0.853 0.819 0.820 0.795 0.766 0.819 0.828 0.808 0.807
>8q8s
0.915 0.914 0.930 0.928 0.935 0.937 0.943 0.945 0.946 0.946 0.947 0.948 0.949 0.948 0.955 0.957 0.959 0.959 0.962 0.963 0.965 0.965 0.967 0.966 0.969 0.966 0.969 0.969 0.972 0.973 0.972 0.974 0.974 0.975 0.976 0.977 0.977 0.979 0.979 0.979 0.979 0.978 0.977 0.977 0.978 0.978 0.979 0.979 0.979 0.979 0.979 0.979 0.978 0.978 0.978 0.977 0.977 0.977 0.978 0.978 0.979 0.978 0.979 0.979 0.979 0.979 0.980 0.980 0.980 0.980 0.981 0.981 0.981 0.981 0.981 0.981 0.981 0.982 0.982 0.982 0.983 0.983 0.983 0.983 0.984 0.984 0.985 0.985 0.985 0.985 0.985 0.985 0.985 0.985 0.985 0.985 0.985 0.985 0.985 0.985 0.985 0.985 0.985 0.986 0.985 0.986 0.986 0.985 0.985 0.986 0.985 0.985 0.986 0.986 0.986 0.985 0.986 0.985 0.985 0.985 0.985 0.985 0.985 0.985 0.985 0.985 0.985 0.985 0.985 0.985 0.985 0.985 0.985 0.986 0.985 0.986 0.986 0.985 0.986 0.985 0.985 0.985 0.986 0.986 0.986 0.985 0.985 0.985 0.985 0.986 0.985 0.985 0.985 0.985 0.985 0.985 0.985 0.985 0.984 0.984 0.984 0.984 0.984 0.984 0.984 0.984 0.983 0.983 0.983 0.983 0.983 0.983 0.983 0.982 0.982 0.982 0.983 0.983 0.981 0.981 0.981 0.980 0.979 0.979 0.978 0.978 0.978 0.977 0.977 0.978 0.977 0.977 0.977 0.976 0.976 0.974 0.973 0.973 0.969 0.965 0.963 0.964 0.963 0.963 0.959 0.946 0.938 0.929 0.892 0.908 0.918 0.900 0.879 0.907 0.907 0.902 0.903 0.897 0.911 0.941 0.954 0.954 0.951 0.953 0.953 0.955 0.953 0.948 0.951 0.943 0.941 0.956 0.957 0.948 0.954 0.938 0.943 0.919 0.941 0.933 0.918 0.915 0.905 0.907 0.888 0.832 0.770 0.941 0.945 0.947 0.957 0.940 0.925 0.811 0.898 0.496 0.689 0.302 0.479 0.512 0.750 0.918 0.915 0.928 0.941 0.901 0.904 0.913 0.926 0.944 0.950 0.949 0.944 0.945 0.950 0.938 0.927 0.812 0.744 0.690 0.672 0.575 0.627 0.603 0.532 0.570 0.553 0.558 0.560 0.475 0.590 0.407 0.446 0.645 0.775 0.802 0.853 0.883 0.906 0.912 0.921 0.934 0.938 0.942 0.946 0.949 0.957 0.956 0.953 0.954 0.952 0.950 0.953 0.957 0.959 0.952 0.952 0.958 0.957 0.958 0.954 0.948 0.952 0.950 0.954 0.957 0.958 0.959 0.963 0.962 0.966 0.968 0.968 0.968 0.969 0.969 0.969 0.965 0.968 0.970 0.973 0.972 0.971 0.971 0.971 0.970 0.971 0.971 0.971 0.972 0.974 0.972 0.971 0.968 0.969 0.966 0.960 0.953 0.944 0.939 0.932 0.932 0.935 0.923 0.900 0.877 0.859 0.847 0.866 0.900 0.889 0.887 0.869 0.853 0.819 0.820 0.795 0.766 0.819 0.828 0.808 0.807
>8q8u
0.915 0.914 0.930 0.928 0.935 0.937 0.943 0.945 0.946 0.946 0.947 0.948 0.949 0.948 0.955 0.957 0.959 0.959 0.962 0.963 0.965 0.965 0.967 0.966 0.969 0.966 0.969 0.969 0.972 0.973 0.972 0.974 0.974 0.975 0.976 0.977 0.977 0.979 0.979 0.979 0.979 0.978 0.977 0.977 0.978 0.978 0.979 0.979 0.979 0.979 0.979 0.979 0.978 0.978 0.978 0.977 0.977 0.977 0.978 0.978 0.979 0.978 0.979 0.979 0.979 0.979 0.980 0.980 0.980 0.980 0.981 0.981 0.981 0.981 0.981 0.981 0.981 0.982 0.982 0.982 0.983 0.983 0.983 0.983 0.984 0.984 0.985 0.985 0.985 0.985 0.985 0.985 0.985 0.985 0.985 0.985 0.985 0.985 0.985 0.985 0.985 0.985 0.985 0.986 0.985 0.986 0.986 0.985 0.985 0.986 0.985 0.985 0.986 0.986 0.986 0.985 0.986 0.985 0.985 0.985 0.985 0.985 0.985 0.985 0.985 0.985 0.985 0.985 0.985 0.985 0.985 0.985 0.985 0.986 0.985 0.986 0.986 0.985 0.986 0.985 0.985 0.985 0.986 0.986 0.986 0.985 0.985 0.985 0.985 0.986 0.985 0.985 0.985 0.985 0.985 0.985 0.985 0.985 0.984 0.984 0.984 0.984 0.984 0.984 0.984 0.984 0.983 0.983 0.983 0.983 0.983 0.983 0.983 0.982 0.982 0.982 0.983 0.983 0.981 0.981 0.981 0.980 0.979 0.979 0.978 0.978 0.978 0.977 0.977 0.978 0.977 0.977 0.977 0.976 0.976 0.974 0.973 0.973 0.969 0.965 0.963 0.964 0.963 0.963 0.959 0.946 0.938 0.929 0.892 0.908 0.918 0.900 0.879 0.907 0.907 0.902 0.903 0.897 0.911 0.941 0.954 0.954 0.951 0.953 0.953 0.955 0.953 0.948 0.951 0.943 0.941 0.956 0.957 0.948 0.954 0.938 0.943 0.919 0.941 0.933 0.918 0.915 0.905 0.907 0.888 0.832 0.770 0.941 0.945 0.947 0.957 0.940 0.925 0.811 0.898 0.496 0.689 0.302 0.479 0.512 0.750 0.918 0.915 0.928 0.941 0.901 0.904 0.913 0.926 0.944 0.950 0.949 0.944 0.945 0.950 0.938 0.927 0.812 0.744 0.690 0.672 0.575 0.627 0.603 0.532 0.570 0.553 0.558 0.560 0.475 0.590 0.407 0.446 0.645 0.775 0.802 0.853 0.883 0.906 0.912 0.921 0.934 0.938 0.942 0.946 0.949 0.957 0.956 0.953 0.954 0.952 0.950 0.953 0.957 0.959 0.952 0.952 0.958 0.957 0.958 0.954 0.948 0.952 0.950 0.954 0.957 0.958 0.959 0.963 0.962 0.966 0.968 0.968 0.968 0.969 0.969 0.969 0.965 0.968 0.970 0.973 0.972 0.971 0.971 0.971 0.970 0.971 0.971 0.971 0.972 0.974 0.972 0.971 0.968 0.969 0.966 0.960 0.953 0.944 0.939 0.932 0.932 0.935 0.923 0.900 0.877 0.859 0.847 0.866 0.900 0.889 0.887 0.869 0.853 0.819 0.820 0.795 0.766 0.819 0.828 0.808 0.807
>8q8v
0.915 0.914 0.930 0.928 0.935 0.937 0.943 0.945 0.946 0.946 0.947 0.948 0.949 0.948 0.955 0.957 0.959 0.959 0.962 0.963 0.965 0.965 0.967 0.966 0.969 0.966 0.969 0.969 0.972 0.973 0.972 0.974 0.974 0.975 0.976 0.977 0.977 0.979 0.979 0.979 0.979 0.978 0.977 0.977 0.978 0.978 0.979 0.979 0.979 0.979 0.979 0.979 0.978 0.978 0.978 0.977 0.977 0.977 0.978 0.978 0.979 0.978 0.979 0.979 0.979 0.979 0.980 0.980 0.980 0.980 0.981 0.981 0.981 0.981 0.981 0.981 0.981 0.982 0.982 0.982 0.983 0.983 0.983 0.983 0.984 0.984 0.985 0.985 0.985 0.985 0.985 0.985 0.985 0.985 0.985 0.985 0.985 0.985 0.985 0.985 0.985 0.985 0.985 0.986 0.985 0.986 0.986 0.985 0.985 0.986 0.985 0.985 0.986 0.986 0.986 0.985 0.986 0.985 0.985 0.985 0.985 0.985 0.985 0.985 0.985 0.985 0.985 0.985 0.985 0.985 0.985 0.985 0.985 0.986 0.985 0.986 0.986 0.985 0.986 0.985 0.985 0.985 0.986 0.986 0.986 0.985 0.985 0.985 0.985 0.986 0.985 0.985 0.985 0.985 0.985 0.985 0.985 0.985 0.984 0.984 0.984 0.984 0.984 0.984 0.984 0.984 0.983 0.983 0.983 0.983 0.983 0.983 0.983 0.982 0.982 0.982 0.983 0.983 0.981 0.981 0.981 0.980 0.979 0.979 0.978 0.978 0.978 0.977 0.977 0.978 0.977 0.977 0.977 0.976 0.976 0.974 0.973 0.973 0.969 0.965 0.963 0.964 0.963 0.963 0.959 0.946 0.938 0.929 0.892 0.908 0.918 0.900 0.879 0.907 0.907 0.902 0.903 0.897 0.911 0.941 0.954 0.954 0.951 0.953 0.953 0.955 0.953 0.948 0.951 0.943 0.941 0.956 0.957 0.948 0.954 0.938 0.943 0.919 0.941 0.933 0.918 0.915 0.905 0.907 0.888 0.832 0.770 0.941 0.945 0.947 0.957 0.940 0.925 0.811 0.898 0.496 0.689 0.302 0.479 0.512 0.750 0.918 0.915 0.928 0.941 0.901 0.904 0.913 0.926 0.944 0.950 0.949 0.944 0.945 0.950 0.938 0.927 0.812 0.744 0.690 0.672 0.575 0.627 0.603 0.532 0.570 0.553 0.558 0.560 0.475 0.590 0.407 0.446 0.645 0.775 0.802 0.853 0.883 0.906 0.912 0.921 0.934 0.938 0.942 0.946 0.949 0.957 0.956 0.953 0.954 0.952 0.950 0.953 0.957 0.959 0.952 0.952 0.958 0.957 0.958 0.954 0.948 0.952 0.950 0.954 0.957 0.958 0.959 0.963 0.962 0.966 0.968 0.968 0.968 0.969 0.969 0.969 0.965 0.968 0.970 0.973 0.972 0.971 0.971 0.971 0.970 0.971 0.971 0.971 0.972 0.974 0.972 0.971 0.968 0.969 0.966 0.960 0.953 0.944 0.939 0.932 0.932 0.935 0.923 0.900 0.877 0.859 0.847 0.866 0.900 0.889 0.887 0.869 0.853 0.819 0.820 0.795 0.766 0.819 0.828 0.808 0.807
>8q8w
0.915 0.914 0.930 0.928 0.935 0.937 0.943 0.945 0.946 0.946 0.947 0.948 0.949 0.948 0.955 0.957 0.959 0.959 0.962 0.963 0.965 0.965 0.967 0.966 0.969 0.966 0.969 0.969 0.972 0.973 0.972 0.974 0.974 0.975 0.976 0.977 0.977 0.979 0.979 0.979 0.979 0.978 0.977 0.977 0.978 0.978 0.979 0.979 0.979 0.979 0.979 0.979 0.978 0.978 0.978 0.977 0.977 0.977 0.978 0.978 0.979 0.978 0.979 0.979 0.979 0.979 0.980 0.980 0.980 0.980 0.981 0.981 0.981 0.981 0.981 0.981 0.981 0.982 0.982 0.982 0.983 0.983 0.983 0.983 0.984 0.984 0.985 0.985 0.985 0.985 0.985 0.985 0.985 0.985 0.985 0.985 0.985 0.985 0.985 0.985 0.985 0.985 0.985 0.986 0.985 0.986 0.986 0.985 0.985 0.986 0.985 0.985 0.986 0.986 0.986 0.985 0.986 0.985 0.985 0.985 0.985 0.985 0.985 0.985 0.985 0.985 0.985 0.985 0.985 0.985 0.985 0.985 0.985 0.986 0.985 0.986 0.986 0.985 0.986 0.985 0.985 0.985 0.986 0.986 0.986 0.985 0.985 0.985 0.985 0.986 0.985 0.985 0.985 0.985 0.985 0.985 0.985 0.985 0.984 0.984 0.984 0.984 0.984 0.984 0.984 0.984 0.983 0.983 0.983 0.983 0.983 0.983 0.983 0.982 0.982 0.982 0.983 0.983 0.981 0.981 0.981 0.980 0.979 0.979 0.978 0.978 0.978 0.977 0.977 0.978 0.977 0.977 0.977 0.976 0.976 0.974 0.973 0.973 0.969 0.965 0.963 0.964 0.963 0.963 0.959 0.946 0.938 0.929 0.892 0.908 0.918 0.900 0.879 0.907 0.907 0.902 0.903 0.897 0.911 0.941 0.954 0.954 0.951 0.953 0.953 0.955 0.953 0.948 0.951 0.943 0.941 0.956 0.957 0.948 0.954 0.938 0.943 0.919 0.941 0.933 0.918 0.915 0.905 0.907 0.888 0.832 0.770 0.941 0.945 0.947 0.957 0.940 0.925 0.811 0.898 0.496 0.689 0.302 0.479 0.512 0.750 0.918 0.915 0.928 0.941 0.901 0.904 0.913 0.926 0.944 0.950 0.949 0.944 0.945 0.950 0.938 0.927 0.812 0.744 0.690 0.672 0.575 0.627 0.603 0.532 0.570 0.553 0.558 0.560 0.475 0.590 0.407 0.446 0.645 0.775 0.802 0.853 0.883 0.906 0.912 0.921 0.934 0.938 0.942 0.946 0.949 0.957 0.956 0.953 0.954 0.952 0.950 0.953 0.957 0.959 0.952 0.952 0.958 0.957 0.958 0.954 0.948 0.952 0.950 0.954 0.957 0.958 0.959 0.963 0.962 0.966 0.968 0.968 0.968 0.969 0.969 0.969 0.965 0.968 0.970 0.973 0.972 0.971 0.971 0.971 0.970 0.971 0.971 0.971 0.972 0.974 0.972 0.971 0.968 0.969 0.966 0.960 0.953 0.944 0.939 0.932 0.932 0.935 0.923 0.900 0.877 0.859 0.847 0.866 0.900 0.889 0.887 0.869 0.853 0.819 0.820 0.795 0.766 0.819 0.828 0.808 0.807
>8q8x
0.915 0.914 0.930 0.928 0.935 0.937 0.943 0.945 0.946 0.946 0.947 0.948 0.949 0.948 0.955 0.957 0.959 0.959 0.962 0.963 0.965 0.965 0.967 0.966 0.969 0.966 0.969 0.969 0.972 0.973 0.972 0.974 0.974 0.975 0.976 0.977 0.977 0.979 0.979 0.979 0.979 0.978 0.977 0.977 0.978 0.978 0.979 0.979 0.979 0.979 0.979 0.979 0.978 0.978 0.978 0.977 0.977 0.977 0.978 0.978 0.979 0.978 0.979 0.979 0.979 0.979 0.980 0.980 0.980 0.980 0.981 0.981 0.981 0.981 0.981 0.981 0.981 0.982 0.982 0.982 0.983 0.983 0.983 0.983 0.984 0.984 0.985 0.985 0.985 0.985 0.985 0.985 0.985 0.985 0.985 0.985 0.985 0.985 0.985 0.985 0.985 0.985 0.985 0.986 0.985 0.986 0.986 0.985 0.985 0.986 0.985 0.985 0.986 0.986 0.986 0.985 0.986 0.985 0.985 0.985 0.985 0.985 0.985 0.985 0.985 0.985 0.985 0.985 0.985 0.985 0.985 0.985 0.985 0.986 0.985 0.986 0.986 0.985 0.986 0.985 0.985 0.985 0.986 0.986 0.986 0.985 0.985 0.985 0.985 0.986 0.985 0.985 0.985 0.985 0.985 0.985 0.985 0.985 0.984 0.984 0.984 0.984 0.984 0.984 0.984 0.984 0.983 0.983 0.983 0.983 0.983 0.983 0.983 0.982 0.982 0.982 0.983 0.983 0.981 0.981 0.981 0.980 0.979 0.979 0.978 0.978 0.978 0.977 0.977 0.978 0.977 0.977 0.977 0.976 0.976 0.974 0.973 0.973 0.969 0.965 0.963 0.964 0.963 0.963 0.959 0.946 0.938 0.929 0.892 0.908 0.918 0.900 0.879 0.907 0.907 0.902 0.903 0.897 0.911 0.941 0.954 0.954 0.951 0.953 0.953 0.955 0.953 0.948 0.951 0.943 0.941 0.956 0.957 0.948 0.954 0.938 0.943 0.919 0.941 0.933 0.918 0.915 0.905 0.907 0.888 0.832 0.770 0.941 0.945 0.947 0.957 0.940 0.925 0.811 0.898 0.496 0.689 0.302 0.479 0.512 0.750 0.918 0.915 0.928 0.941 0.901 0.904 0.913 0.926 0.944 0.950 0.949 0.944 0.945 0.950 0.938 0.927 0.812 0.744 0.690 0.672 0.575 0.627 0.603 0.532 0.570 0.553 0.558 0.560 0.475 0.590 0.407 0.446 0.645 0.775 0.802 0.853 0.883 0.906 0.912 0.921 0.934 0.938 0.942 0.946 0.949 0.957 0.956 0.953 0.954 0.952 0.950 0.953 0.957 0.959 0.952 0.952 0.958 0.957 0.958 0.954 0.948 0.952 0.950 0.954 0.957 0.958 0.959 0.963 0.962 0.966 0.968 0.968 0.968 0.969 0.969 0.969 0.965 0.968 0.970 0.973 0.972 0.971 0.971 0.971 0.970 0.971 0.971 0.971 0.972 0.974 0.972 0.971 0.968 0.969 0.966 0.960 0.953 0.944 0.939 0.932 0.932 0.935 0.923 0.900 0.877 0.859 0.847 0.866 0.900 0.889 0.887 0.869 0.853 0.819 0.820 0.795 0.766 0.819 0.828 0.808 0.807
>8q8y
0.915 0.914 0.930 0.928 0.935 0.937 0.943 0.945 0.946 0.946 0.947 0.948 0.949 0.948 0.955 0.957 0.959 0.959 0.962 0.963 0.965 0.965 0.967 0.966 0.969 0.966 0.969 0.969 0.972 0.973 0.972 0.974 0.974 0.975 0.976 0.977 0.977 0.979 0.979 0.979 0.979 0.978 0.977 0.977 0.978 0.978 0.979 0.979 0.979 0.979 0.979 0.979 0.978 0.978 0.978 0.977 0.977 0.977 0.978 0.978 0.979 0.978 0.979 0.979 0.979 0.979 0.980 0.980 0.980 0.980 0.981 0.981 0.981 0.981 0.981 0.981 0.981 0.982 0.982 0.982 0.983 0.983 0.983 0.983 0.984 0.984 0.985 0.985 0.985 0.985 0.985 0.985 0.985 0.985 0.985 0.985 0.985 0.985 0.985 0.985 0.985 0.985 0.985 0.986 0.985 0.986 0.986 0.985 0.985 0.986 0.985 0.985 0.986 0.986 0.986 0.985 0.986 0.985 0.985 0.985 0.985 0.985 0.985 0.985 0.985 0.985 0.985 0.985 0.985 0.985 0.985 0.985 0.985 0.986 0.985 0.986 0.986 0.985 0.986 0.985 0.985 0.985 0.986 0.986 0.986 0.985 0.985 0.985 0.985 0.986 0.985 0.985 0.985 0.985 0.985 0.985 0.985 0.985 0.984 0.984 0.984 0.984 0.984 0.984 0.984 0.984 0.983 0.983 0.983 0.983 0.983 0.983 0.983 0.982 0.982 0.982 0.983 0.983 0.981 0.981 0.981 0.980 0.979 0.979 0.978 0.978 0.978 0.977 0.977 0.978 0.977 0.977 0.977 0.976 0.976 0.974 0.973 0.973 0.969 0.965 0.963 0.964 0.963 0.963 0.959 0.946 0.938 0.929 0.892 0.908 0.918 0.900 0.879 0.907 0.907 0.902 0.903 0.897 0.911 0.941 0.954 0.954 0.951 0.953 0.953 0.955 0.953 0.948 0.951 0.943 0.941 0.956 0.957 0.948 0.954 0.938 0.943 0.919 0.941 0.933 0.918 0.915 0.905 0.907 0.888 0.832 0.770 0.941 0.945 0.947 0.957 0.940 0.925 0.811 0.898 0.496 0.689 0.302 0.479 0.512 0.750 0.918 0.915 0.928 0.941 0.901 0.904 0.913 0.926 0.944 0.950 0.949 0.944 0.945 0.950 0.938 0.927 0.812 0.744 0.690 0.672 0.575 0.627 0.603 0.532 0.570 0.553 0.558 0.560 0.475 0.590 0.407 0.446 0.645 0.775 0.802 0.853 0.883 0.906 0.912 0.921 0.934 0.938 0.942 0.946 0.949 0.957 0.956 0.953 0.954 0.952 0.950 0.953 0.957 0.959 0.952 0.952 0.958 0.957 0.958 0.954 0.948 0.952 0.950 0.954 0.957 0.958 0.959 0.963 0.962 0.966 0.968 0.968 0.968 0.969 0.969 0.969 0.965 0.968 0.970 0.973 0.972 0.971 0.971 0.971 0.970 0.971 0.971 0.971 0.972 0.974 0.972 0.971 0.968 0.969 0.966 0.960 0.953 0.944 0.939 0.932 0.932 0.935 0.923 0.900 0.877 0.859 0.847 0.866 0.900 0.889 0.887 0.869 0.853 0.819 0.820 0.795 0.766 0.819 0.828 0.808 0.807
>8q8z
0.915 0.914 0.930 0.928 0.935 0.937 0.943 0.945 0.946 0.946 0.947 0.948 0.949 0.948 0.955 0.957 0.959 0.959 0.962 0.963 0.965 0.965 0.967 0.966 0.969 0.966 0.969 0.969 0.972 0.973 0.972 0.974 0.974 0.975 0.976 0.977 0.977 0.979 0.979 0.979 0.979 0.978 0.977 0.977 0.978 0.978 0.979 0.979 0.979 0.979 0.979 0.979 0.978 0.978 0.978 0.977 0.977 0.977 0.978 0.978 0.979 0.978 0.979 0.979 0.979 0.979 0.980 0.980 0.980 0.980 0.981 0.981 0.981 0.981 0.981 0.981 0.981 0.982 0.982 0.982 0.983 0.983 0.983 0.983 0.984 0.984 0.985 0.985 0.985 0.985 0.985 0.985 0.985 0.985 0.985 0.985 0.985 0.985 0.985 0.985 0.985 0.985 0.985 0.986 0.985 0.986 0.986 0.985 0.985 0.986 0.985 0.985 0.986 0.986 0.986 0.985 0.986 0.985 0.985 0.985 0.985 0.985 0.985 0.985 0.985 0.985 0.985 0.985 0.985 0.985 0.985 0.985 0.985 0.986 0.985 0.986 0.986 0.985 0.986 0.985 0.985 0.985 0.986 0.986 0.986 0.985 0.985 0.985 0.985 0.986 0.985 0.985 0.985 0.985 0.985 0.985 0.985 0.985 0.984 0.984 0.984 0.984 0.984 0.984 0.984 0.984 0.983 0.983 0.983 0.983 0.983 0.983 0.983 0.982 0.982 0.982 0.983 0.983 0.981 0.981 0.981 0.980 0.979 0.979 0.978 0.978 0.978 0.977 0.977 0.978 0.977 0.977 0.977 0.976 0.976 0.974 0.973 0.973 0.969 0.965 0.963 0.964 0.963 0.963 0.959 0.946 0.938 0.929 0.892 0.908 0.918 0.900 0.879 0.907 0.907 0.902 0.903 0.897 0.911 0.941 0.954 0.954 0.951 0.953 0.953 0.955 0.953 0.948 0.951 0.943 0.941 0.956 0.957 0.948 0.954 0.938 0.943 0.919 0.941 0.933 0.918 0.915 0.905 0.907 0.888 0.832 0.770 0.941 0.945 0.947 0.957 0.940 0.925 0.811 0.898 0.496 0.689 0.302 0.479 0.512 0.750 0.918 0.915 0.928 0.941 0.901 0.904 0.913 0.926 0.944 0.950 0.949 0.944 0.945 0.950 0.938 0.927 0.812 0.744 0.690 0.672 0.575 0.627 0.603 0.532 0.570 0.553 0.558 0.560 0.475 0.590 0.407 0.446 0.645 0.775 0.802 0.853 0.883 0.906 0.912 0.921 0.934 0.938 0.942 0.946 0.949 0.957 0.956 0.953 0.954 0.952 0.950 0.953 0.957 0.959 0.952 0.952 0.958 0.957 0.958 0.954 0.948 0.952 0.950 0.954 0.957 0.958 0.959 0.963 0.962 0.966 0.968 0.968 0.968 0.969 0.969 0.969 0.965 0.968 0.970 0.973 0.972 0.971 0.971 0.971 0.970 0.971 0.971 0.971 0.972 0.974 0.972 0.971 0.968 0.969 0.966 0.960 0.953 0.944 0.939 0.932 0.932 0.935 0.923 0.900 0.877 0.859 0.847 0.866 0.900 0.889 0.887 0.869 0.853 0.819 0.820 0.795 0.766 0.819 0.828 0.808 0.807
>8q92
0.596 0.717 0.691 0.826 0.836 0.752 0.802 0.801 0.740 0.742 0.820 0.805 0.681 0.740 0.757 0.562 0.509 0.528 0.574 0.593 0.658 0.703 0.728 0.752 0.723 0.743 0.690 0.788 0.752 0.801 0.774 0.763 0.703 0.671 0.656 0.625 0.619 0.625 0.536 0.543 0.500 0.490 0.507 0.494 0.452 0.400 0.436 0.435 0.470 0.494 0.537 0.565 0.600 0.633 0.658 0.632 0.691 0.744 0.756 0.825 0.844 0.844 0.897 0.907 0.919 0.910 0.889 0.874 0.871 0.866 0.855 0.863 0.865 0.862 0.861 0.832 0.802 0.799 0.779 0.775 0.752 0.744 0.751 0.767 0.773 0.762 0.762 0.798 0.859 0.845 0.881 0.899 0.926 0.948
>8q96
0.640 0.783 0.718 0.770 0.777 0.780 0.763 0.793 0.765 0.761 0.771 0.771 0.779 0.731 0.710 0.650 0.673 0.739 0.756 0.767 0.784 0.798 0.815 0.821 0.861 0.867 0.900 0.917 0.911 0.918 0.916 0.920 0.919 0.904 0.901 0.891 0.886 0.873 0.848 0.837 0.838 0.782 0.756 0.740 0.736 0.723 0.725 0.732 0.760 0.812 0.834 0.853 0.843 0.849 0.815 0.889
>8q97
0.915 0.914 0.930 0.928 0.935 0.937 0.943 0.945 0.946 0.946 0.947 0.948 0.949 0.948 0.955 0.957 0.959 0.959 0.962 0.963 0.965 0.965 0.967 0.966 0.969 0.966 0.969 0.969 0.972 0.973 0.972 0.974 0.974 0.975 0.976 0.977 0.977 0.979 0.979 0.979 0.979 0.978 0.977 0.977 0.978 0.978 0.979 0.979 0.979 0.979 0.979 0.979 0.978 0.978 0.978 0.977 0.977 0.977 0.978 0.978 0.979 0.978 0.979 0.979 0.979 0.979 0.980 0.980 0.980 0.980 0.981 0.981 0.981 0.981 0.981 0.981 0.981 0.982 0.982 0.982 0.983 0.983 0.983 0.983 0.984 0.984 0.985 0.985 0.985 0.985 0.985 0.985 0.985 0.985 0.985 0.985 0.985 0.985 0.985 0.985 0.985 0.985 0.985 0.986 0.985 0.986 0.986 0.985 0.985 0.986 0.985 0.985 0.986 0.986 0.986 0.985 0.986 0.985 0.985 0.985 0.985 0.985 0.985 0.985 0.985 0.985 0.985 0.985 0.985 0.985 0.985 0.985 0.985 0.986 0.985 0.986 0.986 0.985 0.986 0.985 0.985 0.985 0.986 0.986 0.986 0.985 0.985 0.985 0.985 0.986 0.985 0.985 0.985 0.985 0.985 0.985 0.985 0.985 0.984 0.984 0.984 0.984 0.984 0.984 0.984 0.984 0.983 0.983 0.983 0.983 0.983 0.983 0.983 0.982 0.982 0.982 0.983 0.983 0.981 0.981 0.981 0.980 0.979 0.979 0.978 0.978 0.978 0.977 0.977 0.978 0.977 0.977 0.977 0.976 0.976 0.974 0.973 0.973 0.969 0.965 0.963 0.964 0.963 0.963 0.959 0.946 0.938 0.929 0.892 0.908 0.918 0.900 0.879 0.907 0.907 0.902 0.903 0.897 0.911 0.941 0.954 0.954 0.951 0.953 0.953 0.955 0.953 0.948 0.951 0.943 0.941 0.956 0.957 0.948 0.954 0.938 0.943 0.919 0.941 0.933 0.918 0.915 0.905 0.907 0.888 0.832 0.770 0.941 0.945 0.947 0.957 0.940 0.925 0.811 0.898 0.496 0.689 0.302 0.479 0.512 0.750 0.918 0.915 0.928 0.941 0.901 0.904 0.913 0.926 0.944 0.950 0.949 0.944 0.945 0.950 0.938 0.927 0.812 0.744 0.690 0.672 0.575 0.627 0.603 0.532 0.570 0.553 0.558 0.560 0.475 0.590 0.407 0.446 0.645 0.775 0.802 0.853 0.883 0.906 0.912 0.921 0.934 0.938 0.942 0.946 0.949 0.957 0.956 0.953 0.954 0.952 0.950 0.953 0.957 0.959 0.952 0.952 0.958 0.957 0.958 0.954 0.948 0.952 0.950 0.954 0.957 0.958 0.959 0.963 0.962 0.966 0.968 0.968 0.968 0.969 0.969 0.969 0.965 0.968 0.970 0.973 0.972 0.971 0.971 0.971 0.970 0.971 0.971 0.971 0.972 0.974 0.972 0.971 0.968 0.969 0.966 0.960 0.953 0.944 0.939 0.932 0.932 0.935 0.923 0.900 0.877 0.859 0.847 0.866 0.900 0.889 0.887 0.869 0.853 0.819 0.820 0.795 0.766 0.819 0.828 0.808 0.807
>8q98
0.915 0.914 0.930 0.928 0.935 0.937 0.943 0.945 0.946 0.946 0.947 0.948 0.949 0.948 0.955 0.957 0.959 0.959 0.962 0.963 0.965 0.965 0.967 0.966 0.969 0.966 0.969 0.969 0.972 0.973 0.972 0.974 0.974 0.975 0.976 0.977 0.977 0.979 0.979 0.979 0.979 0.978 0.977 0.977 0.978 0.978 0.979 0.979 0.979 0.979 0.979 0.979 0.978 0.978 0.978 0.977 0.977 0.977 0.978 0.978 0.979 0.978 0.979 0.979 0.979 0.979 0.980 0.980 0.980 0.980 0.981 0.981 0.981 0.981 0.981 0.981 0.981 0.982 0.982 0.982 0.983 0.983 0.983 0.983 0.984 0.984 0.985 0.985 0.985 0.985 0.985 0.985 0.985 0.985 0.985 0.985 0.985 0.985 0.985 0.985 0.985 0.985 0.985 0.986 0.985 0.986 0.986 0.985 0.985 0.986 0.985 0.985 0.986 0.986 0.986 0.985 0.986 0.985 0.985 0.985 0.985 0.985 0.985 0.985 0.985 0.985 0.985 0.985 0.985 0.985 0.985 0.985 0.985 0.986 0.985 0.986 0.986 0.985 0.986 0.985 0.985 0.985 0.986 0.986 0.986 0.985 0.985 0.985 0.985 0.986 0.985 0.985 0.985 0.985 0.985 0.985 0.985 0.985 0.984 0.984 0.984 0.984 0.984 0.984 0.984 0.984 0.983 0.983 0.983 0.983 0.983 0.983 0.983 0.982 0.982 0.982 0.983 0.983 0.981 0.981 0.981 0.980 0.979 0.979 0.978 0.978 0.978 0.977 0.977 0.978 0.977 0.977 0.977 0.976 0.976 0.974 0.973 0.973 0.969 0.965 0.963 0.964 0.963 0.963 0.959 0.946 0.938 0.929 0.892 0.908 0.918 0.900 0.879 0.907 0.907 0.902 0.903 0.897 0.911 0.941 0.954 0.954 0.951 0.953 0.953 0.955 0.953 0.948 0.951 0.943 0.941 0.956 0.957 0.948 0.954 0.938 0.943 0.919 0.941 0.933 0.918 0.915 0.905 0.907 0.888 0.832 0.770 0.941 0.945 0.947 0.957 0.940 0.925 0.811 0.898 0.496 0.689 0.302 0.479 0.512 0.750 0.918 0.915 0.928 0.941 0.901 0.904 0.913 0.926 0.944 0.950 0.949 0.944 0.945 0.950 0.938 0.927 0.812 0.744 0.690 0.672 0.575 0.627 0.603 0.532 0.570 0.553 0.558 0.560 0.475 0.590 0.407 0.446 0.645 0.775 0.802 0.853 0.883 0.906 0.912 0.921 0.934 0.938 0.942 0.946 0.949 0.957 0.956 0.953 0.954 0.952 0.950 0.953 0.957 0.959 0.952 0.952 0.958 0.957 0.958 0.954 0.948 0.952 0.950 0.954 0.957 0.958 0.959 0.963 0.962 0.966 0.968 0.968 0.968 0.969 0.969 0.969 0.965 0.968 0.970 0.973 0.972 0.971 0.971 0.971 0.970 0.971 0.971 0.971 0.972 0.974 0.972 0.971 0.968 0.969 0.966 0.960 0.953 0.944 0.939 0.932 0.932 0.935 0.923 0.900 0.877 0.859 0.847 0.866 0.900 0.889 0.887 0.869 0.853 0.819 0.820 0.795 0.766 0.819 0.828 0.808 0.807
>8q99
0.915 0.914 0.930 0.928 0.935 0.937 0.943 0.945 0.946 0.946 0.947 0.948 0.949 0.948 0.955 0.957 0.959 0.959 0.962 0.963 0.965 0.965 0.967 0.966 0.969 0.966 0.969 0.969 0.972 0.973 0.972 0.974 0.974 0.975 0.976 0.977 0.977 0.979 0.979 0.979 0.979 0.978 0.977 0.977 0.978 0.978 0.979 0.979 0.979 0.979 0.979 0.979 0.978 0.978 0.978 0.977 0.977 0.977 0.978 0.978 0.979 0.978 0.979 0.979 0.979 0.979 0.980 0.980 0.980 0.980 0.981 0.981 0.981 0.981 0.981 0.981 0.981 0.982 0.982 0.982 0.983 0.983 0.983 0.983 0.984 0.984 0.985 0.985 0.985 0.985 0.985 0.985 0.985 0.985 0.985 0.985 0.985 0.985 0.985 0.985 0.985 0.985 0.985 0.986 0.985 0.986 0.986 0.985 0.985 0.986 0.985 0.985 0.986 0.986 0.986 0.985 0.986 0.985 0.985 0.985 0.985 0.985 0.985 0.985 0.985 0.985 0.985 0.985 0.985 0.985 0.985 0.985 0.985 0.986 0.985 0.986 0.986 0.985 0.986 0.985 0.985 0.985 0.986 0.986 0.986 0.985 0.985 0.985 0.985 0.986 0.985 0.985 0.985 0.985 0.985 0.985 0.985 0.985 0.984 0.984 0.984 0.984 0.984 0.984 0.984 0.984 0.983 0.983 0.983 0.983 0.983 0.983 0.983 0.982 0.982 0.982 0.983 0.983 0.981 0.981 0.981 0.980 0.979 0.979 0.978 0.978 0.978 0.977 0.977 0.978 0.977 0.977 0.977 0.976 0.976 0.974 0.973 0.973 0.969 0.965 0.963 0.964 0.963 0.963 0.959 0.946 0.938 0.929 0.892 0.908 0.918 0.900 0.879 0.907 0.907 0.902 0.903 0.897 0.911 0.941 0.954 0.954 0.951 0.953 0.953 0.955 0.953 0.948 0.951 0.943 0.941 0.956 0.957 0.948 0.954 0.938 0.943 0.919 0.941 0.933 0.918 0.915 0.905 0.907 0.888 0.832 0.770 0.941 0.945 0.947 0.957 0.940 0.925 0.811 0.898 0.496 0.689 0.302 0.479 0.512 0.750 0.918 0.915 0.928 0.941 0.901 0.904 0.913 0.926 0.944 0.950 0.949 0.944 0.945 0.950 0.938 0.927 0.812 0.744 0.690 0.672 0.575 0.627 0.603 0.532 0.570 0.553 0.558 0.560 0.475 0.590 0.407 0.446 0.645 0.775 0.802 0.853 0.883 0.906 0.912 0.921 0.934 0.938 0.942 0.946 0.949 0.957 0.956 0.953 0.954 0.952 0.950 0.953 0.957 0.959 0.952 0.952 0.958 0.957 0.958 0.954 0.948 0.952 0.950 0.954 0.957 0.958 0.959 0.963 0.962 0.966 0.968 0.968 0.968 0.969 0.969 0.969 0.965 0.968 0.970 0.973 0.972 0.971 0.971 0.971 0.970 0.971 0.971 0.971 0.972 0.974 0.972 0.971 0.968 0.969 0.966 0.960 0.953 0.944 0.939 0.932 0.932 0.935 0.923 0.900 0.877 0.859 0.847 0.866 0.900 0.889 0.887 0.869 0.853 0.819 0.820 0.795 0.766 0.819 0.828 0.808 0.807
>8q9a
0.915 0.914 0.930 0.928 0.935 0.937 0.943 0.945 0.946 0.946 0.947 0.948 0.949 0.948 0.955 0.957 0.959 0.959 0.962 0.963 0.965 0.965 0.967 0.966 0.969 0.966 0.969 0.969 0.972 0.973 0.972 0.974 0.974 0.975 0.976 0.977 0.977 0.979 0.979 0.979 0.979 0.978 0.977 0.977 0.978 0.978 0.979 0.979 0.979 0.979 0.979 0.979 0.978 0.978 0.978 0.977 0.977 0.977 0.978 0.978 0.979 0.978 0.979 0.979 0.979 0.979 0.980 0.980 0.980 0.980 0.981 0.981 0.981 0.981 0.981 0.981 0.981 0.982 0.982 0.982 0.983 0.983 0.983 0.983 0.984 0.984 0.985 0.985 0.985 0.985 0.985 0.985 0.985 0.985 0.985 0.985 0.985 0.985 0.985 0.985 0.985 0.985 0.985 0.986 0.985 0.986 0.986 0.985 0.985 0.986 0.985 0.985 0.986 0.986 0.986 0.985 0.986 0.985 0.985 0.985 0.985 0.985 0.985 0.985 0.985 0.985 0.985 0.985 0.985 0.985 0.985 0.985 0.985 0.986 0.985 0.986 0.986 0.985 0.986 0.985 0.985 0.985 0.986 0.986 0.986 0.985 0.985 0.985 0.985 0.986 0.985 0.985 0.985 0.985 0.985 0.985 0.985 0.985 0.984 0.984 0.984 0.984 0.984 0.984 0.984 0.984 0.983 0.983 0.983 0.983 0.983 0.983 0.983 0.982 0.982 0.982 0.983 0.983 0.981 0.981 0.981 0.980 0.979 0.979 0.978 0.978 0.978 0.977 0.977 0.978 0.977 0.977 0.977 0.976 0.976 0.974 0.973 0.973 0.969 0.965 0.963 0.964 0.963 0.963 0.959 0.946 0.938 0.929 0.892 0.908 0.918 0.900 0.879 0.907 0.907 0.902 0.903 0.897 0.911 0.941 0.954 0.954 0.951 0.953 0.953 0.955 0.953 0.948 0.951 0.943 0.941 0.956 0.957 0.948 0.954 0.938 0.943 0.919 0.941 0.933 0.918 0.915 0.905 0.907 0.888 0.832 0.770 0.941 0.945 0.947 0.957 0.940 0.925 0.811 0.898 0.496 0.689 0.302 0.479 0.512 0.750 0.918 0.915 0.928 0.941 0.901 0.904 0.913 0.926 0.944 0.950 0.949 0.944 0.945 0.950 0.938 0.927 0.812 0.744 0.690 0.672 0.575 0.627 0.603 0.532 0.570 0.553 0.558 0.560 0.475 0.590 0.407 0.446 0.645 0.775 0.802 0.853 0.883 0.906 0.912 0.921 0.934 0.938 0.942 0.946 0.949 0.957 0.956 0.953 0.954 0.952 0.950 0.953 0.957 0.959 0.952 0.952 0.958 0.957 0.958 0.954 0.948 0.952 0.950 0.954 0.957 0.958 0.959 0.963 0.962 0.966 0.968 0.968 0.968 0.969 0.969 0.969 0.965 0.968 0.970 0.973 0.972 0.971 0.971 0.971 0.970 0.971 0.971 0.971 0.972 0.974 0.972 0.971 0.968 0.969 0.966 0.960 0.953 0.944 0.939 0.932 0.932 0.935 0.923 0.900 0.877 0.859 0.847 0.866 0.900 0.889 0.887 0.869 0.853 0.819 0.820 0.795 0.766 0.819 0.828 0.808 0.807
>8q9b
0.915 0.914 0.930 0.928 0.935 0.937 0.943 0.945 0.946 0.946 0.947 0.948 0.949 0.948 0.955 0.957 0.959 0.959 0.962 0.963 0.965 0.965 0.967 0.966 0.969 0.966 0.969 0.969 0.972 0.973 0.972 0.974 0.974 0.975 0.976 0.977 0.977 0.979 0.979 0.979 0.979 0.978 0.977 0.977 0.978 0.978 0.979 0.979 0.979 0.979 0.979 0.979 0.978 0.978 0.978 0.977 0.977 0.977 0.978 0.978 0.979 0.978 0.979 0.979 0.979 0.979 0.980 0.980 0.980 0.980 0.981 0.981 0.981 0.981 0.981 0.981 0.981 0.982 0.982 0.982 0.983 0.983 0.983 0.983 0.984 0.984 0.985 0.985 0.985 0.985 0.985 0.985 0.985 0.985 0.985 0.985 0.985 0.985 0.985 0.985 0.985 0.985 0.985 0.986 0.985 0.986 0.986 0.985 0.985 0.986 0.985 0.985 0.986 0.986 0.986 0.985 0.986 0.985 0.985 0.985 0.985 0.985 0.985 0.985 0.985 0.985 0.985 0.985 0.985 0.985 0.985 0.985 0.985 0.986 0.985 0.986 0.986 0.985 0.986 0.985 0.985 0.985 0.986 0.986 0.986 0.985 0.985 0.985 0.985 0.986 0.985 0.985 0.985 0.985 0.985 0.985 0.985 0.985 0.984 0.984 0.984 0.984 0.984 0.984 0.984 0.984 0.983 0.983 0.983 0.983 0.983 0.983 0.983 0.982 0.982 0.982 0.983 0.983 0.981 0.981 0.981 0.980 0.979 0.979 0.978 0.978 0.978 0.977 0.977 0.978 0.977 0.977 0.977 0.976 0.976 0.974 0.973 0.973 0.969 0.965 0.963 0.964 0.963 0.963 0.959 0.946 0.938 0.929 0.892 0.908 0.918 0.900 0.879 0.907 0.907 0.902 0.903 0.897 0.911 0.941 0.954 0.954 0.951 0.953 0.953 0.955 0.953 0.948 0.951 0.943 0.941 0.956 0.957 0.948 0.954 0.938 0.943 0.919 0.941 0.933 0.918 0.915 0.905 0.907 0.888 0.832 0.770 0.941 0.945 0.947 0.957 0.940 0.925 0.811 0.898 0.496 0.689 0.302 0.479 0.512 0.750 0.918 0.915 0.928 0.941 0.901 0.904 0.913 0.926 0.944 0.950 0.949 0.944 0.945 0.950 0.938 0.927 0.812 0.744 0.690 0.672 0.575 0.627 0.603 0.532 0.570 0.553 0.558 0.560 0.475 0.590 0.407 0.446 0.645 0.775 0.802 0.853 0.883 0.906 0.912 0.921 0.934 0.938 0.942 0.946 0.949 0.957 0.956 0.953 0.954 0.952 0.950 0.953 0.957 0.959 0.952 0.952 0.958 0.957 0.958 0.954 0.948 0.952 0.950 0.954 0.957 0.958 0.959 0.963 0.962 0.966 0.968 0.968 0.968 0.969 0.969 0.969 0.965 0.968 0.970 0.973 0.972 0.971 0.971 0.971 0.970 0.971 0.971 0.971 0.972 0.974 0.972 0.971 0.968 0.969 0.966 0.960 0.953 0.944 0.939 0.932 0.932 0.935 0.923 0.900 0.877 0.859 0.847 0.866 0.900 0.889 0.887 0.869 0.853 0.819 0.820 0.795 0.766 0.819 0.828 0.808 0.807
>8q9c
0.915 0.914 0.930 0.928 0.935 0.937 0.943 0.945 0.946 0.946 0.947 0.948 0.949 0.948 0.955 0.957 0.959 0.959 0.962 0.963 0.965 0.965 0.967 0.966 0.969 0.966 0.969 0.969 0.972 0.973 0.972 0.974 0.974 0.975 0.976 0.977 0.977 0.979 0.979 0.979 0.979 0.978 0.977 0.977 0.978 0.978 0.979 0.979 0.979 0.979 0.979 0.979 0.978 0.978 0.978 0.977 0.977 0.977 0.978 0.978 0.979 0.978 0.979 0.979 0.979 0.979 0.980 0.980 0.980 0.980 0.981 0.981 0.981 0.981 0.981 0.981 0.981 0.982 0.982 0.982 0.983 0.983 0.983 0.983 0.984 0.984 0.985 0.985 0.985 0.985 0.985 0.985 0.985 0.985 0.985 0.985 0.985 0.985 0.985 0.985 0.985 0.985 0.985 0.986 0.985 0.986 0.986 0.985 0.985 0.986 0.985 0.985 0.986 0.986 0.986 0.985 0.986 0.985 0.985 0.985 0.985 0.985 0.985 0.985 0.985 0.985 0.985 0.985 0.985 0.985 0.985 0.985 0.985 0.986 0.985 0.986 0.986 0.985 0.986 0.985 0.985 0.985 0.986 0.986 0.986 0.985 0.985 0.985 0.985 0.986 0.985 0.985 0.985 0.985 0.985 0.985 0.985 0.985 0.984 0.984 0.984 0.984 0.984 0.984 0.984 0.984 0.983 0.983 0.983 0.983 0.983 0.983 0.983 0.982 0.982 0.982 0.983 0.983 0.981 0.981 0.981 0.980 0.979 0.979 0.978 0.978 0.978 0.977 0.977 0.978 0.977 0.977 0.977 0.976 0.976 0.974 0.973 0.973 0.969 0.965 0.963 0.964 0.963 0.963 0.959 0.946 0.938 0.929 0.892 0.908 0.918 0.900 0.879 0.907 0.907 0.902 0.903 0.897 0.911 0.941 0.954 0.954 0.951 0.953 0.953 0.955 0.953 0.948 0.951 0.943 0.941 0.956 0.957 0.948 0.954 0.938 0.943 0.919 0.941 0.933 0.918 0.915 0.905 0.907 0.888 0.832 0.770 0.941 0.945 0.947 0.957 0.940 0.925 0.811 0.898 0.496 0.689 0.302 0.479 0.512 0.750 0.918 0.915 0.928 0.941 0.901 0.904 0.913 0.926 0.944 0.950 0.949 0.944 0.945 0.950 0.938 0.927 0.812 0.744 0.690 0.672 0.575 0.627 0.603 0.532 0.570 0.553 0.558 0.560 0.475 0.590 0.407 0.446 0.645 0.775 0.802 0.853 0.883 0.906 0.912 0.921 0.934 0.938 0.942 0.946 0.949 0.957 0.956 0.953 0.954 0.952 0.950 0.953 0.957 0.959 0.952 0.952 0.958 0.957 0.958 0.954 0.948 0.952 0.950 0.954 0.957 0.958 0.959 0.963 0.962 0.966 0.968 0.968 0.968 0.969 0.969 0.969 0.965 0.968 0.970 0.973 0.972 0.971 0.971 0.971 0.970 0.971 0.971 0.971 0.972 0.974 0.972 0.971 0.968 0.969 0.966 0.960 0.953 0.944 0.939 0.932 0.932 0.935 0.923 0.900 0.877 0.859 0.847 0.866 0.900 0.889 0.887 0.869 0.853 0.819 0.820 0.795 0.766 0.819 0.828 0.808 0.807
>8q9d
0.915 0.914 0.930 0.928 0.935 0.937 0.943 0.945 0.946 0.946 0.947 0.948 0.949 0.948 0.955 0.957 0.959 0.959 0.962 0.963 0.965 0.965 0.967 0.966 0.969 0.966 0.969 0.969 0.972 0.973 0.972 0.974 0.974 0.975 0.976 0.977 0.977 0.979 0.979 0.979 0.979 0.978 0.977 0.977 0.978 0.978 0.979 0.979 0.979 0.979 0.979 0.979 0.978 0.978 0.978 0.977 0.977 0.977 0.978 0.978 0.979 0.978 0.979 0.979 0.979 0.979 0.980 0.980 0.980 0.980 0.981 0.981 0.981 0.981 0.981 0.981 0.981 0.982 0.982 0.982 0.983 0.983 0.983 0.983 0.984 0.984 0.985 0.985 0.985 0.985 0.985 0.985 0.985 0.985 0.985 0.985 0.985 0.985 0.985 0.985 0.985 0.985 0.985 0.986 0.985 0.986 0.986 0.985 0.985 0.986 0.985 0.985 0.986 0.986 0.986 0.985 0.986 0.985 0.985 0.985 0.985 0.985 0.985 0.985 0.985 0.985 0.985 0.985 0.985 0.985 0.985 0.985 0.985 0.986 0.985 0.986 0.986 0.985 0.986 0.985 0.985 0.985 0.986 0.986 0.986 0.985 0.985 0.985 0.985 0.986 0.985 0.985 0.985 0.985 0.985 0.985 0.985 0.985 0.984 0.984 0.984 0.984 0.984 0.984 0.984 0.984 0.983 0.983 0.983 0.983 0.983 0.983 0.983 0.982 0.982 0.982 0.983 0.983 0.981 0.981 0.981 0.980 0.979 0.979 0.978 0.978 0.978 0.977 0.977 0.978 0.977 0.977 0.977 0.976 0.976 0.974 0.973 0.973 0.969 0.965 0.963 0.964 0.963 0.963 0.959 0.946 0.938 0.929 0.892 0.908 0.918 0.900 0.879 0.907 0.907 0.902 0.903 0.897 0.911 0.941 0.954 0.954 0.951 0.953 0.953 0.955 0.953 0.948 0.951 0.943 0.941 0.956 0.957 0.948 0.954 0.938 0.943 0.919 0.941 0.933 0.918 0.915 0.905 0.907 0.888 0.832 0.770 0.941 0.945 0.947 0.957 0.940 0.925 0.811 0.898 0.496 0.689 0.302 0.479 0.512 0.750 0.918 0.915 0.928 0.941 0.901 0.904 0.913 0.926 0.944 0.950 0.949 0.944 0.945 0.950 0.938 0.927 0.812 0.744 0.690 0.672 0.575 0.627 0.603 0.532 0.570 0.553 0.558 0.560 0.475 0.590 0.407 0.446 0.645 0.775 0.802 0.853 0.883 0.906 0.912 0.921 0.934 0.938 0.942 0.946 0.949 0.957 0.956 0.953 0.954 0.952 0.950 0.953 0.957 0.959 0.952 0.952 0.958 0.957 0.958 0.954 0.948 0.952 0.950 0.954 0.957 0.958 0.959 0.963 0.962 0.966 0.968 0.968 0.968 0.969 0.969 0.969 0.965 0.968 0.970 0.973 0.972 0.971 0.971 0.971 0.970 0.971 0.971 0.971 0.972 0.974 0.972 0.971 0.968 0.969 0.966 0.960 0.953 0.944 0.939 0.932 0.932 0.935 0.923 0.900 0.877 0.859 0.847 0.866 0.900 0.889 0.887 0.869 0.853 0.819 0.820 0.795 0.766 0.819 0.828 0.808 0.807
>8q9e
0.915 0.914 0.930 0.928 0.935 0.937 0.943 0.945 0.946 0.946 0.947 0.948 0.949 0.948 0.955 0.957 0.959 0.959 0.962 0.963 0.965 0.965 0.967 0.966 0.969 0.966 0.969 0.969 0.972 0.973 0.972 0.974 0.974 0.975 0.976 0.977 0.977 0.979 0.979 0.979 0.979 0.978 0.977 0.977 0.978 0.978 0.979 0.979 0.979 0.979 0.979 0.979 0.978 0.978 0.978 0.977 0.977 0.977 0.978 0.978 0.979 0.978 0.979 0.979 0.979 0.979 0.980 0.980 0.980 0.980 0.981 0.981 0.981 0.981 0.981 0.981 0.981 0.982 0.982 0.982 0.983 0.983 0.983 0.983 0.984 0.984 0.985 0.985 0.985 0.985 0.985 0.985 0.985 0.985 0.985 0.985 0.985 0.985 0.985 0.985 0.985 0.985 0.985 0.986 0.985 0.986 0.986 0.985 0.985 0.986 0.985 0.985 0.986 0.986 0.986 0.985 0.986 0.985 0.985 0.985 0.985 0.985 0.985 0.985 0.985 0.985 0.985 0.985 0.985 0.985 0.985 0.985 0.985 0.986 0.985 0.986 0.986 0.985 0.986 0.985 0.985 0.985 0.986 0.986 0.986 0.985 0.985 0.985 0.985 0.986 0.985 0.985 0.985 0.985 0.985 0.985 0.985 0.985 0.984 0.984 0.984 0.984 0.984 0.984 0.984 0.984 0.983 0.983 0.983 0.983 0.983 0.983 0.983 0.982 0.982 0.982 0.983 0.983 0.981 0.981 0.981 0.980 0.979 0.979 0.978 0.978 0.978 0.977 0.977 0.978 0.977 0.977 0.977 0.976 0.976 0.974 0.973 0.973 0.969 0.965 0.963 0.964 0.963 0.963 0.959 0.946 0.938 0.929 0.892 0.908 0.918 0.900 0.879 0.907 0.907 0.902 0.903 0.897 0.911 0.941 0.954 0.954 0.951 0.953 0.953 0.955 0.953 0.948 0.951 0.943 0.941 0.956 0.957 0.948 0.954 0.938 0.943 0.919 0.941 0.933 0.918 0.915 0.905 0.907 0.888 0.832 0.770 0.941 0.945 0.947 0.957 0.940 0.925 0.811 0.898 0.496 0.689 0.302 0.479 0.512 0.750 0.918 0.915 0.928 0.941 0.901 0.904 0.913 0.926 0.944 0.950 0.949 0.944 0.945 0.950 0.938 0.927 0.812 0.744 0.690 0.672 0.575 0.627 0.603 0.532 0.570 0.553 0.558 0.560 0.475 0.590 0.407 0.446 0.645 0.775 0.802 0.853 0.883 0.906 0.912 0.921 0.934 0.938 0.942 0.946 0.949 0.957 0.956 0.953 0.954 0.952 0.950 0.953 0.957 0.959 0.952 0.952 0.958 0.957 0.958 0.954 0.948 0.952 0.950 0.954 0.957 0.958 0.959 0.963 0.962 0.966 0.968 0.968 0.968 0.969 0.969 0.969 0.965 0.968 0.970 0.973 0.972 0.971 0.971 0.971 0.970 0.971 0.971 0.971 0.972 0.974 0.972 0.971 0.968 0.969 0.966 0.960 0.953 0.944 0.939 0.932 0.932 0.935 0.923 0.900 0.877 0.859 0.847 0.866 0.900 0.889 0.887 0.869 0.853 0.819 0.820 0.795 0.766 0.819 0.828 0.808 0.807
>8q9f
0.915 0.914 0.930 0.928 0.935 0.937 0.943 0.945 0.946 0.946 0.947 0.948 0.949 0.948 0.955 0.957 0.959 0.959 0.962 0.963 0.965 0.965 0.967 0.966 0.969 0.966 0.969 0.969 0.972 0.973 0.972 0.974 0.974 0.975 0.976 0.977 0.977 0.979 0.979 0.979 0.979 0.978 0.977 0.977 0.978 0.978 0.979 0.979 0.979 0.979 0.979 0.979 0.978 0.978 0.978 0.977 0.977 0.977 0.978 0.978 0.979 0.978 0.979 0.979 0.979 0.979 0.980 0.980 0.980 0.980 0.981 0.981 0.981 0.981 0.981 0.981 0.981 0.982 0.982 0.982 0.983 0.983 0.983 0.983 0.984 0.984 0.985 0.985 0.985 0.985 0.985 0.985 0.985 0.985 0.985 0.985 0.985 0.985 0.985 0.985 0.985 0.985 0.985 0.986 0.985 0.986 0.986 0.985 0.985 0.986 0.985 0.985 0.986 0.986 0.986 0.985 0.986 0.985 0.985 0.985 0.985 0.985 0.985 0.985 0.985 0.985 0.985 0.985 0.985 0.985 0.985 0.985 0.985 0.986 0.985 0.986 0.986 0.985 0.986 0.985 0.985 0.985 0.986 0.986 0.986 0.985 0.985 0.985 0.985 0.986 0.985 0.985 0.985 0.985 0.985 0.985 0.985 0.985 0.984 0.984 0.984 0.984 0.984 0.984 0.984 0.984 0.983 0.983 0.983 0.983 0.983 0.983 0.983 0.982 0.982 0.982 0.983 0.983 0.981 0.981 0.981 0.980 0.979 0.979 0.978 0.978 0.978 0.977 0.977 0.978 0.977 0.977 0.977 0.976 0.976 0.974 0.973 0.973 0.969 0.965 0.963 0.964 0.963 0.963 0.959 0.946 0.938 0.929 0.892 0.908 0.918 0.900 0.879 0.907 0.907 0.902 0.903 0.897 0.911 0.941 0.954 0.954 0.951 0.953 0.953 0.955 0.953 0.948 0.951 0.943 0.941 0.956 0.957 0.948 0.954 0.938 0.943 0.919 0.941 0.933 0.918 0.915 0.905 0.907 0.888 0.832 0.770 0.941 0.945 0.947 0.957 0.940 0.925 0.811 0.898 0.496 0.689 0.302 0.479 0.512 0.750 0.918 0.915 0.928 0.941 0.901 0.904 0.913 0.926 0.944 0.950 0.949 0.944 0.945 0.950 0.938 0.927 0.812 0.744 0.690 0.672 0.575 0.627 0.603 0.532 0.570 0.553 0.558 0.560 0.475 0.590 0.407 0.446 0.645 0.775 0.802 0.853 0.883 0.906 0.912 0.921 0.934 0.938 0.942 0.946 0.949 0.957 0.956 0.953 0.954 0.952 0.950 0.953 0.957 0.959 0.952 0.952 0.958 0.957 0.958 0.954 0.948 0.952 0.950 0.954 0.957 0.958 0.959 0.963 0.962 0.966 0.968 0.968 0.968 0.969 0.969 0.969 0.965 0.968 0.970 0.973 0.972 0.971 0.971 0.971 0.970 0.971 0.971 0.971 0.972 0.974 0.972 0.971 0.968 0.969 0.966 0.960 0.953 0.944 0.939 0.932 0.932 0.935 0.923 0.900 0.877 0.859 0.847 0.866 0.900 0.889 0.887 0.869 0.853 0.819 0.820 0.795 0.766 0.819 0.828 0.808 0.807
>8q9g
0.915 0.914 0.930 0.928 0.935 0.937 0.943 0.945 0.946 0.946 0.947 0.948 0.949 0.948 0.955 0.957 0.959 0.959 0.962 0.963 0.965 0.965 0.967 0.966 0.969 0.966 0.969 0.969 0.972 0.973 0.972 0.974 0.974 0.975 0.976 0.977 0.977 0.979 0.979 0.979 0.979 0.978 0.977 0.977 0.978 0.978 0.979 0.979 0.979 0.979 0.979 0.979 0.978 0.978 0.978 0.977 0.977 0.977 0.978 0.978 0.979 0.978 0.979 0.979 0.979 0.979 0.980 0.980 0.980 0.980 0.981 0.981 0.981 0.981 0.981 0.981 0.981 0.982 0.982 0.982 0.983 0.983 0.983 0.983 0.984 0.984 0.985 0.985 0.985 0.985 0.985 0.985 0.985 0.985 0.985 0.985 0.985 0.985 0.985 0.985 0.985 0.985 0.985 0.986 0.985 0.986 0.986 0.985 0.985 0.986 0.985 0.985 0.986 0.986 0.986 0.985 0.986 0.985 0.985 0.985 0.985 0.985 0.985 0.985 0.985 0.985 0.985 0.985 0.985 0.985 0.985 0.985 0.985 0.986 0.985 0.986 0.986 0.985 0.986 0.985 0.985 0.985 0.986 0.986 0.986 0.985 0.985 0.985 0.985 0.986 0.985 0.985 0.985 0.985 0.985 0.985 0.985 0.985 0.984 0.984 0.984 0.984 0.984 0.984 0.984 0.984 0.983 0.983 0.983 0.983 0.983 0.983 0.983 0.982 0.982 0.982 0.983 0.983 0.981 0.981 0.981 0.980 0.979 0.979 0.978 0.978 0.978 0.977 0.977 0.978 0.977 0.977 0.977 0.976 0.976 0.974 0.973 0.973 0.969 0.965 0.963 0.964 0.963 0.963 0.959 0.946 0.938 0.929 0.892 0.908 0.918 0.900 0.879 0.907 0.907 0.902 0.903 0.897 0.911 0.941 0.954 0.954 0.951 0.953 0.953 0.955 0.953 0.948 0.951 0.943 0.941 0.956 0.957 0.948 0.954 0.938 0.943 0.919 0.941 0.933 0.918 0.915 0.905 0.907 0.888 0.832 0.770 0.941 0.945 0.947 0.957 0.940 0.925 0.811 0.898 0.496 0.689 0.302 0.479 0.512 0.750 0.918 0.915 0.928 0.941 0.901 0.904 0.913 0.926 0.944 0.950 0.949 0.944 0.945 0.950 0.938 0.927 0.812 0.744 0.690 0.672 0.575 0.627 0.603 0.532 0.570 0.553 0.558 0.560 0.475 0.590 0.407 0.446 0.645 0.775 0.802 0.853 0.883 0.906 0.912 0.921 0.934 0.938 0.942 0.946 0.949 0.957 0.956 0.953 0.954 0.952 0.950 0.953 0.957 0.959 0.952 0.952 0.958 0.957 0.958 0.954 0.948 0.952 0.950 0.954 0.957 0.958 0.959 0.963 0.962 0.966 0.968 0.968 0.968 0.969 0.969 0.969 0.965 0.968 0.970 0.973 0.972 0.971 0.971 0.971 0.970 0.971 0.971 0.971 0.972 0.974 0.972 0.971 0.968 0.969 0.966 0.960 0.953 0.944 0.939 0.932 0.932 0.935 0.923 0.900 0.877 0.859 0.847 0.866 0.900 0.889 0.887 0.869 0.853 0.819 0.820 0.795 0.766 0.819 0.828 0.808 0.807
>8q9h
0.915 0.914 0.930 0.928 0.935 0.937 0.943 0.945 0.946 0.946 0.947 0.948 0.949 0.948 0.955 0.957 0.959 0.959 0.962 0.963 0.965 0.965 0.967 0.966 0.969 0.966 0.969 0.969 0.972 0.973 0.972 0.974 0.974 0.975 0.976 0.977 0.977 0.979 0.979 0.979 0.979 0.978 0.977 0.977 0.978 0.978 0.979 0.979 0.979 0.979 0.979 0.979 0.978 0.978 0.978 0.977 0.977 0.977 0.978 0.978 0.979 0.978 0.979 0.979 0.979 0.979 0.980 0.980 0.980 0.980 0.981 0.981 0.981 0.981 0.981 0.981 0.981 0.982 0.982 0.982 0.983 0.983 0.983 0.983 0.984 0.984 0.985 0.985 0.985 0.985 0.985 0.985 0.985 0.985 0.985 0.985 0.985 0.985 0.985 0.985 0.985 0.985 0.985 0.986 0.985 0.986 0.986 0.985 0.985 0.986 0.985 0.985 0.986 0.986 0.986 0.985 0.986 0.985 0.985 0.985 0.985 0.985 0.985 0.985 0.985 0.985 0.985 0.985 0.985 0.985 0.985 0.985 0.985 0.986 0.985 0.986 0.986 0.985 0.986 0.985 0.985 0.985 0.986 0.986 0.986 0.985 0.985 0.985 0.985 0.986 0.985 0.985 0.985 0.985 0.985 0.985 0.985 0.985 0.984 0.984 0.984 0.984 0.984 0.984 0.984 0.984 0.983 0.983 0.983 0.983 0.983 0.983 0.983 0.982 0.982 0.982 0.983 0.983 0.981 0.981 0.981 0.980 0.979 0.979 0.978 0.978 0.978 0.977 0.977 0.978 0.977 0.977 0.977 0.976 0.976 0.974 0.973 0.973 0.969 0.965 0.963 0.964 0.963 0.963 0.959 0.946 0.938 0.929 0.892 0.908 0.918 0.900 0.879 0.907 0.907 0.902 0.903 0.897 0.911 0.941 0.954 0.954 0.951 0.953 0.953 0.955 0.953 0.948 0.951 0.943 0.941 0.956 0.957 0.948 0.954 0.938 0.943 0.919 0.941 0.933 0.918 0.915 0.905 0.907 0.888 0.832 0.770 0.941 0.945 0.947 0.957 0.940 0.925 0.811 0.898 0.496 0.689 0.302 0.479 0.512 0.750 0.918 0.915 0.928 0.941 0.901 0.904 0.913 0.926 0.944 0.950 0.949 0.944 0.945 0.950 0.938 0.927 0.812 0.744 0.690 0.672 0.575 0.627 0.603 0.532 0.570 0.553 0.558 0.560 0.475 0.590 0.407 0.446 0.645 0.775 0.802 0.853 0.883 0.906 0.912 0.921 0.934 0.938 0.942 0.946 0.949 0.957 0.956 0.953 0.954 0.952 0.950 0.953 0.957 0.959 0.952 0.952 0.958 0.957 0.958 0.954 0.948 0.952 0.950 0.954 0.957 0.958 0.959 0.963 0.962 0.966 0.968 0.968 0.968 0.969 0.969 0.969 0.965 0.968 0.970 0.973 0.972 0.971 0.971 0.971 0.970 0.971 0.971 0.971 0.972 0.974 0.972 0.971 0.968 0.969 0.966 0.960 0.953 0.944 0.939 0.932 0.932 0.935 0.923 0.900 0.877 0.859 0.847 0.866 0.900 0.889 0.887 0.869 0.853 0.819 0.820 0.795 0.766 0.819 0.828 0.808 0.807
>8q9i
0.915 0.914 0.930 0.928 0.935 0.937 0.943 0.945 0.946 0.946 0.947 0.948 0.949 0.948 0.955 0.957 0.959 0.959 0.962 0.963 0.965 0.965 0.967 0.966 0.969 0.966 0.969 0.969 0.972 0.973 0.972 0.974 0.974 0.975 0.976 0.977 0.977 0.979 0.979 0.979 0.979 0.978 0.977 0.977 0.978 0.978 0.979 0.979 0.979 0.979 0.979 0.979 0.978 0.978 0.978 0.977 0.977 0.977 0.978 0.978 0.979 0.978 0.979 0.979 0.979 0.979 0.980 0.980 0.980 0.980 0.981 0.981 0.981 0.981 0.981 0.981 0.981 0.982 0.982 0.982 0.983 0.983 0.983 0.983 0.984 0.984 0.985 0.985 0.985 0.985 0.985 0.985 0.985 0.985 0.985 0.985 0.985 0.985 0.985 0.985 0.985 0.985 0.985 0.986 0.985 0.986 0.986 0.985 0.985 0.986 0.985 0.985 0.986 0.986 0.986 0.985 0.986 0.985 0.985 0.985 0.985 0.985 0.985 0.985 0.985 0.985 0.985 0.985 0.985 0.985 0.985 0.985 0.985 0.986 0.985 0.986 0.986 0.985 0.986 0.985 0.985 0.985 0.986 0.986 0.986 0.985 0.985 0.985 0.985 0.986 0.985 0.985 0.985 0.985 0.985 0.985 0.985 0.985 0.984 0.984 0.984 0.984 0.984 0.984 0.984 0.984 0.983 0.983 0.983 0.983 0.983 0.983 0.983 0.982 0.982 0.982 0.983 0.983 0.981 0.981 0.981 0.980 0.979 0.979 0.978 0.978 0.978 0.977 0.977 0.978 0.977 0.977 0.977 0.976 0.976 0.974 0.973 0.973 0.969 0.965 0.963 0.964 0.963 0.963 0.959 0.946 0.938 0.929 0.892 0.908 0.918 0.900 0.879 0.907 0.907 0.902 0.903 0.897 0.911 0.941 0.954 0.954 0.951 0.953 0.953 0.955 0.953 0.948 0.951 0.943 0.941 0.956 0.957 0.948 0.954 0.938 0.943 0.919 0.941 0.933 0.918 0.915 0.905 0.907 0.888 0.832 0.770 0.941 0.945 0.947 0.957 0.940 0.925 0.811 0.898 0.496 0.689 0.302 0.479 0.512 0.750 0.918 0.915 0.928 0.941 0.901 0.904 0.913 0.926 0.944 0.950 0.949 0.944 0.945 0.950 0.938 0.927 0.812 0.744 0.690 0.672 0.575 0.627 0.603 0.532 0.570 0.553 0.558 0.560 0.475 0.590 0.407 0.446 0.645 0.775 0.802 0.853 0.883 0.906 0.912 0.921 0.934 0.938 0.942 0.946 0.949 0.957 0.956 0.953 0.954 0.952 0.950 0.953 0.957 0.959 0.952 0.952 0.958 0.957 0.958 0.954 0.948 0.952 0.950 0.954 0.957 0.958 0.959 0.963 0.962 0.966 0.968 0.968 0.968 0.969 0.969 0.969 0.965 0.968 0.970 0.973 0.972 0.971 0.971 0.971 0.970 0.971 0.971 0.971 0.972 0.974 0.972 0.971 0.968 0.969 0.966 0.960 0.953 0.944 0.939 0.932 0.932 0.935 0.923 0.900 0.877 0.859 0.847 0.866 0.900 0.889 0.887 0.869 0.853 0.819 0.820 0.795 0.766 0.819 0.828 0.808 0.807
>8q9j
0.915 0.914 0.930 0.928 0.935 0.937 0.943 0.945 0.946 0.946 0.947 0.948 0.949 0.948 0.955 0.957 0.959 0.959 0.962 0.963 0.965 0.965 0.967 0.966 0.969 0.966 0.969 0.969 0.972 0.973 0.972 0.974 0.974 0.975 0.976 0.977 0.977 0.979 0.979 0.979 0.979 0.978 0.977 0.977 0.978 0.978 0.979 0.979 0.979 0.979 0.979 0.979 0.978 0.978 0.978 0.977 0.977 0.977 0.978 0.978 0.979 0.978 0.979 0.979 0.979 0.979 0.980 0.980 0.980 0.980 0.981 0.981 0.981 0.981 0.981 0.981 0.981 0.982 0.982 0.982 0.983 0.983 0.983 0.983 0.984 0.984 0.985 0.985 0.985 0.985 0.985 0.985 0.985 0.985 0.985 0.985 0.985 0.985 0.985 0.985 0.985 0.985 0.985 0.986 0.985 0.986 0.986 0.985 0.985 0.986 0.985 0.985 0.986 0.986 0.986 0.985 0.986 0.985 0.985 0.985 0.985 0.985 0.985 0.985 0.985 0.985 0.985 0.985 0.985 0.985 0.985 0.985 0.985 0.986 0.985 0.986 0.986 0.985 0.986 0.985 0.985 0.985 0.986 0.986 0.986 0.985 0.985 0.985 0.985 0.986 0.985 0.985 0.985 0.985 0.985 0.985 0.985 0.985 0.984 0.984 0.984 0.984 0.984 0.984 0.984 0.984 0.983 0.983 0.983 0.983 0.983 0.983 0.983 0.982 0.982 0.982 0.983 0.983 0.981 0.981 0.981 0.980 0.979 0.979 0.978 0.978 0.978 0.977 0.977 0.978 0.977 0.977 0.977 0.976 0.976 0.974 0.973 0.973 0.969 0.965 0.963 0.964 0.963 0.963 0.959 0.946 0.938 0.929 0.892 0.908 0.918 0.900 0.879 0.907 0.907 0.902 0.903 0.897 0.911 0.941 0.954 0.954 0.951 0.953 0.953 0.955 0.953 0.948 0.951 0.943 0.941 0.956 0.957 0.948 0.954 0.938 0.943 0.919 0.941 0.933 0.918 0.915 0.905 0.907 0.888 0.832 0.770 0.941 0.945 0.947 0.957 0.940 0.925 0.811 0.898 0.496 0.689 0.302 0.479 0.512 0.750 0.918 0.915 0.928 0.941 0.901 0.904 0.913 0.926 0.944 0.950 0.949 0.944 0.945 0.950 0.938 0.927 0.812 0.744 0.690 0.672 0.575 0.627 0.603 0.532 0.570 0.553 0.558 0.560 0.475 0.590 0.407 0.446 0.645 0.775 0.802 0.853 0.883 0.906 0.912 0.921 0.934 0.938 0.942 0.946 0.949 0.957 0.956 0.953 0.954 0.952 0.950 0.953 0.957 0.959 0.952 0.952 0.958 0.957 0.958 0.954 0.948 0.952 0.950 0.954 0.957 0.958 0.959 0.963 0.962 0.966 0.968 0.968 0.968 0.969 0.969 0.969 0.965 0.968 0.970 0.973 0.972 0.971 0.971 0.971 0.970 0.971 0.971 0.971 0.972 0.974 0.972 0.971 0.968 0.969 0.966 0.960 0.953 0.944 0.939 0.932 0.932 0.935 0.923 0.900 0.877 0.859 0.847 0.866 0.900 0.889 0.887 0.869 0.853 0.819 0.820 0.795 0.766 0.819 0.828 0.808 0.807
>8q9k
0.915 0.914 0.930 0.928 0.935 0.937 0.943 0.945 0.946 0.946 0.947 0.948 0.949 0.948 0.955 0.957 0.959 0.959 0.962 0.963 0.965 0.965 0.967 0.966 0.969 0.966 0.969 0.969 0.972 0.973 0.972 0.974 0.974 0.975 0.976 0.977 0.977 0.979 0.979 0.979 0.979 0.978 0.977 0.977 0.978 0.978 0.979 0.979 0.979 0.979 0.979 0.979 0.978 0.978 0.978 0.977 0.977 0.977 0.978 0.978 0.979 0.978 0.979 0.979 0.979 0.979 0.980 0.980 0.980 0.980 0.981 0.981 0.981 0.981 0.981 0.981 0.981 0.982 0.982 0.982 0.983 0.983 0.983 0.983 0.984 0.984 0.985 0.985 0.985 0.985 0.985 0.985 0.985 0.985 0.985 0.985 0.985 0.985 0.985 0.985 0.985 0.985 0.985 0.986 0.985 0.986 0.986 0.985 0.985 0.986 0.985 0.985 0.986 0.986 0.986 0.985 0.986 0.985 0.985 0.985 0.985 0.985 0.985 0.985 0.985 0.985 0.985 0.985 0.985 0.985 0.985 0.985 0.985 0.986 0.985 0.986 0.986 0.985 0.986 0.985 0.985 0.985 0.986 0.986 0.986 0.985 0.985 0.985 0.985 0.986 0.985 0.985 0.985 0.985 0.985 0.985 0.985 0.985 0.984 0.984 0.984 0.984 0.984 0.984 0.984 0.984 0.983 0.983 0.983 0.983 0.983 0.983 0.983 0.982 0.982 0.982 0.983 0.983 0.981 0.981 0.981 0.980 0.979 0.979 0.978 0.978 0.978 0.977 0.977 0.978 0.977 0.977 0.977 0.976 0.976 0.974 0.973 0.973 0.969 0.965 0.963 0.964 0.963 0.963 0.959 0.946 0.938 0.929 0.892 0.908 0.918 0.900 0.879 0.907 0.907 0.902 0.903 0.897 0.911 0.941 0.954 0.954 0.951 0.953 0.953 0.955 0.953 0.948 0.951 0.943 0.941 0.956 0.957 0.948 0.954 0.938 0.943 0.919 0.941 0.933 0.918 0.915 0.905 0.907 0.888 0.832 0.770 0.941 0.945 0.947 0.957 0.940 0.925 0.811 0.898 0.496 0.689 0.302 0.479 0.512 0.750 0.918 0.915 0.928 0.941 0.901 0.904 0.913 0.926 0.944 0.950 0.949 0.944 0.945 0.950 0.938 0.927 0.812 0.744 0.690 0.672 0.575 0.627 0.603 0.532 0.570 0.553 0.558 0.560 0.475 0.590 0.407 0.446 0.645 0.775 0.802 0.853 0.883 0.906 0.912 0.921 0.934 0.938 0.942 0.946 0.949 0.957 0.956 0.953 0.954 0.952 0.950 0.953 0.957 0.959 0.952 0.952 0.958 0.957 0.958 0.954 0.948 0.952 0.950 0.954 0.957 0.958 0.959 0.963 0.962 0.966 0.968 0.968 0.968 0.969 0.969 0.969 0.965 0.968 0.970 0.973 0.972 0.971 0.971 0.971 0.970 0.971 0.971 0.971 0.972 0.974 0.972 0.971 0.968 0.969 0.966 0.960 0.953 0.944 0.939 0.932 0.932 0.935 0.923 0.900 0.877 0.859 0.847 0.866 0.900 0.889 0.887 0.869 0.853 0.819 0.820 0.795 0.766 0.819 0.828 0.808 0.807
>8q9l
0.915 0.914 0.930 0.928 0.935 0.937 0.943 0.945 0.946 0.946 0.947 0.948 0.949 0.948 0.955 0.957 0.959 0.959 0.962 0.963 0.965 0.965 0.967 0.966 0.969 0.966 0.969 0.969 0.972 0.973 0.972 0.974 0.974 0.975 0.976 0.977 0.977 0.979 0.979 0.979 0.979 0.978 0.977 0.977 0.978 0.978 0.979 0.979 0.979 0.979 0.979 0.979 0.978 0.978 0.978 0.977 0.977 0.977 0.978 0.978 0.979 0.978 0.979 0.979 0.979 0.979 0.980 0.980 0.980 0.980 0.981 0.981 0.981 0.981 0.981 0.981 0.981 0.982 0.982 0.982 0.983 0.983 0.983 0.983 0.984 0.984 0.985 0.985 0.985 0.985 0.985 0.985 0.985 0.985 0.985 0.985 0.985 0.985 0.985 0.985 0.985 0.985 0.985 0.986 0.985 0.986 0.986 0.985 0.985 0.986 0.985 0.985 0.986 0.986 0.986 0.985 0.986 0.985 0.985 0.985 0.985 0.985 0.985 0.985 0.985 0.985 0.985 0.985 0.985 0.985 0.985 0.985 0.985 0.986 0.985 0.986 0.986 0.985 0.986 0.985 0.985 0.985 0.986 0.986 0.986 0.985 0.985 0.985 0.985 0.986 0.985 0.985 0.985 0.985 0.985 0.985 0.985 0.985 0.984 0.984 0.984 0.984 0.984 0.984 0.984 0.984 0.983 0.983 0.983 0.983 0.983 0.983 0.983 0.982 0.982 0.982 0.983 0.983 0.981 0.981 0.981 0.980 0.979 0.979 0.978 0.978 0.978 0.977 0.977 0.978 0.977 0.977 0.977 0.976 0.976 0.974 0.973 0.973 0.969 0.965 0.963 0.964 0.963 0.963 0.959 0.946 0.938 0.929 0.892 0.908 0.918 0.900 0.879 0.907 0.907 0.902 0.903 0.897 0.911 0.941 0.954 0.954 0.951 0.953 0.953 0.955 0.953 0.948 0.951 0.943 0.941 0.956 0.957 0.948 0.954 0.938 0.943 0.919 0.941 0.933 0.918 0.915 0.905 0.907 0.888 0.832 0.770 0.941 0.945 0.947 0.957 0.940 0.925 0.811 0.898 0.496 0.689 0.302 0.479 0.512 0.750 0.918 0.915 0.928 0.941 0.901 0.904 0.913 0.926 0.944 0.950 0.949 0.944 0.945 0.950 0.938 0.927 0.812 0.744 0.690 0.672 0.575 0.627 0.603 0.532 0.570 0.553 0.558 0.560 0.475 0.590 0.407 0.446 0.645 0.775 0.802 0.853 0.883 0.906 0.912 0.921 0.934 0.938 0.942 0.946 0.949 0.957 0.956 0.953 0.954 0.952 0.950 0.953 0.957 0.959 0.952 0.952 0.958 0.957 0.958 0.954 0.948 0.952 0.950 0.954 0.957 0.958 0.959 0.963 0.962 0.966 0.968 0.968 0.968 0.969 0.969 0.969 0.965 0.968 0.970 0.973 0.972 0.971 0.971 0.971 0.970 0.971 0.971 0.971 0.972 0.974 0.972 0.971 0.968 0.969 0.966 0.960 0.953 0.944 0.939 0.932 0.932 0.935 0.923 0.900 0.877 0.859 0.847 0.866 0.900 0.889 0.887 0.869 0.853 0.819 0.820 0.795 0.766 0.819 0.828 0.808 0.807
>8q9m
0.915 0.914 0.930 0.928 0.935 0.937 0.943 0.945 0.946 0.946 0.947 0.948 0.949 0.948 0.955 0.957 0.959 0.959 0.962 0.963 0.965 0.965 0.967 0.966 0.969 0.966 0.969 0.969 0.972 0.973 0.972 0.974 0.974 0.975 0.976 0.977 0.977 0.979 0.979 0.979 0.979 0.978 0.977 0.977 0.978 0.978 0.979 0.979 0.979 0.979 0.979 0.979 0.978 0.978 0.978 0.977 0.977 0.977 0.978 0.978 0.979 0.978 0.979 0.979 0.979 0.979 0.980 0.980 0.980 0.980 0.981 0.981 0.981 0.981 0.981 0.981 0.981 0.982 0.982 0.982 0.983 0.983 0.983 0.983 0.984 0.984 0.985 0.985 0.985 0.985 0.985 0.985 0.985 0.985 0.985 0.985 0.985 0.985 0.985 0.985 0.985 0.985 0.985 0.986 0.985 0.986 0.986 0.985 0.985 0.986 0.985 0.985 0.986 0.986 0.986 0.985 0.986 0.985 0.985 0.985 0.985 0.985 0.985 0.985 0.985 0.985 0.985 0.985 0.985 0.985 0.985 0.985 0.985 0.986 0.985 0.986 0.986 0.985 0.986 0.985 0.985 0.985 0.986 0.986 0.986 0.985 0.985 0.985 0.985 0.986 0.985 0.985 0.985 0.985 0.985 0.985 0.985 0.985 0.984 0.984 0.984 0.984 0.984 0.984 0.984 0.984 0.983 0.983 0.983 0.983 0.983 0.983 0.983 0.982 0.982 0.982 0.983 0.983 0.981 0.981 0.981 0.980 0.979 0.979 0.978 0.978 0.978 0.977 0.977 0.978 0.977 0.977 0.977 0.976 0.976 0.974 0.973 0.973 0.969 0.965 0.963 0.964 0.963 0.963 0.959 0.946 0.938 0.929 0.892 0.908 0.918 0.900 0.879 0.907 0.907 0.902 0.903 0.897 0.911 0.941 0.954 0.954 0.951 0.953 0.953 0.955 0.953 0.948 0.951 0.943 0.941 0.956 0.957 0.948 0.954 0.938 0.943 0.919 0.941 0.933 0.918 0.915 0.905 0.907 0.888 0.832 0.770 0.941 0.945 0.947 0.957 0.940 0.925 0.811 0.898 0.496 0.689 0.302 0.479 0.512 0.750 0.918 0.915 0.928 0.941 0.901 0.904 0.913 0.926 0.944 0.950 0.949 0.944 0.945 0.950 0.938 0.927 0.812 0.744 0.690 0.672 0.575 0.627 0.603 0.532 0.570 0.553 0.558 0.560 0.475 0.590 0.407 0.446 0.645 0.775 0.802 0.853 0.883 0.906 0.912 0.921 0.934 0.938 0.942 0.946 0.949 0.957 0.956 0.953 0.954 0.952 0.950 0.953 0.957 0.959 0.952 0.952 0.958 0.957 0.958 0.954 0.948 0.952 0.950 0.954 0.957 0.958 0.959 0.963 0.962 0.966 0.968 0.968 0.968 0.969 0.969 0.969 0.965 0.968 0.970 0.973 0.972 0.971 0.971 0.971 0.970 0.971 0.971 0.971 0.972 0.974 0.972 0.971 0.968 0.969 0.966 0.960 0.953 0.944 0.939 0.932 0.932 0.935 0.923 0.900 0.877 0.859 0.847 0.866 0.900 0.889 0.887 0.869 0.853 0.819 0.820 0.795 0.766 0.819 0.828 0.808 0.807
>8q9o
0.915 0.914 0.930 0.928 0.935 0.937 0.943 0.945 0.946 0.946 0.947 0.948 0.949 0.948 0.955 0.957 0.959 0.959 0.962 0.963 0.965 0.965 0.967 0.966 0.969 0.966 0.969 0.969 0.972 0.973 0.972 0.974 0.974 0.975 0.976 0.977 0.977 0.979 0.979 0.979 0.979 0.978 0.977 0.977 0.978 0.978 0.979 0.979 0.979 0.979 0.979 0.979 0.978 0.978 0.978 0.977 0.977 0.977 0.978 0.978 0.979 0.978 0.979 0.979 0.979 0.979 0.980 0.980 0.980 0.980 0.981 0.981 0.981 0.981 0.981 0.981 0.981 0.982 0.982 0.982 0.983 0.983 0.983 0.983 0.984 0.984 0.985 0.985 0.985 0.985 0.985 0.985 0.985 0.985 0.985 0.985 0.985 0.985 0.985 0.985 0.985 0.985 0.985 0.986 0.985 0.986 0.986 0.985 0.985 0.986 0.985 0.985 0.986 0.986 0.986 0.985 0.986 0.985 0.985 0.985 0.985 0.985 0.985 0.985 0.985 0.985 0.985 0.985 0.985 0.985 0.985 0.985 0.985 0.986 0.985 0.986 0.986 0.985 0.986 0.985 0.985 0.985 0.986 0.986 0.986 0.985 0.985 0.985 0.985 0.986 0.985 0.985 0.985 0.985 0.985 0.985 0.985 0.985 0.984 0.984 0.984 0.984 0.984 0.984 0.984 0.984 0.983 0.983 0.983 0.983 0.983 0.983 0.983 0.982 0.982 0.982 0.983 0.983 0.981 0.981 0.981 0.980 0.979 0.979 0.978 0.978 0.978 0.977 0.977 0.978 0.977 0.977 0.977 0.976 0.976 0.974 0.973 0.973 0.969 0.965 0.963 0.964 0.963 0.963 0.959 0.946 0.938 0.929 0.892 0.908 0.918 0.900 0.879 0.907 0.907 0.902 0.903 0.897 0.911 0.941 0.954 0.954 0.951 0.953 0.953 0.955 0.953 0.948 0.951 0.943 0.941 0.956 0.957 0.948 0.954 0.938 0.943 0.919 0.941 0.933 0.918 0.915 0.905 0.907 0.888 0.832 0.770 0.941 0.945 0.947 0.957 0.940 0.925 0.811 0.898 0.496 0.689 0.302 0.479 0.512 0.750 0.918 0.915 0.928 0.941 0.901 0.904 0.913 0.926 0.944 0.950 0.949 0.944 0.945 0.950 0.938 0.927 0.812 0.744 0.690 0.672 0.575 0.627 0.603 0.532 0.570 0.553 0.558 0.560 0.475 0.590 0.407 0.446 0.645 0.775 0.802 0.853 0.883 0.906 0.912 0.921 0.934 0.938 0.942 0.946 0.949 0.957 0.956 0.953 0.954 0.952 0.950 0.953 0.957 0.959 0.952 0.952 0.958 0.957 0.958 0.954 0.948 0.952 0.950 0.954 0.957 0.958 0.959 0.963 0.962 0.966 0.968 0.968 0.968 0.969 0.969 0.969 0.965 0.968 0.970 0.973 0.972 0.971 0.971 0.971 0.970 0.971 0.971 0.971 0.972 0.974 0.972 0.971 0.968 0.969 0.966 0.960 0.953 0.944 0.939 0.932 0.932 0.935 0.923 0.900 0.877 0.859 0.847 0.866 0.900 0.889 0.887 0.869 0.853 0.819 0.820 0.795 0.766 0.819 0.828 0.808 0.807
>8qcp
0.915 0.914 0.930 0.928 0.935 0.937 0.943 0.945 0.946 0.946 0.947 0.948 0.949 0.948 0.955 0.957 0.959 0.959 0.962 0.963 0.965 0.965 0.967 0.966 0.969 0.966 0.969 0.969 0.972 0.973 0.972 0.974 0.974 0.975 0.976 0.977 0.977 0.979 0.979 0.979 0.979 0.978 0.977 0.977 0.978 0.978 0.979 0.979 0.979 0.979 0.979 0.979 0.978 0.978 0.978 0.977 0.977 0.977 0.978 0.978 0.979 0.978 0.979 0.979 0.979 0.979 0.980 0.980 0.980 0.980 0.981 0.981 0.981 0.981 0.981 0.981 0.981 0.982 0.982 0.982 0.983 0.983 0.983 0.983 0.984 0.984 0.985 0.985 0.985 0.985 0.985 0.985 0.985 0.985 0.985 0.985 0.985 0.985 0.985 0.985 0.985 0.985 0.985 0.986 0.985 0.986 0.986 0.985 0.985 0.986 0.985 0.985 0.986 0.986 0.986 0.985 0.986 0.985 0.985 0.985 0.985 0.985 0.985 0.985 0.985 0.985 0.985 0.985 0.985 0.985 0.985 0.985 0.985 0.986 0.985 0.986 0.986 0.985 0.986 0.985 0.985 0.985 0.986 0.986 0.986 0.985 0.985 0.985 0.985 0.986 0.985 0.985 0.985 0.985 0.985 0.985 0.985 0.985 0.984 0.984 0.984 0.984 0.984 0.984 0.984 0.984 0.983 0.983 0.983 0.983 0.983 0.983 0.983 0.982 0.982 0.982 0.983 0.983 0.981 0.981 0.981 0.980 0.979 0.979 0.978 0.978 0.978 0.977 0.977 0.978 0.977 0.977 0.977 0.976 0.976 0.974 0.973 0.973 0.969 0.965 0.963 0.964 0.963 0.963 0.959 0.946 0.938 0.929 0.892 0.908 0.918 0.900 0.879 0.907 0.907 0.902 0.903 0.897 0.911 0.941 0.954 0.954 0.951 0.953 0.953 0.955 0.953 0.948 0.951 0.943 0.941 0.956 0.957 0.948 0.954 0.938 0.943 0.919 0.941 0.933 0.918 0.915 0.905 0.907 0.888 0.832 0.770 0.941 0.945 0.947 0.957 0.940 0.925 0.811 0.898 0.496 0.689 0.302 0.479 0.512 0.750 0.918 0.915 0.928 0.941 0.901 0.904 0.913 0.926 0.944 0.950 0.949 0.944 0.945 0.950 0.938 0.927 0.812 0.744 0.690 0.672 0.575 0.627 0.603 0.532 0.570 0.553 0.558 0.560 0.475 0.590 0.407 0.446 0.645 0.775 0.802 0.853 0.883 0.906 0.912 0.921 0.934 0.938 0.942 0.946 0.949 0.957 0.956 0.953 0.954 0.952 0.950 0.953 0.957 0.959 0.952 0.952 0.958 0.957 0.958 0.954 0.948 0.952 0.950 0.954 0.957 0.958 0.959 0.963 0.962 0.966 0.968 0.968 0.968 0.969 0.969 0.969 0.965 0.968 0.970 0.973 0.972 0.971 0.971 0.971 0.970 0.971 0.971 0.971 0.972 0.974 0.972 0.971 0.968 0.969 0.966 0.960 0.953 0.944 0.939 0.932 0.932 0.935 0.923 0.900 0.877 0.859 0.847 0.866 0.900 0.889 0.887 0.869 0.853 0.819 0.820 0.795 0.766 0.819 0.828 0.808 0.807
>8qcr
0.915 0.914 0.930 0.928 0.935 0.937 0.943 0.945 0.946 0.946 0.947 0.948 0.949 0.948 0.955 0.957 0.959 0.959 0.962 0.963 0.965 0.965 0.967 0.966 0.969 0.966 0.969 0.969 0.972 0.973 0.972 0.974 0.974 0.975 0.976 0.977 0.977 0.979 0.979 0.979 0.979 0.978 0.977 0.977 0.978 0.978 0.979 0.979 0.979 0.979 0.979 0.979 0.978 0.978 0.978 0.977 0.977 0.977 0.978 0.978 0.979 0.978 0.979 0.979 0.979 0.979 0.980 0.980 0.980 0.980 0.981 0.981 0.981 0.981 0.981 0.981 0.981 0.982 0.982 0.982 0.983 0.983 0.983 0.983 0.984 0.984 0.985 0.985 0.985 0.985 0.985 0.985 0.985 0.985 0.985 0.985 0.985 0.985 0.985 0.985 0.985 0.985 0.985 0.986 0.985 0.986 0.986 0.985 0.985 0.986 0.985 0.985 0.986 0.986 0.986 0.985 0.986 0.985 0.985 0.985 0.985 0.985 0.985 0.985 0.985 0.985 0.985 0.985 0.985 0.985 0.985 0.985 0.985 0.986 0.985 0.986 0.986 0.985 0.986 0.985 0.985 0.985 0.986 0.986 0.986 0.985 0.985 0.985 0.985 0.986 0.985 0.985 0.985 0.985 0.985 0.985 0.985 0.985 0.984 0.984 0.984 0.984 0.984 0.984 0.984 0.984 0.983 0.983 0.983 0.983 0.983 0.983 0.983 0.982 0.982 0.982 0.983 0.983 0.981 0.981 0.981 0.980 0.979 0.979 0.978 0.978 0.978 0.977 0.977 0.978 0.977 0.977 0.977 0.976 0.976 0.974 0.973 0.973 0.969 0.965 0.963 0.964 0.963 0.963 0.959 0.946 0.938 0.929 0.892 0.908 0.918 0.900 0.879 0.907 0.907 0.902 0.903 0.897 0.911 0.941 0.954 0.954 0.951 0.953 0.953 0.955 0.953 0.948 0.951 0.943 0.941 0.956 0.957 0.948 0.954 0.938 0.943 0.919 0.941 0.933 0.918 0.915 0.905 0.907 0.888 0.832 0.770 0.941 0.945 0.947 0.957 0.940 0.925 0.811 0.898 0.496 0.689 0.302 0.479 0.512 0.750 0.918 0.915 0.928 0.941 0.901 0.904 0.913 0.926 0.944 0.950 0.949 0.944 0.945 0.950 0.938 0.927 0.812 0.744 0.690 0.672 0.575 0.627 0.603 0.532 0.570 0.553 0.558 0.560 0.475 0.590 0.407 0.446 0.645 0.775 0.802 0.853 0.883 0.906 0.912 0.921 0.934 0.938 0.942 0.946 0.949 0.957 0.956 0.953 0.954 0.952 0.950 0.953 0.957 0.959 0.952 0.952 0.958 0.957 0.958 0.954 0.948 0.952 0.950 0.954 0.957 0.958 0.959 0.963 0.962 0.966 0.968 0.968 0.968 0.969 0.969 0.969 0.965 0.968 0.970 0.973 0.972 0.971 0.971 0.971 0.970 0.971 0.971 0.971 0.972 0.974 0.972 0.971 0.968 0.969 0.966 0.960 0.953 0.944 0.939 0.932 0.932 0.935 0.923 0.900 0.877 0.859 0.847 0.866 0.900 0.889 0.887 0.869 0.853 0.819 0.820 0.795 0.766 0.819 0.828 0.808 0.807
>8qj1
0.626 0.569 0.589 0.525 0.557 0.642 0.662 0.711 0.721 0.710 0.715 0.700 0.705 0.686 0.682 0.701 0.705 0.758 0.773 0.803 0.820 0.830 0.836 0.834 0.858 0.896 0.923 0.926 0.928 0.936 0.935 0.938 0.941 0.934 0.930 0.905 0.901 0.898
>8qjj
0.915 0.914 0.930 0.928 0.935 0.937 0.943 0.945 0.946 0.946 0.947 0.948 0.949 0.948 0.955 0.957 0.959 0.959 0.962 0.963 0.965 0.965 0.967 0.966 0.969 0.966 0.969 0.969 0.972 0.973 0.972 0.974 0.974 0.975 0.976 0.977 0.977 0.979 0.979 0.979 0.979 0.978 0.977 0.977 0.978 0.978 0.979 0.979 0.979 0.979 0.979 0.979 0.978 0.978 0.978 0.977 0.977 0.977 0.978 0.978 0.979 0.978 0.979 0.979 0.979 0.979 0.980 0.980 0.980 0.980 0.981 0.981 0.981 0.981 0.981 0.981 0.981 0.982 0.982 0.982 0.983 0.983 0.983 0.983 0.984 0.984 0.985 0.985 0.985 0.985 0.985 0.985 0.985 0.985 0.985 0.985 0.985 0.985 0.985 0.985 0.985 0.985 0.985 0.986 0.985 0.986 0.986 0.985 0.985 0.986 0.985 0.985 0.986 0.986 0.986 0.985 0.986 0.985 0.985 0.985 0.985 0.985 0.985 0.985 0.985 0.985 0.985 0.985 0.985 0.985 0.985 0.985 0.985 0.986 0.985 0.986 0.986 0.985 0.986 0.985 0.985 0.985 0.986 0.986 0.986 0.985 0.985 0.985 0.985 0.986 0.985 0.985 0.985 0.985 0.985 0.985 0.985 0.985 0.984 0.984 0.984 0.984 0.984 0.984 0.984 0.984 0.983 0.983 0.983 0.983 0.983 0.983 0.983 0.982 0.982 0.982 0.983 0.983 0.981 0.981 0.981 0.980 0.979 0.979 0.978 0.978 0.978 0.977 0.977 0.978 0.977 0.977 0.977 0.976 0.976 0.974 0.973 0.973 0.969 0.965 0.963 0.964 0.963 0.963 0.959 0.946 0.938 0.929 0.892 0.908 0.918 0.900 0.879 0.907 0.907 0.902 0.903 0.897 0.911 0.941 0.954 0.954 0.951 0.953 0.953 0.955 0.953 0.948 0.951 0.943 0.941 0.956 0.957 0.948 0.954 0.938 0.943 0.919 0.941 0.933 0.918 0.915 0.905 0.907 0.888 0.832 0.770 0.941 0.945 0.947 0.957 0.940 0.925 0.811 0.898 0.496 0.689 0.302 0.479 0.512 0.750 0.918 0.915 0.928 0.941 0.901 0.904 0.913 0.926 0.944 0.950 0.949 0.944 0.945 0.950 0.938 0.927 0.812 0.744 0.690 0.672 0.575 0.627 0.603 0.532 0.570 0.553 0.558 0.560 0.475 0.590 0.407 0.446 0.645 0.775 0.802 0.853 0.883 0.906 0.912 0.921 0.934 0.938 0.942 0.946 0.949 0.957 0.956 0.953 0.954 0.952 0.950 0.953 0.957 0.959 0.952 0.952 0.958 0.957 0.958 0.954 0.948 0.952 0.950 0.954 0.957 0.958 0.959 0.963 0.962 0.966 0.968 0.968 0.968 0.969 0.969 0.969 0.965 0.968 0.970 0.973 0.972 0.971 0.971 0.971 0.970 0.971 0.971 0.971 0.972 0.974 0.972 0.971 0.968 0.969 0.966 0.960 0.953 0.944 0.939 0.932 0.932 0.935 0.923 0.900 0.877 0.859 0.847 0.866 0.900 0.889 0.887 0.869 0.853 0.819 0.820 0.795 0.766 0.819 0.828 0.808 0.807
>8qn6
0.742 0.805 0.799 0.830 0.793 0.782 0.784 0.788 0.763 0.710 0.683 0.648 0.627 0.624 0.621 0.611 0.585 0.537 0.511 0.453 0.433 0.384 0.431 0.414 0.477 0.504 0.426 0.459 0.496 0.552 0.523 0.525 0.548 0.554 0.527 0.514 0.482 0.455 0.415 0.486
>8qn7
0.742 0.805 0.799 0.830 0.793 0.782 0.784 0.788 0.763 0.710 0.683 0.648 0.627 0.624 0.621 0.611 0.585 0.537 0.511 0.453 0.433 0.384 0.431 0.414 0.477 0.504 0.426 0.459 0.496 0.552 0.523 0.525 0.548 0.554 0.527 0.514 0.482 0.455 0.415 0.486
>8qpz
0.798 0.760 0.790 0.821 0.811 0.810 0.798 0.786 0.787 0.810 0.822 0.845 0.860 0.843 0.828 0.784 0.743 0.836 0.720 0.659 0.633 0.562 0.561 0.587 0.619 0.722 0.787 0.762 0.720 0.715 0.728 0.860 0.825 0.874 0.880 0.854 0.814 0.835 0.791 0.751 0.824 0.816 0.778 0.675 0.713 0.666 0.663 0.673 0.629 0.601 0.601 0.541 0.495 0.521 0.542 0.562 0.605 0.629 0.642 0.664 0.651 0.660 0.662 0.653 0.636 0.670 0.687 0.703 0.708 0.689 0.671 0.667 0.685 0.736 0.752 0.761 0.763 0.804 0.827 0.846 0.849 0.872 0.884 0.880 0.911 0.915 0.924 0.931 0.934 0.935 0.937 0.938 0.940 0.934 0.927 0.923 0.937 0.955 0.953 0.951 0.945 0.948 0.952 0.947 0.955 0.952 0.956 0.961 0.964 0.964 0.965 0.962 0.960 0.963 0.961 0.961 0.960 0.959 0.957 0.955 0.956 0.960 0.962 0.968 0.971 0.969 0.962 0.972 0.978 0.960 0.960 0.959 0.966 0.006
>8qut
0.373 0.384 0.258 0.222 0.205 0.211 0.217 0.221 0.200 0.215 0.208 0.193 0.167 0.161 0.156 0.153 0.136 0.135 0.143 0.126 0.136 0.154 0.145 0.147 0.167 0.172 0.169 0.178 0.167 0.186 0.180 0.201 0.210 0.211 0.233 0.284 0.334 0.339 0.370 0.409 0.410 0.410 0.442 0.424 0.433 0.421 0.414 0.380 0.378 0.390 0.381 0.360 0.345 0.313 0.307 0.312 0.315 0.330 0.335 0.319 0.288 0.271 0.272 0.277 0.261 0.247 0.220 0.209 0.205 0.200 0.202 0.203 0.198 0.197 0.176 0.199 0.207 0.206 0.200 0.209 0.168 0.118 0.105 0.096 0.077 0.078 0.085 0.085 0.079 0.088 0.100 0.106 0.121 0.141 0.144 0.147 0.147 0.145 0.124 0.116 0.106 0.111 0.108 0.112 0.118 0.125 0.134 0.166 0.171 0.162 0.155 0.167 0.151 0.132 0.135 0.133 0.120 0.123 0.150 0.157 0.170 0.217 0.226 0.255 0.287 0.286 0.282 0.276 0.318 0.437
>8qv8
0.585 0.734 0.533 0.518 0.416 0.374 0.458 0.451 0.397 0.475 0.529 0.452 0.379 0.382 0.336 0.347 0.344 0.291 0.284 0.260 0.267 0.307 0.288 0.323 0.312 0.322 0.311 0.348 0.405 0.444 0.475 0.489 0.541 0.598 0.600 0.627 0.663 0.678 0.660 0.672 0.700 0.716 0.740 0.754 0.755 0.739 0.711 0.665 0.670 0.668 0.659 0.653 0.667 0.636 0.637 0.635 0.605 0.584 0.553 0.518 0.478 0.453 0.453 0.425 0.360 0.357 0.347 0.339 0.312 0.345 0.306 0.345 0.379 0.359 0.394 0.393 0.480 0.481 0.469 0.426 0.357 0.395 0.282 0.276 0.252 0.245 0.228 0.217 0.197 0.241 0.252 0.273 0.297 0.306 0.324 0.310 0.309 0.313 0.308 0.300 0.293 0.262 0.278 0.309 0.325 0.325 0.364 0.340 0.294 0.272 0.272 0.254 0.234 0.225 0.180 0.161 0.177 0.207 0.215 0.225 0.227 0.234 0.239 0.247 0.232 0.261 0.258 0.296 0.350
>8qvp
0.612 0.549 0.575 0.549 0.535 0.606 0.629 0.655 0.647 0.647 0.638 0.637 0.644 0.616 0.604 0.626 0.624 0.712 0.741 0.782 0.804 0.812 0.804 0.809 0.825 0.861 0.870 0.895 0.901 0.911 0.911 0.918 0.918 0.908 0.889 0.858 0.832 0.854
>8qvq
0.612 0.549 0.575 0.549 0.535 0.606 0.629 0.655 0.647 0.647 0.638 0.637 0.644 0.616 0.604 0.626 0.624 0.712 0.741 0.782 0.804 0.812 0.804 0.809 0.825 0.861 0.870 0.895 0.901 0.911 0.911 0.918 0.918 0.908 0.889 0.858 0.832 0.854
>8qvr
0.612 0.549 0.575 0.549 0.535 0.606 0.629 0.655 0.647 0.647 0.638 0.637 0.644 0.616 0.604 0.626 0.624 0.712 0.741 0.782 0.804 0.812 0.804 0.809 0.825 0.861 0.870 0.895 0.901 0.911 0.911 0.918 0.918 0.908 0.889 0.858 0.832 0.854
>8qx9
0.725 0.751 0.794 0.818 0.782 0.839 0.773 0.732 0.768 0.795 0.710 0.668 0.599 0.507 0.468 0.423 0.340 0.337 0.300 0.278 0.294 0.280 0.273 0.246 0.203 0.207 0.191 0.165 0.148 0.117 0.115 0.098 0.098 0.089 0.071 0.061 0.054 0.056 0.060 0.062 0.069 0.074 0.071 0.084 0.083 0.076 0.072 0.076 0.065 0.050 0.051 0.054 0.058 0.067 0.071 0.079 0.075 0.067 0.060 0.058 0.049 0.043 0.038 0.035 0.032 0.030 0.032 0.037 0.044 0.050 0.056 0.072 0.085 0.089 0.097 0.111 0.116 0.111 0.107 0.110 0.108 0.104 0.115 0.129 0.137 0.144 0.174 0.202 0.200 0.225 0.255 0.241 0.219 0.215 0.181 0.150 0.127 0.114 0.097 0.070 0.059 0.061 0.061 0.059 0.061 0.064 0.073 0.065 0.058 0.057 0.059 0.056 0.053 0.048 0.046 0.042 0.039 0.041 0.042 0.040 0.042 0.044 0.047 0.047 0.051 0.059 0.061 0.059 0.067 0.071 0.067 0.074 0.090 0.099 0.094 0.098 0.100 0.094 0.087 0.088 0.084 0.080 0.083 0.089 0.090 0.093 0.090 0.091 0.088 0.077 0.069 0.068 0.063 0.062 0.064 0.061 0.059 0.058 0.057 0.064 0.066 0.063 0.067 0.066 0.074 0.071 0.075 0.090 0.093 0.114 0.132 0.158 0.167 0.195 0.215 0.235 0.254 0.283 0.297 0.297 0.289 0.228 0.237 0.215 0.202 0.197 0.178 0.199 0.200 0.207 0.182 0.163 0.146 0.149 0.138 0.112 0.101 0.096 0.085 0.070 0.077 0.071 0.064 0.064 0.064 0.066 0.070 0.077 0.077 0.073 0.072 0.069 0.069 0.067 0.067 0.066 0.064 0.056 0.053 0.051 0.044 0.036 0.037 0.040 0.036 0.033 0.037 0.033 0.029 0.033 0.036 0.035 0.037 0.041 0.047 0.047 0.043 0.041 0.040 0.041 0.045 0.049 0.053 0.053 0.060 0.063 0.074 0.083 0.082 0.086 0.096 0.121 0.151 0.161 0.187 0.216 0.263 0.281 0.291 0.336 0.361 0.411 0.479 0.538 0.604 0.689 0.733 0.825 0.859 0.887 0.914 0.933 0.958 0.969 0.971 0.975 0.979 0.981 0.984 0.986 0.987 0.987 0.986 0.988 0.988 0.988 0.989 0.989 0.989 0.990 0.989 0.990 0.991 0.990 0.990 0.990 0.990 0.990 0.990 0.990 0.990 0.990 0.989 0.990 0.990 0.990 0.988 0.988 0.987 0.985 0.985 0.984 0.983 0.981 0.979 0.976 0.973 0.967 0.962 0.956 0.960 0.951 0.953 0.934 0.934 0.921 0.934 0.925 0.918 0.926 0.929 0.931 0.937 0.945 0.946 0.946 0.951 0.953 0.958 0.959 0.959 0.962 0.958 0.961 0.965 0.968 0.968 0.969 0.971 0.970 0.973 0.973 0.975 0.977 0.978 0.981 0.980 0.981 0.981 0.981 0.981 0.980 0.981 0.981 0.981 0.981 0.982 0.982 0.982 0.982 0.983 0.984 0.984 0.984 0.984 0.985 0.986 0.985 0.985 0.984 0.984 0.984 0.985 0.985 0.985 0.985 0.985 0.985 0.985 0.986 0.986 0.985 0.985 0.985 0.983 0.981 0.980 0.978 0.978 0.977 0.976 0.977 0.977 0.977 0.976 0.973 0.973 0.971 0.971 0.969 0.969 0.967 0.969 0.964
>8qxa
0.725 0.751 0.794 0.818 0.782 0.839 0.773 0.732 0.768 0.795 0.710 0.668 0.599 0.507 0.468 0.423 0.340 0.337 0.300 0.278 0.294 0.280 0.273 0.246 0.203 0.207 0.191 0.165 0.148 0.117 0.115 0.098 0.098 0.089 0.071 0.061 0.054 0.056 0.060 0.062 0.069 0.074 0.071 0.084 0.083 0.076 0.072 0.076 0.065 0.050 0.051 0.054 0.058 0.067 0.071 0.079 0.075 0.067 0.060 0.058 0.049 0.043 0.038 0.035 0.032 0.030 0.032 0.037 0.044 0.050 0.056 0.072 0.085 0.089 0.097 0.111 0.116 0.111 0.107 0.110 0.108 0.104 0.115 0.129 0.137 0.144 0.174 0.202 0.200 0.225 0.255 0.241 0.219 0.215 0.181 0.150 0.127 0.114 0.097 0.070 0.059 0.061 0.061 0.059 0.061 0.064 0.073 0.065 0.058 0.057 0.059 0.056 0.053 0.048 0.046 0.042 0.039 0.041 0.042 0.040 0.042 0.044 0.047 0.047 0.051 0.059 0.061 0.059 0.067 0.071 0.067 0.074 0.090 0.099 0.094 0.098 0.100 0.094 0.087 0.088 0.084 0.080 0.083 0.089 0.090 0.093 0.090 0.091 0.088 0.077 0.069 0.068 0.063 0.062 0.064 0.061 0.059 0.058 0.057 0.064 0.066 0.063 0.067 0.066 0.074 0.071 0.075 0.090 0.093 0.114 0.132 0.158 0.167 0.195 0.215 0.235 0.254 0.283 0.297 0.297 0.289 0.228 0.237 0.215 0.202 0.197 0.178 0.199 0.200 0.207 0.182 0.163 0.146 0.149 0.138 0.112 0.101 0.096 0.085 0.070 0.077 0.071 0.064 0.064 0.064 0.066 0.070 0.077 0.077 0.073 0.072 0.069 0.069 0.067 0.067 0.066 0.064 0.056 0.053 0.051 0.044 0.036 0.037 0.040 0.036 0.033 0.037 0.033 0.029 0.033 0.036 0.035 0.037 0.041 0.047 0.047 0.043 0.041 0.040 0.041 0.045 0.049 0.053 0.053 0.060 0.063 0.074 0.083 0.082 0.086 0.096 0.121 0.151 0.161 0.187 0.216 0.263 0.281 0.291 0.336 0.361 0.411 0.479 0.538 0.604 0.689 0.733 0.825 0.859 0.887 0.914 0.933 0.958 0.969 0.971 0.975 0.979 0.981 0.984 0.986 0.987 0.987 0.986 0.988 0.988 0.988 0.989 0.989 0.989 0.990 0.989 0.990 0.991 0.990 0.990 0.990 0.990 0.990 0.990 0.990 0.990 0.990 0.989 0.990 0.990 0.990 0.988 0.988 0.987 0.985 0.985 0.984 0.983 0.981 0.979 0.976 0.973 0.967 0.962 0.956 0.960 0.951 0.953 0.934 0.934 0.921 0.934 0.925 0.918 0.926 0.929 0.931 0.937 0.945 0.946 0.946 0.951 0.953 0.958 0.959 0.959 0.962 0.958 0.961 0.965 0.968 0.968 0.969 0.971 0.970 0.973 0.973 0.975 0.977 0.978 0.981 0.980 0.981 0.981 0.981 0.981 0.980 0.981 0.981 0.981 0.981 0.982 0.982 0.982 0.982 0.983 0.984 0.984 0.984 0.984 0.985 0.986 0.985 0.985 0.984 0.984 0.984 0.985 0.985 0.985 0.985 0.985 0.985 0.985 0.986 0.986 0.985 0.985 0.985 0.983 0.981 0.980 0.978 0.978 0.977 0.976 0.977 0.977 0.977 0.976 0.973 0.973 0.971 0.971 0.969 0.969 0.967 0.969 0.964
>8qxb
0.725 0.751 0.794 0.818 0.782 0.839 0.773 0.732 0.768 0.795 0.710 0.668 0.599 0.507 0.468 0.423 0.340 0.337 0.300 0.278 0.294 0.280 0.273 0.246 0.203 0.207 0.191 0.165 0.148 0.117 0.115 0.098 0.098 0.089 0.071 0.061 0.054 0.056 0.060 0.062 0.069 0.074 0.071 0.084 0.083 0.076 0.072 0.076 0.065 0.050 0.051 0.054 0.058 0.067 0.071 0.079 0.075 0.067 0.060 0.058 0.049 0.043 0.038 0.035 0.032 0.030 0.032 0.037 0.044 0.050 0.056 0.072 0.085 0.089 0.097 0.111 0.116 0.111 0.107 0.110 0.108 0.104 0.115 0.129 0.137 0.144 0.174 0.202 0.200 0.225 0.255 0.241 0.219 0.215 0.181 0.150 0.127 0.114 0.097 0.070 0.059 0.061 0.061 0.059 0.061 0.064 0.073 0.065 0.058 0.057 0.059 0.056 0.053 0.048 0.046 0.042 0.039 0.041 0.042 0.040 0.042 0.044 0.047 0.047 0.051 0.059 0.061 0.059 0.067 0.071 0.067 0.074 0.090 0.099 0.094 0.098 0.100 0.094 0.087 0.088 0.084 0.080 0.083 0.089 0.090 0.093 0.090 0.091 0.088 0.077 0.069 0.068 0.063 0.062 0.064 0.061 0.059 0.058 0.057 0.064 0.066 0.063 0.067 0.066 0.074 0.071 0.075 0.090 0.093 0.114 0.132 0.158 0.167 0.195 0.215 0.235 0.254 0.283 0.297 0.297 0.289 0.228 0.237 0.215 0.202 0.197 0.178 0.199 0.200 0.207 0.182 0.163 0.146 0.149 0.138 0.112 0.101 0.096 0.085 0.070 0.077 0.071 0.064 0.064 0.064 0.066 0.070 0.077 0.077 0.073 0.072 0.069 0.069 0.067 0.067 0.066 0.064 0.056 0.053 0.051 0.044 0.036 0.037 0.040 0.036 0.033 0.037 0.033 0.029 0.033 0.036 0.035 0.037 0.041 0.047 0.047 0.043 0.041 0.040 0.041 0.045 0.049 0.053 0.053 0.060 0.063 0.074 0.083 0.082 0.086 0.096 0.121 0.151 0.161 0.187 0.216 0.263 0.281 0.291 0.336 0.361 0.411 0.479 0.538 0.604 0.689 0.733 0.825 0.859 0.887 0.914 0.933 0.958 0.969 0.971 0.975 0.979 0.981 0.984 0.986 0.987 0.987 0.986 0.988 0.988 0.988 0.989 0.989 0.989 0.990 0.989 0.990 0.991 0.990 0.990 0.990 0.990 0.990 0.990 0.990 0.990 0.990 0.989 0.990 0.990 0.990 0.988 0.988 0.987 0.985 0.985 0.984 0.983 0.981 0.979 0.976 0.973 0.967 0.962 0.956 0.960 0.951 0.953 0.934 0.934 0.921 0.934 0.925 0.918 0.926 0.929 0.931 0.937 0.945 0.946 0.946 0.951 0.953 0.958 0.959 0.959 0.962 0.958 0.961 0.965 0.968 0.968 0.969 0.971 0.970 0.973 0.973 0.975 0.977 0.978 0.981 0.980 0.981 0.981 0.981 0.981 0.980 0.981 0.981 0.981 0.981 0.982 0.982 0.982 0.982 0.983 0.984 0.984 0.984 0.984 0.985 0.986 0.985 0.985 0.984 0.984 0.984 0.985 0.985 0.985 0.985 0.985 0.985 0.985 0.986 0.986 0.985 0.985 0.985 0.983 0.981 0.980 0.978 0.978 0.977 0.976 0.977 0.977 0.977 0.976 0.973 0.973 0.971 0.971 0.969 0.969 0.967 0.969 0.964
>8r1s
0.626 0.569 0.589 0.525 0.557 0.642 0.662 0.711 0.721 0.710 0.715 0.700 0.705 0.686 0.682 0.701 0.705 0.758 0.773 0.803 0.820 0.830 0.836 0.834 0.858 0.896 0.923 0.926 0.928 0.936 0.935 0.938 0.941 0.934 0.930 0.905 0.901 0.898
>8r3t
0.921 0.918 0.934 0.933 0.928 0.928 0.936 0.934 0.937 0.940 0.941 0.946 0.944 0.944 0.949 0.953 0.955 0.955 0.954 0.953 0.956 0.955 0.961 0.963 0.968 0.967 0.971 0.971 0.973 0.975 0.975 0.977 0.977 0.979 0.980 0.979 0.979 0.979 0.979 0.979 0.980 0.981 0.981 0.982 0.982 0.983 0.983 0.983 0.983 0.983 0.983 0.983 0.983 0.983 0.983 0.983 0.983 0.982 0.983 0.983 0.983 0.983 0.983 0.983 0.983 0.983 0.983 0.983 0.983 0.983 0.983 0.983 0.983 0.984 0.983 0.983 0.984 0.984 0.984 0.984 0.984 0.984 0.984 0.984 0.984 0.984 0.984 0.984 0.984 0.984 0.984 0.984 0.984 0.984 0.984 0.983 0.984 0.984 0.984 0.983 0.983 0.982 0.982 0.982 0.982 0.982 0.981 0.982 0.981 0.981 0.982 0.981 0.982 0.981 0.981 0.981 0.981 0.980 0.980 0.981 0.980 0.980 0.980 0.980 0.980 0.981 0.980 0.980 0.981 0.981 0.980 0.981 0.981 0.981 0.981 0.981 0.982 0.982 0.982 0.982 0.983 0.983 0.983 0.984 0.984 0.985 0.985 0.985 0.985 0.985 0.985 0.985 0.985 0.985 0.985 0.985 0.985 0.985 0.985 0.985 0.985 0.985 0.986 0.985 0.986 0.986 0.986 0.985 0.985 0.985 0.985 0.985 0.986 0.986 0.985 0.985 0.985 0.985 0.985 0.985 0.985 0.985 0.985 0.985 0.985 0.985 0.985 0.985 0.985 0.985 0.985 0.985 0.985 0.985 0.986 0.986 0.985 0.985 0.985 0.985 0.985 0.986 0.986 0.986 0.985 0.985 0.985 0.985 0.986 0.985 0.985 0.985 0.985 0.985 0.985 0.985 0.985 0.984 0.984 0.984 0.984 0.984 0.984 0.984 0.984 0.983 0.983 0.983 0.983 0.983 0.983 0.983 0.982 0.982 0.982 0.983 0.983 0.981 0.981 0.981 0.980 0.979 0.979 0.978 0.978 0.978 0.977 0.977 0.978 0.977 0.977 0.977 0.976 0.976 0.974 0.973 0.973 0.969 0.965 0.963 0.964 0.963 0.963 0.959 0.946 0.938 0.929 0.892 0.908 0.918 0.900 0.879 0.907 0.907 0.902 0.903 0.897 0.911 0.941 0.954 0.954 0.951 0.953 0.953 0.955 0.953 0.948 0.951 0.943 0.941 0.956 0.957 0.948 0.954 0.938 0.943 0.919 0.941 0.933 0.918 0.915 0.905 0.907 0.888 0.832 0.770 0.941 0.945 0.947 0.957 0.940 0.925 0.811 0.898 0.496 0.689 0.302 0.479 0.512 0.750 0.918 0.915 0.928 0.941 0.901 0.904 0.913 0.926 0.944 0.950 0.949 0.944 0.945 0.950 0.938 0.927 0.812 0.744 0.690 0.672 0.575 0.627 0.603 0.532 0.570 0.553 0.558 0.560 0.475 0.590 0.407 0.446 0.645 0.775 0.802 0.853 0.883 0.906 0.912 0.921 0.934 0.938 0.942 0.946 0.949 0.957 0.956 0.953 0.954 0.952 0.950 0.953 0.957 0.959 0.952 0.952 0.958 0.957 0.958 0.954 0.948 0.952 0.950 0.954 0.957 0.958 0.959 0.963 0.962 0.966 0.968 0.968 0.968 0.969 0.969 0.969 0.965 0.968 0.970 0.973 0.972 0.971 0.971 0.971 0.970 0.971 0.971 0.971 0.972 0.974 0.972 0.971 0.968 0.969 0.966 0.960 0.953 0.944 0.939 0.932 0.932 0.935 0.923 0.900 0.877 0.859 0.847 0.866 0.900 0.889 0.887 0.869 0.853 0.819 0.820 0.795 0.766 0.819 0.828 0.808 0.807
>8r47
0.401 0.480 0.545 0.482 0.342 0.310 0.310 0.261 0.250 0.238 0.255 0.257 0.219 0.169 0.149 0.134 0.134 0.120 0.119 0.107 0.125 0.128 0.130 0.146 0.171 0.174 0.185 0.190 0.187 0.180 0.177 0.179 0.177 0.180 0.164 0.147 0.165 0.167 0.159 0.171 0.203 0.215 0.223 0.324 0.342 0.386 0.397 0.441 0.457 0.441 0.475 0.525 0.552 0.602 0.621 0.627 0.661 0.650 0.657 0.625 0.561 0.507 0.452 0.529 0.553 0.534 0.509 0.579 0.571 0.531 0.575 0.571 0.612 0.629 0.636 0.625 0.631 0.615 0.602 0.572 0.583 0.539 0.563 0.557 0.537 0.501 0.421 0.382 0.333 0.311 0.343 0.380 0.378 0.344 0.357 0.438 0.600 0.634 0.580 0.546 0.523 0.499 0.665 0.793 0.832 0.806 0.764 0.740 0.773 0.770 0.770 0.738 0.680
>8r4a
0.373 0.386 0.258 0.223 0.205 0.212 0.217 0.221 0.200 0.215 0.208 0.193 0.164 0.160 0.156 0.153 0.135 0.135 0.145 0.128 0.139 0.156 0.147 0.150 0.168 0.174 0.171 0.180 0.167 0.185 0.182 0.201 0.210 0.210 0.240 0.291 0.336 0.339 0.358 0.405 0.410 0.415 0.450 0.424 0.427 0.401 0.392 0.367 0.370 0.386 0.379 0.364 0.342 0.305 0.304 0.328 0.336 0.346 0.350 0.339 0.306 0.283 0.290 0.300 0.279 0.246 0.225 0.211 0.208 0.199 0.201 0.201 0.198 0.199 0.195 0.201 0.203 0.222 0.214 0.221 0.171 0.125 0.112 0.092 0.071 0.071 0.080 0.078 0.076 0.090 0.099 0.107 0.123 0.145 0.145 0.151 0.152 0.149 0.130 0.124 0.113 0.118 0.114 0.120 0.125 0.130 0.145 0.191 0.202 0.180 0.167 0.184 0.161 0.142 0.143 0.141 0.132 0.134 0.176 0.182 0.200 0.256 0.264 0.305 0.346 0.321 0.315 0.316 0.397 0.589
>8r4i
0.607 0.560 0.572 0.545 0.558 0.596 0.620 0.656 0.645 0.648 0.638 0.613 0.604 0.594 0.581 0.585 0.570 0.665 0.705 0.755 0.780 0.795 0.802 0.802 0.813 0.828 0.833 0.870 0.877 0.890 0.890 0.900 0.906 0.899 0.887 0.849 0.843 0.859
>8ri9
0.509 0.733 0.748 0.762 0.780 0.724 0.777 0.813 0.789 0.790 0.782 0.729 0.727 0.669 0.662 0.706 0.675 0.677 0.680 0.703 0.699 0.662 0.615 0.743 0.664 0.603 0.598 0.565 0.592 0.637 0.700 0.792 0.842 0.838 0.746 0.779 0.819 0.887 0.872 0.889 0.898 0.866 0.833 0.880 0.849 0.837 0.846 0.832 0.850 0.831 0.862 0.795 0.765 0.749 0.691 0.660 0.654 0.574 0.519 0.545 0.566 0.592 0.624 0.637 0.652 0.681 0.669 0.683 0.684 0.665 0.651 0.674 0.695 0.700 0.707 0.688 0.675 0.679 0.715 0.779 0.805 0.807 0.804 0.833 0.845 0.874 0.885 0.896 0.895 0.892 0.920 0.921 0.929 0.935 0.938 0.942 0.943 0.943 0.938 0.926 0.915 0.917 0.933 0.954 0.954 0.952 0.945 0.948 0.952 0.947 0.955 0.952 0.956 0.961 0.964 0.964 0.965 0.962 0.960 0.963 0.961 0.961 0.960 0.959 0.957 0.955 0.956 0.960 0.962 0.968 0.971 0.969 0.962 0.972 0.978 0.960 0.960 0.959 0.966 0.006
>8rm8
0.596 0.544 0.571 0.532 0.540 0.617 0.632 0.675 0.659 0.653 0.650 0.658 0.655 0.641 0.630 0.632 0.634 0.717 0.740 0.776 0.801 0.809 0.810 0.810 0.822 0.857 0.873 0.899 0.904 0.915 0.913 0.916 0.919 0.906 0.890 0.850 0.840 0.852
>8rm9
0.596 0.544 0.571 0.532 0.540 0.617 0.632 0.675 0.659 0.653 0.650 0.658 0.655 0.641 0.630 0.632 0.634 0.717 0.740 0.776 0.801 0.809 0.810 0.810 0.822 0.857 0.873 0.899 0.904 0.915 0.913 0.916 0.919 0.906 0.890 0.850 0.840 0.852
>8rqm
0.509 0.733 0.748 0.762 0.780 0.724 0.777 0.813 0.789 0.790 0.782 0.729 0.727 0.669 0.662 0.706 0.675 0.677 0.680 0.703 0.699 0.662 0.615 0.743 0.664 0.603 0.598 0.565 0.592 0.637 0.700 0.792 0.842 0.838 0.746 0.779 0.819 0.887 0.872 0.889 0.898 0.866 0.833 0.880 0.849 0.837 0.846 0.832 0.850 0.831 0.862 0.795 0.765 0.749 0.691 0.660 0.654 0.574 0.519 0.545 0.566 0.592 0.624 0.637 0.652 0.681 0.669 0.683 0.684 0.665 0.651 0.674 0.695 0.700 0.707 0.688 0.675 0.679 0.715 0.779 0.805 0.807 0.804 0.833 0.845 0.874 0.885 0.896 0.895 0.892 0.920 0.921 0.929 0.935 0.938 0.942 0.943 0.943 0.938 0.926 0.915 0.917 0.933 0.954 0.954 0.952 0.945 0.948 0.952 0.947 0.955 0.952 0.956 0.961 0.964 0.964 0.965 0.962 0.960 0.963 0.961 0.961 0.960 0.959 0.957 0.955 0.956 0.960 0.962 0.968 0.971 0.969 0.962 0.972 0.978 0.960 0.960 0.959 0.966 0.006
>8rrr
0.509 0.733 0.748 0.762 0.780 0.724 0.777 0.813 0.789 0.790 0.782 0.729 0.727 0.669 0.662 0.706 0.675 0.677 0.680 0.703 0.699 0.662 0.615 0.743 0.664 0.603 0.598 0.565 0.592 0.637 0.700 0.792 0.842 0.838 0.746 0.779 0.819 0.887 0.872 0.889 0.898 0.866 0.833 0.880 0.849 0.837 0.846 0.832 0.850 0.831 0.862 0.795 0.765 0.749 0.691 0.660 0.654 0.574 0.519 0.545 0.566 0.592 0.624 0.637 0.652 0.681 0.669 0.683 0.684 0.665 0.651 0.674 0.695 0.700 0.707 0.688 0.675 0.679 0.715 0.779 0.805 0.807 0.804 0.833 0.845 0.874 0.885 0.896 0.895 0.892 0.920 0.921 0.929 0.935 0.938 0.942 0.943 0.943 0.938 0.926 0.915 0.917 0.933 0.954 0.954 0.952 0.945 0.948 0.952 0.947 0.955 0.952 0.956 0.961 0.964 0.964 0.965 0.962 0.960 0.963 0.961 0.961 0.960 0.959 0.957 0.955 0.956 0.960 0.962 0.968 0.971 0.969 0.962 0.972 0.978 0.960 0.960 0.959 0.966 0.006
>8rvt
0.335 0.317 0.364 0.359 0.343 0.369 0.396 0.408 0.403 0.397 0.385 0.366 0.330 0.326 0.331 0.327 0.311 0.320 0.337 0.318 0.309
>8sbd
0.778 0.757 0.734 0.703 0.686 0.620 0.574 0.576 0.556 0.572 0.585 0.587 0.593 0.571 0.578 0.572 0.575 0.612 0.612 0.629 0.642 0.658 0.724 0.883 0.825 0.755 0.773 0.828 0.830 0.841
>8seh
0.448 0.514 0.578 0.593 0.646 0.669 0.721 0.651 0.658 0.615 0.622 0.599 0.605 0.672 0.734 0.766 0.798 0.824 0.803 0.817 0.829 0.838 0.845 0.881 0.895 0.917 0.925 0.924 0.919 0.911 0.908 0.897 0.883 0.888 0.881 0.872 0.871 0.853 0.837 0.842 0.836 0.829 0.823 0.801 0.792 0.779 0.781 0.776 0.802 0.815 0.824 0.837 0.854 0.862 0.852 0.855 0.848 0.858 0.867 0.875 0.889 0.906 0.894 0.896 0.887 0.893 0.891 0.874 0.890 0.919 0.930 0.933 0.922
>8sei
0.448 0.514 0.578 0.593 0.646 0.669 0.721 0.651 0.658 0.615 0.622 0.599 0.605 0.672 0.734 0.766 0.798 0.824 0.803 0.817 0.829 0.838 0.845 0.881 0.895 0.917 0.925 0.924 0.919 0.911 0.908 0.897 0.883 0.888 0.881 0.872 0.871 0.853 0.837 0.842 0.836 0.829 0.823 0.801 0.792 0.779 0.781 0.776 0.802 0.815 0.824 0.837 0.854 0.862 0.852 0.855 0.848 0.858 0.867 0.875 0.889 0.906 0.894 0.896 0.887 0.893 0.891 0.874 0.890 0.919 0.930 0.933 0.922
>8sej
0.732 0.734 0.736 0.682 0.698 0.671 0.654 0.630 0.613 0.577 0.549 0.542 0.520 0.465 0.484 0.475 0.567 0.580 0.586 0.488 0.508 0.543 0.526 0.523 0.547 0.541 0.581 0.620 0.641 0.648 0.619 0.598 0.552 0.003
>8sek
0.742 0.805 0.799 0.830 0.793 0.782 0.784 0.788 0.763 0.710 0.683 0.648 0.627 0.624 0.621 0.611 0.585 0.537 0.511 0.453 0.433 0.384 0.431 0.414 0.477 0.504 0.426 0.459 0.496 0.552 0.523 0.525 0.548 0.554 0.527 0.514 0.482 0.455 0.415 0.486
>8sel
0.742 0.805 0.799 0.830 0.793 0.782 0.784 0.788 0.763 0.710 0.683 0.648 0.627 0.624 0.621 0.611 0.585 0.537 0.511 0.453 0.433 0.384 0.431 0.414 0.477 0.504 0.426 0.459 0.496 0.552 0.523 0.525 0.548 0.554 0.527 0.514 0.482 0.455 0.415 0.486
>8spa
0.899 0.900 0.896 0.918 0.895 0.878 0.807 0.743 0.781 0.826 0.850 0.850 0.848 0.830 0.820 0.847 0.860 0.840 0.820 0.803 0.781 0.781 0.796 0.803 0.795 0.807 0.798 0.813 0.815 0.807 0.792 0.786 0.796 0.778 0.754 0.713 0.686 0.676 0.669 0.640 0.524 0.435 0.435 0.438 0.345 0.409 0.416 0.425 0.416
>8tdn
0.951 0.948 0.952 0.952 0.947 0.949 0.955 0.962 0.961 0.963 0.970 0.969 0.970 0.969 0.963 0.961 0.949 0.932 0.885 0.847 0.803 0.771 0.709 0.674 0.513 0.433 0.345 0.333 0.210 0.234 0.224 0.222 0.199 0.169 0.143 0.119 0.103 0.082 0.066 0.057 0.049 0.043 0.048 0.050 0.054 0.059 0.071 0.073 0.088 0.092 0.100 0.113 0.121 0.118 0.116 0.115 0.120 0.127 0.144 0.157 0.176 0.205 0.256 0.273 0.313 0.338 0.302 0.296 0.317 0.337 0.295 0.294 0.287 0.299 0.305 0.306 0.314 0.288 0.287 0.274 0.250 0.223 0.211 0.197 0.200 0.192 0.179 0.159 0.153 0.149 0.138 0.137 0.136 0.125 0.117 0.108 0.108 0.121 0.114 0.107 0.109 0.100 0.088 0.086 0.082 0.080 0.080 0.087 0.089 0.091 0.115 0.121 0.113 0.110 0.101 0.096 0.090 0.083 0.071 0.064 0.058 0.052 0.052 0.050 0.049 0.060 0.067 0.083 0.092 0.089 0.084 0.077 0.068 0.074 0.094 0.119 0.115 0.114 0.150 0.177 0.171 0.187 0.230 0.243 0.269 0.320 0.327
>8tdo
0.951 0.948 0.952 0.952 0.947 0.949 0.955 0.962 0.961 0.963 0.970 0.969 0.970 0.969 0.963 0.961 0.949 0.932 0.885 0.847 0.803 0.771 0.709 0.674 0.513 0.433 0.345 0.333 0.210 0.234 0.224 0.222 0.199 0.169 0.143 0.119 0.103 0.082 0.066 0.057 0.049 0.043 0.048 0.050 0.054 0.059 0.071 0.073 0.088 0.092 0.100 0.113 0.121 0.118 0.116 0.115 0.120 0.127 0.144 0.157 0.176 0.205 0.256 0.273 0.313 0.338 0.302 0.296 0.317 0.337 0.295 0.294 0.287 0.299 0.305 0.306 0.314 0.288 0.287 0.274 0.250 0.223 0.211 0.197 0.200 0.192 0.179 0.159 0.153 0.149 0.138 0.137 0.136 0.125 0.117 0.108 0.108 0.121 0.114 0.107 0.109 0.100 0.088 0.086 0.082 0.080 0.080 0.087 0.089 0.091 0.115 0.121 0.113 0.110 0.101 0.096 0.090 0.083 0.071 0.064 0.058 0.052 0.052 0.050 0.049 0.060 0.067 0.083 0.092 0.089 0.084 0.077 0.068 0.074 0.094 0.119 0.115 0.114 0.150 0.177 0.171 0.187 0.230 0.243 0.269 0.320 0.327
>8teq
0.924 0.923 0.937 0.930 0.921 0.909 0.895 0.901 0.913 0.907 0.880 0.748 0.644 0.461 0.431 0.358 0.253 0.250 0.257 0.268 0.249 0.276 0.249 0.220 0.221 0.185 0.180 0.176 0.166 0.142 0.133 0.149 0.151 0.173 0.176 0.154 0.165 0.173 0.184 0.186 0.213 0.244 0.263 0.270 0.252 0.242 0.258 0.312 0.370 0.432 0.459 0.390 0.384 0.431 0.452 0.476 0.500 0.539 0.577 0.578 0.566 0.541 0.542 0.462 0.446 0.400 0.384 0.313 0.357 0.420 0.370 0.364 0.259 0.249 0.250 0.203 0.192 0.187 0.185 0.142 0.161 0.146 0.140 0.128 0.093 0.092 0.099 0.093 0.095 0.086 0.085 0.071 0.061 0.056 0.052 0.053 0.060 0.059 0.066 0.075 0.073 0.070 0.079 0.078 0.080 0.074 0.075 0.085 0.088 0.086 0.091 0.088 0.087 0.088 0.087 0.087 0.084 0.081 0.085 0.087 0.084 0.084 0.075 0.068 0.067 0.063 0.058 0.059 0.055 0.059 0.054 0.049 0.050 0.059 0.054 0.057 0.051 0.050 0.051 0.053 0.049 0.052 0.048 0.050 0.052 0.054 0.063 0.073 0.076 0.090 0.105 0.110 0.115 0.114 0.111 0.114 0.112 0.114 0.114 0.110 0.122 0.134 0.151 0.148 0.163 0.165 0.184 0.183 0.185 0.168 0.164 0.176 0.177 0.197 0.197 0.174 0.175 0.171 0.170 0.149 0.154 0.145 0.149 0.140 0.153 0.176 0.174 0.211 0.239 0.278 0.369 0.342 0.328 0.354 0.401 0.309 0.347 0.295 0.248 0.274 0.320 0.297 0.322 0.313 0.373 0.338 0.387 0.441 0.449 0.462 0.500 0.442 0.429 0.371 0.463 0.403 0.445 0.389 0.318 0.360 0.398 0.469 0.455 0.422 0.346 0.351 0.190 0.215 0.169 0.161 0.150 0.153 0.128 0.137 0.218 0.207 0.289 0.302 0.366 0.387 0.390 0.444 0.474 0.509 0.519 0.699 0.659 0.767 0.777 0.803 0.841 0.856 0.889 0.904 0.911 0.920 0.925 0.928 0.940 0.944 0.944 0.949 0.944 0.944 0.952 0.951 0.952 0.945 0.948 0.948 0.950 0.949 0.949 0.949 0.950 0.956 0.958 0.958 0.962 0.966 0.965 0.965 0.967 0.969 0.971 0.970 0.972 0.974 0.976 0.976 0.977 0.979 0.979 0.979 0.979 0.980 0.979 0.980 0.979 0.979 0.979 0.979 0.978 0.976 0.977 0.977 0.977 0.977 0.978 0.978 0.979 0.979 0.980 0.981 0.982 0.983 0.984 0.985 0.985 0.986 0.986 0.986 0.985 0.986 0.986 0.986 0.986 0.985 0.986 0.986 0.986 0.986 0.986 0.987 0.987 0.987 0.986 0.986 0.986 0.986 0.986 0.985 0.984 0.984 0.984 0.984 0.984 0.983 0.983 0.981 0.981 0.980 0.979 0.978 0.976 0.977 0.977 0.975
>8ter
0.924 0.923 0.937 0.930 0.921 0.909 0.895 0.901 0.913 0.907 0.880 0.748 0.644 0.461 0.431 0.358 0.253 0.250 0.257 0.268 0.249 0.276 0.249 0.220 0.221 0.185 0.180 0.176 0.166 0.142 0.133 0.149 0.151 0.173 0.176 0.154 0.165 0.173 0.184 0.186 0.213 0.244 0.263 0.270 0.252 0.242 0.258 0.312 0.370 0.432 0.459 0.390 0.384 0.431 0.452 0.476 0.500 0.539 0.577 0.578 0.566 0.541 0.542 0.462 0.446 0.400 0.384 0.313 0.357 0.420 0.370 0.364 0.259 0.249 0.250 0.203 0.192 0.187 0.185 0.142 0.161 0.146 0.140 0.128 0.093 0.092 0.099 0.093 0.095 0.086 0.085 0.071 0.061 0.056 0.052 0.053 0.060 0.059 0.066 0.075 0.073 0.070 0.079 0.078 0.080 0.074 0.075 0.085 0.088 0.086 0.091 0.088 0.087 0.088 0.087 0.087 0.084 0.081 0.085 0.087 0.084 0.084 0.075 0.068 0.067 0.063 0.058 0.059 0.055 0.059 0.054 0.049 0.050 0.059 0.054 0.057 0.051 0.050 0.051 0.053 0.049 0.052 0.048 0.050 0.052 0.054 0.063 0.073 0.076 0.090 0.105 0.110 0.115 0.114 0.111 0.114 0.112 0.114 0.114 0.110 0.122 0.134 0.151 0.148 0.163 0.165 0.184 0.183 0.185 0.168 0.164 0.176 0.177 0.197 0.197 0.174 0.175 0.171 0.170 0.149 0.154 0.145 0.149 0.140 0.153 0.176 0.174 0.211 0.239 0.278 0.369 0.342 0.328 0.354 0.401 0.309 0.347 0.295 0.248 0.275 0.322 0.299 0.326 0.317 0.379 0.341 0.389 0.443 0.454 0.473 0.518 0.466 0.450 0.398 0.499 0.435 0.476 0.419 0.356 0.379 0.430 0.509 0.438 0.415 0.341 0.338 0.188 0.211 0.165 0.157 0.147 0.150 0.123 0.133 0.199 0.201 0.270 0.272 0.338 0.369 0.371 0.423 0.454 0.496 0.493 0.666 0.623 0.749 0.781 0.809 0.846 0.865 0.888 0.903 0.914 0.924 0.931 0.937 0.947 0.949 0.948 0.952 0.950 0.949 0.956 0.950 0.953 0.947 0.950 0.951 0.952 0.951 0.952 0.952 0.953 0.958 0.960 0.961 0.964 0.967 0.967 0.968 0.970 0.972 0.974 0.974 0.976 0.978 0.979 0.981 0.982 0.983 0.983 0.983 0.983 0.983 0.983 0.983 0.982 0.982 0.982 0.982 0.981 0.980 0.981 0.981 0.981 0.981 0.980 0.980 0.979 0.979 0.979 0.980 0.979 0.980 0.980 0.981 0.982 0.983 0.982 0.982 0.982 0.982 0.982 0.982 0.983 0.983 0.983 0.984 0.985 0.985 0.985 0.986 0.986 0.986 0.986 0.985 0.986 0.985 0.985 0.984 0.984 0.983 0.984 0.984 0.984 0.983 0.983 0.981 0.981 0.980 0.979 0.978 0.977 0.977 0.977 0.976
>8ttl
0.908 0.906 0.922 0.924 0.919 0.919 0.932 0.934 0.937 0.937 0.940 0.946 0.943 0.943 0.948 0.953 0.954 0.955 0.956 0.960 0.961 0.962 0.964 0.964 0.967 0.967 0.968 0.969 0.971 0.972 0.971 0.974 0.973 0.975 0.976 0.976 0.977 0.978 0.978 0.978 0.978 0.977 0.977 0.977 0.977 0.979 0.979 0.980 0.980 0.981 0.980 0.980 0.979 0.978 0.979 0.978 0.977 0.977 0.978 0.978 0.978 0.979 0.978 0.978 0.979 0.979 0.979 0.980 0.980 0.980 0.980 0.981 0.981 0.981 0.981 0.981 0.981 0.982 0.982 0.982 0.983 0.983 0.983 0.984 0.984 0.984 0.984 0.985 0.985 0.985 0.985 0.985 0.985 0.985 0.985 0.985 0.985 0.985 0.985 0.985 0.985 0.986 0.985 0.986 0.986 0.985 0.986 0.986 0.986 0.985 0.986 0.985 0.985 0.986 0.986 0.986 0.986 0.986 0.986 0.986 0.986 0.986 0.986 0.986 0.986 0.986 0.986 0.986 0.985 0.985 0.986 0.985 0.986 0.986 0.986 0.986 0.986 0.985 0.986 0.986 0.985 0.985 0.985 0.986 0.985 0.985 0.985 0.985 0.985 0.985 0.986 0.985 0.985 0.985 0.985 0.986 0.985 0.985 0.985 0.984 0.984 0.984 0.984 0.984 0.985 0.984 0.984 0.984 0.984 0.983 0.984 0.983 0.984 0.983 0.983 0.983 0.983 0.983 0.983 0.982 0.982 0.981 0.981 0.980 0.979 0.979 0.979 0.978 0.977 0.978 0.978 0.978 0.978 0.978 0.977 0.977 0.974 0.974 0.973 0.969 0.966 0.963 0.965 0.964 0.963 0.960 0.948 0.939 0.930 0.894 0.909 0.919 0.901 0.881 0.909 0.907 0.904 0.902 0.901 0.913 0.935 0.954 0.954 0.952 0.953 0.952 0.955 0.953 0.949 0.948 0.937 0.937 0.954 0.955 0.945 0.955 0.935 0.943 0.917 0.940 0.937 0.918 0.916 0.908 0.907 0.885 0.831 0.772 0.940 0.945 0.947 0.957 0.940 0.925 0.811 0.898 0.496 0.689 0.302 0.479 0.512 0.750 0.918 0.915 0.928 0.941 0.901 0.904 0.913 0.926 0.944 0.950 0.949 0.944 0.945 0.950 0.938 0.927 0.812 0.744 0.690 0.672 0.575 0.627 0.603 0.532 0.570 0.553 0.558 0.560 0.475 0.590 0.407 0.446 0.645 0.775 0.802 0.853 0.883 0.906 0.912 0.921 0.934 0.938 0.942 0.946 0.949 0.957 0.956 0.953 0.954 0.952 0.950 0.953 0.957 0.959 0.952 0.952 0.958 0.957 0.958 0.954 0.948 0.952 0.950 0.954 0.957 0.958 0.959 0.963 0.962 0.966 0.968 0.968 0.968 0.969 0.969 0.969 0.965 0.968 0.970 0.973 0.972 0.971 0.971 0.971 0.970 0.971 0.971 0.971 0.972 0.974 0.972 0.971 0.968 0.969 0.966 0.960 0.953 0.944 0.939 0.932 0.932 0.935 0.923 0.900 0.877 0.859 0.847 0.866 0.900 0.889 0.887 0.869 0.853 0.819 0.820 0.795 0.766 0.819 0.828 0.808 0.807
>8ttn
0.908 0.906 0.922 0.924 0.919 0.919 0.932 0.934 0.937 0.937 0.940 0.946 0.943 0.943 0.948 0.953 0.954 0.955 0.956 0.960 0.961 0.962 0.964 0.964 0.967 0.967 0.968 0.969 0.971 0.972 0.971 0.974 0.973 0.975 0.976 0.976 0.977 0.978 0.978 0.978 0.978 0.977 0.977 0.977 0.977 0.979 0.979 0.980 0.980 0.981 0.980 0.980 0.979 0.978 0.979 0.978 0.977 0.977 0.978 0.978 0.978 0.979 0.978 0.978 0.979 0.979 0.979 0.980 0.980 0.980 0.980 0.981 0.981 0.981 0.981 0.981 0.981 0.981 0.982 0.982 0.983 0.983 0.983 0.983 0.983 0.984 0.984 0.985 0.985 0.985 0.985 0.985 0.985 0.985 0.985 0.985 0.985 0.985 0.985 0.985 0.985 0.986 0.985 0.985 0.986 0.985 0.986 0.985 0.985 0.985 0.986 0.985 0.985 0.985 0.986 0.986 0.985 0.985 0.985 0.985 0.985 0.985 0.985 0.985 0.985 0.985 0.985 0.985 0.985 0.985 0.985 0.985 0.985 0.985 0.986 0.985 0.986 0.986 0.985 0.985 0.985 0.985 0.985 0.986 0.986 0.986 0.985 0.985 0.985 0.985 0.986 0.985 0.985 0.985 0.985 0.985 0.985 0.985 0.985 0.984 0.984 0.984 0.984 0.984 0.984 0.984 0.984 0.983 0.983 0.983 0.983 0.983 0.983 0.983 0.982 0.982 0.982 0.983 0.983 0.981 0.981 0.981 0.980 0.979 0.979 0.978 0.978 0.978 0.977 0.977 0.978 0.977 0.977 0.977 0.976 0.976 0.974 0.973 0.973 0.969 0.965 0.963 0.964 0.963 0.963 0.959 0.946 0.938 0.929 0.892 0.908 0.918 0.900 0.879 0.907 0.907 0.902 0.903 0.897 0.911 0.941 0.954 0.954 0.951 0.953 0.953 0.955 0.953 0.948 0.951 0.943 0.941 0.956 0.957 0.948 0.954 0.938 0.943 0.920 0.941 0.934 0.922 0.920 0.912 0.909 0.904 0.848 0.788 0.938 0.951 0.950 0.956 0.939 0.936 0.861 0.921 0.555 0.788 0.406 0.633 0.659 0.843 0.924 0.922 0.926 0.940 0.883 0.898 0.914 0.927 0.946 0.952 0.951 0.945 0.950 0.953 0.948 0.942 0.876 0.815 0.755 0.761 0.701 0.764 0.712 0.601 0.734 0.782 0.788 0.809 0.690 0.753 0.495 0.640 0.721 0.744 0.826 0.899 0.924 0.912 0.926 0.935 0.939 0.943 0.947 0.951 0.956 0.960 0.959 0.958 0.959 0.952 0.952 0.952 0.956 0.960 0.960 0.959 0.961 0.960 0.962 0.963 0.961 0.961 0.960 0.964 0.964 0.965 0.966 0.968 0.969 0.970 0.971 0.971 0.972 0.972 0.973 0.971 0.971 0.972 0.972 0.975 0.974 0.974 0.974 0.973 0.973 0.973 0.973 0.973 0.973 0.974 0.973 0.973 0.970 0.970 0.967 0.963 0.956 0.950 0.946 0.943 0.946 0.950 0.943 0.924 0.907 0.896 0.893 0.908 0.927 0.928 0.924 0.908 0.896 0.866 0.869 0.844 0.811 0.865 0.876 0.859 0.851
>8uie
0.509 0.778 0.770 0.778 0.795 0.751 0.800 0.828 0.814 0.817 0.814 0.737 0.722 0.668 0.634 0.686 0.634 0.653 0.653 0.668 0.673 0.633 0.595 0.716 0.642 0.603 0.597 0.550 0.577 0.610 0.638 0.754 0.786 0.777 0.725 0.685 0.653 0.800 0.695 0.825 0.848 0.804 0.751 0.816 0.802 0.752 0.746 0.725 0.724 0.753 0.794 0.730 0.716 0.724 0.663 0.613 0.595 0.516 0.466 0.491 0.516 0.554 0.603 0.610 0.615 0.643 0.619 0.617 0.620 0.633 0.622 0.611 0.671 0.679 0.672 0.666 0.661 0.662 0.674 0.715 0.737 0.747 0.759 0.787 0.808 0.840 0.845 0.867 0.876 0.877 0.910 0.914 0.923 0.932 0.934 0.936 0.937 0.939 0.930 0.910 0.895 0.889 0.876 0.909 0.919 0.919 0.914 0.929 0.938 0.933 0.945 0.944 0.949 0.954 0.958 0.959 0.961 0.957 0.954 0.957 0.954 0.954 0.954 0.955 0.950 0.949 0.950 0.959 0.965 0.974 0.975 0.978 0.970 0.975 0.984 0.969 0.956 0.956 0.966 0.003
>8uq7
0.476 0.665 0.625 0.664 0.705 0.732 0.716 0.773 0.689 0.691 0.617 0.618 0.602 0.640 0.715 0.768 0.813 0.840 0.864 0.852 0.867 0.886 0.897 0.892 0.914 0.924 0.934 0.935 0.934 0.925 0.916 0.914 0.905 0.896 0.900 0.890 0.880 0.878 0.861 0.848 0.844 0.836 0.830 0.825 0.804 0.797 0.787 0.788 0.782 0.807 0.811 0.833 0.848 0.863 0.873 0.852 0.854 0.851 0.862 0.874 0.881 0.898 0.905 0.892 0.900 0.904 0.909 0.912 0.903 0.911 0.921 0.918 0.918 0.900 0.923
>8v1n
0.332 0.381 0.385 0.382 0.378 0.375 0.377 0.353 0.358 0.384 0.386 0.374 0.357 0.331 0.302 0.286 0.239 0.225 0.191
>8wcp
0.908 0.906 0.922 0.924 0.919 0.919 0.932 0.934 0.937 0.937 0.940 0.946 0.943 0.943 0.948 0.953 0.954 0.955 0.956 0.960 0.961 0.962 0.964 0.964 0.967 0.967 0.968 0.969 0.971 0.972 0.971 0.974 0.973 0.975 0.976 0.976 0.977 0.978 0.978 0.978 0.978 0.977 0.977 0.977 0.977 0.979 0.979 0.980 0.980 0.981 0.980 0.980 0.979 0.978 0.979 0.978 0.977 0.977 0.978 0.978 0.978 0.979 0.978 0.978 0.979 0.979 0.979 0.980 0.980 0.980 0.980 0.981 0.981 0.981 0.981 0.981 0.981 0.981 0.982 0.982 0.983 0.983 0.983 0.983 0.983 0.984 0.984 0.985 0.985 0.985 0.985 0.985 0.985 0.985 0.985 0.985 0.985 0.985 0.985 0.985 0.985 0.986 0.985 0.985 0.986 0.985 0.986 0.985 0.985 0.985 0.986 0.985 0.985 0.985 0.986 0.986 0.985 0.985 0.985 0.985 0.985 0.985 0.985 0.985 0.985 0.985 0.985 0.985 0.985 0.985 0.985 0.985 0.985 0.985 0.986 0.985 0.986 0.986 0.985 0.985 0.985 0.985 0.985 0.986 0.986 0.986 0.985 0.985 0.985 0.985 0.985 0.985 0.985 0.985 0.985 0.985 0.985 0.985 0.985 0.984 0.984 0.984 0.984 0.984 0.984 0.984 0.984 0.983 0.983 0.983 0.983 0.983 0.983 0.983 0.982 0.982 0.982 0.982 0.982 0.981 0.981 0.981 0.980 0.979 0.978 0.978 0.976 0.976 0.974 0.975 0.976 0.974 0.972 0.971 0.969 0.971 0.966 0.960 0.959 0.943 0.935 0.926 0.931 0.928 0.931 0.912 0.879 0.860 0.841 0.733 0.774 0.787 0.741 0.684 0.753 0.739 0.741 0.720 0.722 0.746 0.775 0.805 0.832 0.824 0.837 0.831 0.869 0.798 0.737 0.708 0.733 0.735 0.818 0.806 0.822 0.861 0.718 0.698 0.485 0.757 0.637 0.584 0.499 0.429 0.453 0.255 0.181 0.194 0.361 0.397 0.298 0.806 0.240 0.234 0.140 0.236 0.128 0.139 0.109 0.113 0.147 0.240 0.460 0.453 0.504 0.569 0.589 0.667 0.735 0.727 0.810 0.815 0.813 0.819 0.787 0.795 0.744 0.769 0.575 0.623 0.615 0.562 0.502 0.523 0.461 0.433 0.498 0.473 0.441 0.436 0.368 0.387 0.341 0.402 0.480 0.641 0.698 0.786 0.854 0.883 0.879 0.882 0.907 0.918 0.910 0.920 0.929 0.944 0.943 0.935 0.938 0.926 0.934 0.931 0.947 0.951 0.939 0.945 0.949 0.950 0.949 0.945 0.938 0.943 0.939 0.942 0.945 0.947 0.950 0.959 0.957 0.964 0.966 0.965 0.966 0.966 0.967 0.966 0.964 0.967 0.969 0.972 0.972 0.971 0.971 0.971 0.970 0.971 0.971 0.971 0.972 0.974 0.972 0.971 0.968 0.969 0.966 0.960 0.953 0.944 0.939 0.932 0.932 0.935 0.923 0.900 0.877 0.859 0.847 0.866 0.900 0.889 0.887 0.869 0.853 0.819 0.820 0.795 0.766 0.819 0.828 0.808 0.807
>8wzx
0.976 0.978 0.976 0.974 0.969 0.970 0.971 0.971 0.971 0.975 0.975 0.975 0.976 0.977 0.976 0.978 0.977 0.978 0.978 0.979 0.979 0.980 0.979 0.981 0.983 0.983 0.984 0.984 0.984 0.984 0.983 0.984 0.985 0.986 0.986 0.986 0.986 0.987 0.987 0.987 0.987 0.988 0.988 0.988 0.988 0.988 0.987 0.987 0.987 0.987 0.987 0.987 0.987 0.987 0.987 0.987 0.987 0.987 0.987 0.987 0.987 0.988 0.988 0.988 0.987 0.987 0.987 0.987 0.987 0.987 0.987 0.987 0.986 0.986 0.985 0.984 0.983 0.982 0.982 0.981 0.978 0.978 0.976 0.976 0.976 0.976 0.976 0.977 0.976 0.976 0.975 0.975 0.972 0.970 0.966 0.964 0.962 0.964 0.963 0.969 0.970 0.971 0.970 0.973 0.973 0.975 0.973 0.976 0.978 0.978 0.978 0.978 0.978 0.977 0.976 0.977 0.976 0.986 0.980 0.972 0.974 0.968 0.968
>8x5h
0.970 0.972 0.971 0.970 0.972 0.973 0.975 0.975 0.974 0.974 0.971 0.970 0.967 0.958 0.958 0.961 0.965 0.963 0.966 0.965 0.967 0.969 0.967 0.966 0.967 0.967 0.967 0.966 0.963 0.965 0.967 0.964 0.963 0.960 0.957 0.955 0.947 0.932 0.924 0.908 0.888 0.870 0.852 0.856 0.849 0.867 0.869 0.872 0.884 0.860 0.816 0.837 0.835 0.865 0.859 0.836 0.873 0.909 0.888 0.871 0.885 0.911 0.895 0.878 0.877 0.873 0.860 0.874 0.833 0.785 0.829 0.770 0.839 0.834 0.834 0.845 0.845 0.846 0.849 0.824 0.812 0.808 0.815 0.838 0.818 0.705 0.659 0.649 0.560 0.580 0.538 0.457 0.399 0.400 0.466 0.448 0.480 0.484 0.412 0.484 0.271 0.225 0.235 0.244 0.244 0.242 0.251 0.255 0.268 0.278 0.353 0.395 0.445 0.491 0.486 0.394 0.324 0.408 0.244 0.250 0.242 0.249 0.260 0.290 0.303 0.306 0.229 0.166 0.139 0.139 0.140 0.131 0.132 0.130 0.122 0.130 0.121 0.117 0.131 0.140 0.128 0.113 0.112 0.113 0.105 0.111 0.111 0.107 0.107 0.115 0.111 0.112 0.122 0.114 0.115 0.107 0.116 0.108 0.112 0.114 0.120 0.121 0.143 0.124 0.132 0.131 0.131 0.111 0.118 0.116 0.121 0.124 0.122 0.116 0.113 0.101 0.095 0.112 0.100 0.110 0.107 0.135 0.127 0.141 0.157 0.145 0.151 0.130 0.126 0.135 0.122 0.125 0.113 0.124 0.119 0.111 0.115 0.118 0.121 0.118 0.109 0.101 0.106 0.095 0.087 0.062 0.055 0.055 0.056 0.051 0.054 0.056 0.056 0.055 0.054 0.057 0.054 0.048 0.044 0.050 0.047 0.048 0.048 0.052 0.051 0.054 0.061 0.069 0.072 0.075 0.082 0.084 0.074 0.073 0.079 0.078 0.087 0.095 0.115 0.124 0.120 0.127 0.152 0.173 0.234 0.282 0.281 0.300 0.303 0.300 0.296 0.270 0.272 0.284 0.240 0.289 0.320 0.341 0.271 0.364 0.401 0.504 0.629 0.654 0.776 0.795 0.735 0.721 0.649 0.538 0.546 0.471 0.442 0.401
>8x7b
0.490 0.697 0.705 0.702 0.725 0.653 0.708 0.740 0.698 0.696 0.692 0.640 0.634 0.608 0.608 0.665 0.644 0.661 0.673 0.694 0.697 0.660 0.626 0.751 0.660 0.597 0.594 0.573 0.591 0.642 0.705 0.778 0.838 0.844 0.775 0.806 0.815 0.883 0.874 0.885 0.893 0.873 0.850 0.876 0.867 0.854 0.879 0.876 0.858 0.831 0.861 0.812 0.792 0.771 0.711 0.674 0.670 0.598 0.537 0.548 0.567 0.589 0.618 0.642 0.662 0.674 0.659 0.673 0.679 0.669 0.645 0.678 0.689 0.703 0.712 0.691 0.674 0.682 0.720 0.781 0.803 0.809 0.804 0.833 0.843 0.872 0.882 0.895 0.894 0.890 0.919 0.921 0.928 0.935 0.938 0.940 0.941 0.940 0.936 0.924 0.911 0.912 0.928 0.952 0.952 0.951 0.944 0.947 0.951 0.946 0.953 0.951 0.955 0.960 0.963 0.963 0.964 0.961 0.959 0.962 0.960 0.960 0.959 0.958 0.957 0.954 0.955 0.960 0.961 0.968 0.970 0.970 0.962 0.972 0.978 0.959 0.960 0.959 0.966 0.006
>8x7l
0.490 0.697 0.705 0.702 0.725 0.653 0.708 0.740 0.698 0.696 0.692 0.640 0.634 0.608 0.608 0.665 0.644 0.661 0.673 0.694 0.697 0.660 0.626 0.751 0.660 0.597 0.594 0.573 0.591 0.642 0.705 0.778 0.838 0.844 0.775 0.806 0.815 0.883 0.874 0.885 0.893 0.873 0.850 0.876 0.867 0.854 0.879 0.876 0.858 0.831 0.861 0.812 0.792 0.771 0.711 0.674 0.670 0.598 0.537 0.548 0.567 0.589 0.618 0.642 0.662 0.674 0.659 0.673 0.679 0.669 0.645 0.678 0.689 0.703 0.712 0.691 0.674 0.682 0.720 0.781 0.803 0.809 0.804 0.833 0.843 0.872 0.882 0.895 0.894 0.890 0.919 0.921 0.928 0.935 0.938 0.940 0.941 0.940 0.936 0.924 0.911 0.912 0.928 0.952 0.952 0.951 0.944 0.947 0.951 0.946 0.953 0.951 0.955 0.960 0.963 0.963 0.964 0.961 0.959 0.962 0.960 0.960 0.959 0.958 0.957 0.954 0.955 0.960 0.961 0.968 0.970 0.970 0.962 0.972 0.978 0.959 0.960 0.959 0.966 0.006
>8x7m
0.490 0.697 0.705 0.702 0.725 0.653 0.708 0.740 0.698 0.696 0.692 0.640 0.634 0.608 0.608 0.665 0.644 0.661 0.673 0.694 0.697 0.660 0.626 0.751 0.660 0.597 0.594 0.573 0.591 0.642 0.705 0.778 0.838 0.844 0.775 0.806 0.815 0.883 0.874 0.885 0.893 0.873 0.850 0.876 0.867 0.854 0.879 0.876 0.858 0.831 0.861 0.812 0.792 0.771 0.711 0.674 0.670 0.598 0.537 0.548 0.567 0.589 0.618 0.642 0.662 0.674 0.659 0.673 0.679 0.669 0.645 0.678 0.689 0.703 0.712 0.691 0.674 0.682 0.720 0.781 0.803 0.809 0.804 0.833 0.843 0.872 0.882 0.895 0.894 0.890 0.919 0.921 0.928 0.935 0.938 0.940 0.941 0.940 0.936 0.924 0.911 0.912 0.928 0.952 0.952 0.951 0.944 0.947 0.951 0.946 0.953 0.951 0.955 0.960 0.963 0.963 0.964 0.961 0.959 0.962 0.960 0.960 0.959 0.958 0.957 0.954 0.955 0.960 0.961 0.968 0.970 0.970 0.962 0.972 0.978 0.959 0.960 0.959 0.966 0.006
>8x7o
0.490 0.697 0.705 0.702 0.725 0.653 0.708 0.740 0.698 0.696 0.692 0.640 0.634 0.608 0.608 0.665 0.644 0.661 0.673 0.694 0.697 0.660 0.626 0.751 0.660 0.597 0.594 0.573 0.591 0.642 0.705 0.778 0.838 0.844 0.775 0.806 0.815 0.883 0.874 0.885 0.893 0.873 0.850 0.876 0.867 0.854 0.879 0.876 0.858 0.831 0.861 0.812 0.792 0.771 0.711 0.674 0.670 0.598 0.537 0.548 0.567 0.589 0.618 0.642 0.662 0.674 0.659 0.673 0.679 0.669 0.645 0.678 0.689 0.703 0.712 0.691 0.674 0.682 0.720 0.781 0.803 0.809 0.804 0.833 0.843 0.872 0.882 0.895 0.894 0.890 0.919 0.921 0.928 0.935 0.938 0.940 0.941 0.940 0.936 0.924 0.911 0.912 0.928 0.952 0.952 0.951 0.944 0.947 0.951 0.946 0.953 0.951 0.955 0.960 0.963 0.963 0.964 0.961 0.959 0.962 0.960 0.960 0.959 0.958 0.957 0.954 0.955 0.960 0.961 0.968 0.970 0.970 0.962 0.972 0.978 0.959 0.960 0.959 0.966 0.006
>8x7p
0.490 0.697 0.705 0.702 0.725 0.653 0.708 0.740 0.698 0.696 0.692 0.640 0.634 0.608 0.608 0.665 0.644 0.661 0.673 0.694 0.697 0.660 0.626 0.751 0.660 0.597 0.594 0.573 0.591 0.642 0.705 0.778 0.838 0.844 0.775 0.806 0.815 0.883 0.874 0.885 0.893 0.873 0.850 0.876 0.867 0.854 0.879 0.876 0.858 0.831 0.861 0.812 0.792 0.771 0.711 0.674 0.670 0.598 0.537 0.548 0.567 0.589 0.618 0.642 0.662 0.674 0.659 0.673 0.679 0.669 0.645 0.678 0.689 0.703 0.712 0.691 0.674 0.682 0.720 0.781 0.803 0.809 0.804 0.833 0.843 0.872 0.882 0.895 0.894 0.890 0.919 0.921 0.928 0.935 0.938 0.940 0.941 0.940 0.936 0.924 0.911 0.912 0.928 0.952 0.952 0.951 0.944 0.947 0.951 0.946 0.953 0.951 0.955 0.960 0.963 0.963 0.964 0.961 0.959 0.962 0.960 0.960 0.959 0.958 0.957 0.954 0.955 0.960 0.961 0.968 0.970 0.970 0.962 0.972 0.978 0.959 0.960 0.959 0.966 0.006
>8x7q
0.490 0.697 0.705 0.702 0.725 0.653 0.708 0.740 0.698 0.696 0.692 0.640 0.634 0.608 0.608 0.665 0.644 0.661 0.673 0.694 0.697 0.660 0.626 0.751 0.660 0.597 0.594 0.573 0.591 0.642 0.705 0.778 0.838 0.844 0.775 0.806 0.815 0.883 0.874 0.885 0.893 0.873 0.850 0.876 0.867 0.854 0.879 0.876 0.858 0.831 0.861 0.812 0.792 0.771 0.711 0.674 0.670 0.598 0.537 0.548 0.567 0.589 0.618 0.642 0.662 0.674 0.659 0.673 0.679 0.669 0.645 0.678 0.689 0.703 0.712 0.691 0.674 0.682 0.720 0.781 0.803 0.809 0.804 0.833 0.843 0.872 0.882 0.895 0.894 0.890 0.919 0.921 0.928 0.935 0.938 0.940 0.941 0.940 0.936 0.924 0.911 0.912 0.928 0.952 0.952 0.951 0.944 0.947 0.951 0.946 0.953 0.951 0.955 0.960 0.963 0.963 0.964 0.961 0.959 0.962 0.960 0.960 0.959 0.958 0.957 0.954 0.955 0.960 0.961 0.968 0.970 0.970 0.962 0.972 0.978 0.959 0.960 0.959 0.966 0.006
>8x7r
0.490 0.697 0.705 0.702 0.725 0.653 0.708 0.740 0.698 0.696 0.692 0.640 0.634 0.608 0.608 0.665 0.644 0.661 0.673 0.694 0.697 0.660 0.626 0.751 0.660 0.597 0.594 0.573 0.591 0.642 0.705 0.778 0.838 0.844 0.775 0.806 0.815 0.883 0.874 0.885 0.893 0.873 0.850 0.876 0.867 0.854 0.879 0.876 0.858 0.831 0.861 0.812 0.792 0.771 0.711 0.674 0.670 0.598 0.537 0.548 0.567 0.589 0.618 0.642 0.662 0.674 0.659 0.673 0.679 0.669 0.645 0.678 0.689 0.703 0.712 0.691 0.674 0.682 0.720 0.781 0.803 0.809 0.804 0.833 0.843 0.872 0.882 0.895 0.894 0.890 0.919 0.921 0.928 0.935 0.938 0.940 0.941 0.940 0.936 0.924 0.911 0.912 0.928 0.952 0.952 0.951 0.944 0.947 0.951 0.946 0.953 0.951 0.955 0.960 0.963 0.963 0.964 0.961 0.959 0.962 0.960 0.960 0.959 0.958 0.957 0.954 0.955 0.960 0.961 0.968 0.970 0.970 0.962 0.972 0.978 0.959 0.960 0.959 0.966 0.006
>8xwd
0.509 0.733 0.748 0.762 0.780 0.724 0.777 0.813 0.789 0.790 0.782 0.729 0.727 0.669 0.662 0.706 0.675 0.677 0.680 0.703 0.699 0.662 0.615 0.743 0.664 0.603 0.598 0.565 0.592 0.637 0.700 0.792 0.842 0.838 0.746 0.779 0.819 0.887 0.872 0.889 0.898 0.866 0.833 0.880 0.849 0.837 0.846 0.832 0.850 0.831 0.862 0.795 0.765 0.749 0.691 0.660 0.654 0.574 0.519 0.545 0.566 0.592 0.624 0.637 0.652 0.681 0.669 0.683 0.684 0.665 0.651 0.674 0.695 0.700 0.707 0.688 0.675 0.679 0.715 0.779 0.805 0.807 0.804 0.833 0.845 0.874 0.885 0.896 0.895 0.892 0.920 0.921 0.929 0.935 0.938 0.942 0.943 0.943 0.938 0.926 0.915 0.917 0.933 0.954 0.954 0.952 0.945 0.948 0.952 0.947 0.955 0.952 0.956 0.961 0.964 0.964 0.965 0.962 0.960 0.963 0.961 0.961 0.960 0.959 0.957 0.955 0.956 0.960 0.962 0.968 0.971 0.969 0.962 0.972 0.978 0.960 0.960 0.959 0.966 0.006
>8y2p
0.509 0.733 0.748 0.762 0.780 0.724 0.777 0.813 0.789 0.790 0.782 0.729 0.727 0.669 0.662 0.706 0.675 0.677 0.680 0.703 0.699 0.662 0.615 0.743 0.664 0.603 0.598 0.565 0.592 0.637 0.700 0.792 0.842 0.838 0.746 0.779 0.819 0.887 0.872 0.889 0.898 0.866 0.833 0.880 0.849 0.837 0.846 0.832 0.850 0.831 0.862 0.795 0.765 0.749 0.691 0.660 0.654 0.574 0.519 0.545 0.566 0.592 0.624 0.637 0.652 0.681 0.669 0.683 0.684 0.665 0.651 0.674 0.695 0.700 0.707 0.688 0.675 0.679 0.715 0.779 0.805 0.807 0.804 0.833 0.845 0.874 0.885 0.896 0.895 0.892 0.920 0.921 0.929 0.935 0.938 0.942 0.943 0.943 0.938 0.926 0.915 0.917 0.933 0.954 0.954 0.952 0.945 0.948 0.952 0.947 0.955 0.952 0.956 0.961 0.964 0.964 0.965 0.962 0.960 0.963 0.961 0.961 0.960 0.959 0.957 0.955 0.956 0.960 0.962 0.968 0.971 0.969 0.962 0.972 0.978 0.960 0.960 0.959 0.966 0.006
>8y2q
0.509 0.733 0.748 0.762 0.780 0.724 0.777 0.813 0.789 0.790 0.782 0.729 0.727 0.669 0.662 0.706 0.675 0.677 0.680 0.703 0.699 0.662 0.615 0.743 0.664 0.603 0.598 0.565 0.592 0.637 0.700 0.792 0.842 0.838 0.746 0.779 0.819 0.887 0.872 0.889 0.898 0.866 0.833 0.880 0.849 0.837 0.846 0.832 0.850 0.831 0.862 0.795 0.765 0.749 0.691 0.660 0.654 0.574 0.519 0.545 0.566 0.592 0.624 0.637 0.652 0.681 0.669 0.683 0.684 0.665 0.651 0.674 0.695 0.700 0.707 0.688 0.675 0.679 0.715 0.779 0.805 0.807 0.804 0.833 0.845 0.874 0.885 0.896 0.895 0.892 0.920 0.921 0.929 0.935 0.938 0.942 0.943 0.943 0.938 0.926 0.915 0.917 0.933 0.954 0.954 0.952 0.945 0.948 0.952 0.947 0.955 0.952 0.956 0.961 0.964 0.964 0.965 0.962 0.960 0.963 0.961 0.961 0.960 0.959 0.957 0.955 0.956 0.960 0.962 0.968 0.971 0.969 0.962 0.972 0.978 0.960 0.960 0.959 0.966 0.006
>8yac
0.691 0.699 0.697 0.692 0.682 0.675 0.666 0.659 0.651 0.645 0.642 0.641 0.643 0.643 0.653 0.654 0.654 0.659 0.663 0.662 0.664 0.666 0.664 0.675 0.683 0.688 0.693 0.711 0.720 0.730 0.755
>8z93
0.966 0.949 0.929 0.916 0.896 0.902 0.887 0.860 0.811 0.804 0.758 0.865 0.919 0.940 0.907 0.910 0.858 0.809 0.797 0.730 0.790 0.725 0.717 0.693 0.708 0.671 0.622 0.684 0.663 0.624 0.621 0.566 0.508 0.509 0.547 0.504 0.464 0.487 0.747 0.696 0.831 0.747 0.785 0.815 0.824 0.814 0.827 0.854 0.872 0.858 0.863 0.869 0.883 0.883 0.907 0.904 0.906 0.905 0.913 0.921 0.897 0.879 0.867 0.866 0.854 0.847 0.810 0.827 0.796 0.776 0.812 0.825 0.783 0.771 0.726 0.751 0.722 0.731 0.723 0.743 0.700 0.725 0.721 0.729 0.762 0.815 0.775 0.861 0.871 0.867 0.912 0.920 0.926 0.932 0.928 0.929 0.927 0.932
>8z94
0.973 0.975 0.975 0.977 0.975 0.977 0.977 0.978 0.980 0.980 0.980 0.980 0.981 0.980 0.981 0.982 0.982 0.982 0.983 0.982 0.982 0.982 0.982 0.982 0.981 0.981 0.981 0.980 0.980 0.981 0.981 0.981 0.980 0.981 0.980 0.979 0.979 0.978 0.976 0.972 0.970 0.964 0.958 0.954 0.952 0.946 0.933 0.926 0.915 0.910 0.903 0.879 0.883 0.862 0.848 0.826 0.798 0.794 0.775 0.774 0.759 0.765 0.775 0.804 0.768 0.772 0.765 0.721 0.665 0.677 0.676 0.626 0.621 0.621 0.595 0.602 0.618 0.646 0.714 0.726 0.762 0.799 0.786 0.819 0.837 0.865 0.885 0.904 0.927 0.941 0.946 0.957 0.962 0.965 0.965 0.971 0.973 0.974 0.975 0.978 0.978 0.980 0.980 0.981 0.981 0.981 0.981 0.982 0.982 0.982 0.979 0.976 0.976 0.972 0.968 0.965 0.964 0.965 0.963 0.963 0.962 0.962 0.961 0.965 0.964 0.961 0.955 0.960 0.961 0.962 0.966 0.970 0.970 0.967 0.968 0.965 0.967 0.970 0.968 0.959 0.961
>8zli
0.633 0.684 0.707 0.707 0.781 0.839 0.842 0.853 0.853 0.820 0.755 0.741 0.752 0.717 0.724 0.770 0.743 0.699 0.668 0.653 0.603 0.596 0.589 0.605 0.660 0.664 0.678 0.781 0.760 0.727 0.717 0.696 0.718 0.750 0.744 0.761 0.770 0.777 0.806 0.822 0.814 0.826 0.806 0.788 0.792 0.785 0.813 0.778 0.763 0.751 0.746 0.679 0.661 0.648 0.644
>8zlo
0.633 0.684 0.707 0.707 0.781 0.839 0.842 0.853 0.853 0.820 0.755 0.741 0.752 0.717 0.724 0.770 0.743 0.699 0.668 0.653 0.603 0.596 0.589 0.605 0.660 0.664 0.678 0.781 0.760 0.727 0.717 0.696 0.718 0.750 0.744 0.761 0.770 0.777 0.806 0.822 0.814 0.826 0.806 0.788 0.792 0.785 0.813 0.778 0.763 0.751 0.746 0.679 0.661 0.648 0.644
>8zlp
0.768 0.538 0.721 0.734 0.712 0.721 0.626 0.664 0.655 0.623 0.651 0.595 0.543 0.530 0.528 0.536 0.566 0.592 0.604 0.560 0.593 0.644 0.608 0.570 0.637 0.560 0.469 0.483 0.483 0.495 0.519 0.523 0.578 0.620 0.615 0.641 0.627 0.609 0.629 0.622 0.666 0.729 0.622 0.602 0.597 0.614 0.594 0.606 0.567 0.582 0.588 0.641 0.657 0.693 0.704 0.660 0.640 0.638 0.575 0.497 0.504 0.526 0.542 0.530 0.574 0.591 0.570 0.541 0.552 0.593 0.568 0.565 0.614 0.620 0.636 0.647 0.647 0.660 0.663 0.672 0.691 0.716 0.736 0.777 0.815 0.824 0.840 0.831 0.849 0.857 0.863 0.900 0.891 0.894 0.900 0.913 0.904 0.899 0.838
>8zm0
0.581 0.597 0.534 0.511
>8zmy
0.768 0.538 0.721 0.734 0.712 0.721 0.626 0.664 0.655 0.623 0.651 0.595 0.543 0.530 0.528 0.536 0.566 0.592 0.604 0.560 0.593 0.644 0.608 0.570 0.637 0.560 0.469 0.483 0.483 0.495 0.519 0.523 0.578 0.620 0.615 0.641 0.627 0.609 0.629 0.622 0.666 0.729 0.622 0.602 0.597 0.614 0.594 0.606 0.567 0.582 0.588 0.641 0.657 0.693 0.704 0.660 0.640 0.638 0.575 0.497 0.504 0.526 0.542 0.530 0.574 0.591 0.570 0.541 0.552 0.593 0.568 0.565 0.614 0.620 0.636 0.647 0.647 0.660 0.663 0.672 0.691 0.716 0.736 0.777 0.815 0.824 0.840 0.831 0.849 0.857 0.863 0.900 0.891 0.894 0.900 0.913 0.904 0.899 0.838
>8zwh
0.490 0.697 0.705 0.702 0.725 0.653 0.708 0.740 0.698 0.696 0.692 0.640 0.634 0.608 0.608 0.665 0.644 0.661 0.673 0.694 0.697 0.660 0.626 0.751 0.660 0.597 0.594 0.573 0.591 0.642 0.705 0.778 0.838 0.844 0.775 0.806 0.815 0.883 0.874 0.885 0.893 0.873 0.850 0.876 0.867 0.854 0.879 0.876 0.858 0.831 0.861 0.812 0.792 0.771 0.711 0.674 0.670 0.598 0.537 0.548 0.567 0.589 0.618 0.642 0.662 0.674 0.659 0.673 0.679 0.669 0.645 0.678 0.689 0.703 0.712 0.691 0.674 0.682 0.720 0.781 0.803 0.809 0.804 0.833 0.843 0.872 0.882 0.895 0.894 0.890 0.919 0.921 0.928 0.935 0.938 0.940 0.941 0.940 0.936 0.924 0.911 0.912 0.928 0.952 0.952 0.951 0.944 0.947 0.951 0.946 0.953 0.951 0.955 0.960 0.963 0.963 0.964 0.961 0.959 0.962 0.960 0.960 0.959 0.958 0.957 0.954 0.955 0.960 0.961 0.968 0.970 0.970 0.962 0.972 0.978 0.959 0.960 0.959 0.966 0.006
>8zwi
0.509 0.733 0.748 0.762 0.780 0.724 0.777 0.813 0.789 0.790 0.782 0.729 0.727 0.669 0.662 0.706 0.675 0.677 0.680 0.703 0.699 0.662 0.615 0.743 0.664 0.603 0.598 0.565 0.592 0.637 0.700 0.792 0.842 0.838 0.746 0.779 0.819 0.887 0.872 0.889 0.898 0.866 0.833 0.880 0.849 0.837 0.846 0.832 0.850 0.831 0.862 0.795 0.765 0.749 0.691 0.660 0.654 0.574 0.519 0.545 0.566 0.592 0.624 0.637 0.652 0.681 0.669 0.683 0.684 0.665 0.651 0.674 0.695 0.700 0.707 0.688 0.675 0.679 0.715 0.779 0.805 0.807 0.804 0.833 0.845 0.874 0.885 0.896 0.895 0.892 0.920 0.921 0.929 0.935 0.938 0.942 0.943 0.943 0.938 0.926 0.915 0.917 0.933 0.954 0.954 0.952 0.945 0.948 0.952 0.947 0.955 0.952 0.956 0.961 0.964 0.964 0.965 0.962 0.960 0.963 0.961 0.961 0.960 0.959 0.957 0.955 0.956 0.960 0.962 0.968 0.971 0.969 0.962 0.972 0.978 0.960 0.960 0.959 0.966 0.006
>8zwj
0.509 0.733 0.748 0.762 0.780 0.724 0.777 0.813 0.789 0.790 0.782 0.729 0.727 0.669 0.662 0.706 0.675 0.677 0.680 0.703 0.699 0.662 0.615 0.743 0.664 0.603 0.598 0.565 0.592 0.637 0.700 0.792 0.842 0.838 0.746 0.779 0.819 0.887 0.872 0.889 0.898 0.866 0.833 0.880 0.849 0.837 0.846 0.832 0.850 0.831 0.862 0.795 0.765 0.749 0.691 0.660 0.654 0.574 0.519 0.545 0.566 0.592 0.624 0.637 0.652 0.681 0.669 0.683 0.684 0.665 0.651 0.674 0.695 0.700 0.707 0.688 0.675 0.679 0.715 0.779 0.805 0.807 0.804 0.833 0.845 0.874 0.885 0.896 0.895 0.892 0.920 0.921 0.929 0.935 0.938 0.942 0.943 0.943 0.938 0.926 0.915 0.917 0.933 0.954 0.954 0.952 0.945 0.948 0.952 0.947 0.955 0.952 0.956 0.961 0.964 0.964 0.965 0.962 0.960 0.963 0.961 0.961 0.960 0.959 0.957 0.955 0.956 0.960 0.962 0.968 0.971 0.969 0.962 0.972 0.978 0.960 0.960 0.959 0.966 0.006
>8zwk
0.509 0.733 0.748 0.762 0.780 0.724 0.777 0.813 0.789 0.790 0.782 0.729 0.727 0.669 0.662 0.706 0.675 0.677 0.680 0.703 0.699 0.662 0.615 0.743 0.664 0.603 0.598 0.565 0.592 0.637 0.700 0.792 0.842 0.838 0.746 0.779 0.819 0.887 0.872 0.889 0.898 0.866 0.833 0.880 0.849 0.837 0.846 0.832 0.850 0.831 0.862 0.795 0.765 0.749 0.691 0.660 0.654 0.574 0.519 0.545 0.566 0.592 0.624 0.637 0.652 0.681 0.669 0.683 0.684 0.665 0.651 0.674 0.695 0.700 0.707 0.688 0.675 0.679 0.715 0.779 0.805 0.807 0.804 0.833 0.845 0.874 0.885 0.896 0.895 0.892 0.920 0.921 0.929 0.935 0.938 0.942 0.943 0.943 0.938 0.926 0.915 0.917 0.933 0.954 0.954 0.952 0.945 0.948 0.952 0.947 0.955 0.952 0.956 0.961 0.964 0.964 0.965 0.962 0.960 0.963 0.961 0.961 0.960 0.959 0.957 0.955 0.956 0.960 0.962 0.968 0.971 0.969 0.962 0.972 0.978 0.960 0.960 0.959 0.966 0.006
>8zwl
0.921 0.918 0.934 0.933 0.928 0.928 0.936 0.934 0.937 0.940 0.941 0.946 0.944 0.944 0.949 0.953 0.955 0.955 0.954 0.953 0.956 0.955 0.961 0.963 0.968 0.967 0.971 0.971 0.973 0.975 0.975 0.977 0.977 0.979 0.980 0.979 0.979 0.979 0.979 0.979 0.980 0.981 0.981 0.982 0.982 0.983 0.983 0.983 0.983 0.983 0.983 0.983 0.983 0.983 0.983 0.983 0.983 0.982 0.983 0.983 0.983 0.983 0.983 0.983 0.983 0.983 0.983 0.983 0.983 0.983 0.983 0.983 0.983 0.984 0.983 0.983 0.984 0.984 0.984 0.984 0.984 0.984 0.984 0.984 0.984 0.984 0.984 0.984 0.984 0.984 0.984 0.984 0.984 0.984 0.984 0.983 0.984 0.984 0.984 0.983 0.983 0.982 0.982 0.982 0.982 0.982 0.981 0.982 0.981 0.981 0.982 0.981 0.982 0.981 0.981 0.981 0.981 0.980 0.980 0.981 0.980 0.980 0.980 0.980 0.980 0.981 0.980 0.980 0.981 0.981 0.980 0.981 0.981 0.981 0.981 0.981 0.982 0.982 0.982 0.982 0.983 0.983 0.983 0.984 0.984 0.985 0.985 0.985 0.985 0.985 0.985 0.985 0.985 0.985 0.985 0.985 0.985 0.985 0.985 0.985 0.985 0.985 0.986 0.985 0.986 0.986 0.986 0.985 0.985 0.985 0.985 0.985 0.986 0.986 0.985 0.985 0.985 0.985 0.985 0.985 0.985 0.985 0.985 0.985 0.985 0.985 0.985 0.985 0.985 0.985 0.985 0.985 0.985 0.985 0.986 0.986 0.985 0.985 0.985 0.985 0.985 0.986 0.986 0.986 0.985 0.985 0.985 0.985 0.986 0.985 0.985 0.985 0.985 0.985 0.985 0.985 0.985 0.984 0.984 0.984 0.984 0.984 0.984 0.984 0.984 0.983 0.983 0.983 0.983 0.983 0.983 0.983 0.982 0.982 0.982 0.983 0.983 0.981 0.981 0.981 0.980 0.979 0.979 0.978 0.978 0.978 0.977 0.977 0.978 0.977 0.977 0.977 0.976 0.976 0.974 0.973 0.973 0.969 0.965 0.963 0.964 0.963 0.963 0.959 0.946 0.938 0.929 0.892 0.908 0.918 0.900 0.879 0.907 0.907 0.902 0.903 0.897 0.911 0.941 0.954 0.954 0.951 0.953 0.953 0.955 0.953 0.948 0.951 0.943 0.941 0.956 0.957 0.948 0.954 0.938 0.943 0.919 0.941 0.933 0.918 0.915 0.905 0.907 0.888 0.832 0.770 0.941 0.945 0.947 0.957 0.940 0.925 0.811 0.898 0.496 0.689 0.302 0.479 0.512 0.750 0.918 0.915 0.928 0.941 0.901 0.904 0.913 0.926 0.944 0.950 0.949 0.944 0.945 0.950 0.938 0.927 0.812 0.744 0.690 0.672 0.575 0.627 0.603 0.532 0.570 0.553 0.558 0.560 0.475 0.590 0.407 0.446 0.645 0.775 0.802 0.853 0.883 0.906 0.912 0.921 0.934 0.938 0.942 0.946 0.949 0.957 0.956 0.953 0.954 0.952 0.950 0.953 0.957 0.959 0.952 0.952 0.958 0.957 0.958 0.954 0.948 0.952 0.950 0.954 0.957 0.958 0.959 0.963 0.962 0.966 0.968 0.968 0.968 0.969 0.969 0.969 0.965 0.968 0.970 0.973 0.972 0.971 0.971 0.971 0.970 0.971 0.971 0.971 0.972 0.974 0.972 0.971 0.968 0.969 0.966 0.960 0.953 0.944 0.939 0.932 0.932 0.935 0.923 0.900 0.877 0.859 0.847 0.866 0.900 0.889 0.887 0.869 0.853 0.819 0.820 0.795 0.766 0.819 0.828 0.808 0.807
>8zwm
0.921 0.918 0.934 0.933 0.928 0.928 0.936 0.934 0.937 0.940 0.941 0.946 0.944 0.944 0.949 0.953 0.955 0.955 0.954 0.953 0.956 0.955 0.961 0.963 0.968 0.967 0.971 0.971 0.973 0.975 0.975 0.977 0.977 0.979 0.980 0.979 0.979 0.979 0.979 0.979 0.980 0.981 0.981 0.982 0.982 0.983 0.983 0.983 0.983 0.983 0.983 0.983 0.983 0.983 0.983 0.983 0.983 0.982 0.983 0.983 0.983 0.983 0.983 0.983 0.983 0.983 0.983 0.983 0.983 0.983 0.983 0.983 0.983 0.984 0.983 0.983 0.984 0.984 0.984 0.984 0.984 0.984 0.984 0.984 0.984 0.984 0.984 0.984 0.984 0.984 0.984 0.984 0.984 0.984 0.984 0.983 0.984 0.984 0.984 0.983 0.983 0.982 0.982 0.982 0.982 0.982 0.981 0.982 0.981 0.981 0.982 0.981 0.982 0.981 0.981 0.981 0.981 0.980 0.980 0.981 0.980 0.980 0.980 0.980 0.980 0.981 0.980 0.980 0.981 0.981 0.980 0.981 0.981 0.981 0.981 0.981 0.982 0.982 0.982 0.982 0.983 0.983 0.983 0.984 0.984 0.985 0.985 0.985 0.985 0.985 0.985 0.985 0.985 0.985 0.985 0.985 0.985 0.985 0.985 0.985 0.985 0.985 0.986 0.985 0.986 0.986 0.986 0.985 0.985 0.985 0.985 0.985 0.986 0.986 0.985 0.985 0.985 0.985 0.985 0.985 0.985 0.985 0.985 0.985 0.985 0.985 0.985 0.985 0.985 0.985 0.985 0.985 0.985 0.985 0.986 0.986 0.985 0.985 0.985 0.985 0.985 0.986 0.986 0.986 0.985 0.985 0.985 0.985 0.986 0.985 0.985 0.985 0.985 0.985 0.985 0.985 0.985 0.984 0.984 0.984 0.984 0.984 0.984 0.984 0.984 0.983 0.983 0.983 0.983 0.983 0.983 0.983 0.982 0.982 0.982 0.983 0.983 0.981 0.981 0.981 0.980 0.979 0.979 0.978 0.978 0.978 0.977 0.977 0.978 0.977 0.977 0.977 0.976 0.976 0.974 0.973 0.973 0.969 0.965 0.963 0.964 0.963 0.963 0.959 0.946 0.938 0.929 0.892 0.908 0.918 0.900 0.879 0.907 0.907 0.902 0.903 0.897 0.911 0.941 0.954 0.954 0.951 0.953 0.953 0.955 0.953 0.948 0.951 0.943 0.941 0.956 0.957 0.948 0.954 0.938 0.943 0.919 0.941 0.933 0.918 0.915 0.905 0.907 0.888 0.832 0.770 0.941 0.945 0.947 0.957 0.940 0.925 0.811 0.898 0.496 0.689 0.302 0.479 0.512 0.750 0.918 0.915 0.928 0.941 0.901 0.904 0.913 0.926 0.944 0.950 0.949 0.944 0.945 0.950 0.938 0.927 0.812 0.744 0.690 0.672 0.575 0.627 0.603 0.532 0.570 0.553 0.558 0.560 0.475 0.590 0.407 0.446 0.645 0.775 0.802 0.853 0.883 0.906 0.912 0.921 0.934 0.938 0.942 0.946 0.949 0.957 0.956 0.953 0.954 0.952 0.950 0.953 0.957 0.959 0.952 0.952 0.958 0.957 0.958 0.954 0.948 0.952 0.950 0.954 0.957 0.958 0.959 0.963 0.962 0.966 0.968 0.968 0.968 0.969 0.969 0.969 0.965 0.968 0.970 0.973 0.972 0.971 0.971 0.971 0.970 0.971 0.971 0.971 0.972 0.974 0.972 0.971 0.968 0.969 0.966 0.960 0.953 0.944 0.939 0.932 0.932 0.935 0.923 0.900 0.877 0.859 0.847 0.866 0.900 0.889 0.887 0.869 0.853 0.819 0.820 0.795 0.766 0.819 0.828 0.808 0.807
>8zx6
0.921 0.918 0.934 0.933 0.928 0.928 0.936 0.934 0.937 0.940 0.941 0.946 0.944 0.944 0.949 0.953 0.955 0.955 0.954 0.953 0.956 0.955 0.961 0.963 0.968 0.967 0.971 0.971 0.973 0.975 0.975 0.977 0.977 0.979 0.980 0.979 0.979 0.979 0.979 0.979 0.980 0.981 0.981 0.982 0.982 0.983 0.983 0.983 0.983 0.983 0.983 0.983 0.983 0.983 0.983 0.983 0.983 0.982 0.983 0.983 0.983 0.983 0.983 0.983 0.983 0.983 0.983 0.983 0.983 0.983 0.983 0.983 0.983 0.984 0.983 0.983 0.984 0.984 0.984 0.984 0.984 0.984 0.984 0.984 0.984 0.984 0.984 0.984 0.984 0.984 0.984 0.984 0.984 0.984 0.984 0.983 0.984 0.984 0.984 0.983 0.983 0.982 0.982 0.982 0.982 0.982 0.981 0.982 0.981 0.981 0.982 0.981 0.982 0.981 0.981 0.981 0.981 0.980 0.980 0.981 0.980 0.980 0.980 0.980 0.980 0.981 0.980 0.980 0.981 0.981 0.980 0.981 0.981 0.981 0.981 0.981 0.982 0.982 0.982 0.982 0.983 0.983 0.983 0.984 0.984 0.985 0.985 0.985 0.985 0.985 0.985 0.985 0.985 0.985 0.985 0.985 0.985 0.985 0.985 0.985 0.985 0.985 0.986 0.985 0.986 0.986 0.986 0.985 0.985 0.985 0.985 0.985 0.986 0.986 0.985 0.985 0.985 0.985 0.985 0.985 0.985 0.985 0.985 0.985 0.985 0.985 0.985 0.985 0.985 0.985 0.985 0.985 0.985 0.985 0.986 0.986 0.985 0.985 0.985 0.985 0.985 0.986 0.986 0.986 0.985 0.985 0.985 0.985 0.986 0.985 0.985 0.985 0.985 0.985 0.985 0.985 0.985 0.984 0.984 0.984 0.984 0.984 0.984 0.984 0.984 0.983 0.983 0.983 0.983 0.983 0.983 0.983 0.982 0.982 0.982 0.983 0.983 0.981 0.981 0.981 0.980 0.979 0.979 0.978 0.978 0.978 0.977 0.977 0.978 0.977 0.977 0.977 0.976 0.976 0.974 0.973 0.973 0.969 0.965 0.963 0.964 0.963 0.963 0.959 0.946 0.938 0.929 0.892 0.908 0.918 0.900 0.879 0.907 0.907 0.902 0.903 0.897 0.911 0.941 0.954 0.954 0.951 0.953 0.953 0.955 0.953 0.948 0.951 0.943 0.941 0.956 0.957 0.948 0.954 0.938 0.943 0.919 0.941 0.933 0.918 0.915 0.905 0.907 0.888 0.832 0.770 0.941 0.945 0.947 0.957 0.940 0.925 0.811 0.898 0.496 0.689 0.302 0.479 0.512 0.750 0.918 0.915 0.928 0.941 0.901 0.904 0.913 0.926 0.944 0.950 0.949 0.944 0.945 0.950 0.938 0.927 0.812 0.744 0.690 0.672 0.575 0.627 0.603 0.532 0.570 0.553 0.558 0.560 0.475 0.590 0.407 0.446 0.645 0.775 0.802 0.853 0.883 0.906 0.912 0.921 0.934 0.938 0.942 0.946 0.949 0.957 0.956 0.953 0.954 0.952 0.950 0.953 0.957 0.959 0.952 0.952 0.958 0.957 0.958 0.954 0.948 0.952 0.950 0.954 0.957 0.958 0.959 0.963 0.962 0.966 0.968 0.968 0.968 0.969 0.969 0.969 0.965 0.968 0.970 0.973 0.972 0.971 0.971 0.971 0.970 0.971 0.971 0.971 0.972 0.974 0.972 0.971 0.968 0.969 0.966 0.960 0.953 0.944 0.939 0.932 0.932 0.935 0.923 0.900 0.877 0.859 0.847 0.866 0.900 0.889 0.887 0.869 0.853 0.819 0.820 0.795 0.766 0.819 0.828 0.808 0.807
>9a8e
0.779 0.826 0.821 0.848 0.815 0.803 0.807 0.814 0.809 0.777 0.739 0.691 0.682 0.668 0.667 0.659 0.631 0.591 0.562 0.515 0.502 0.457 0.498 0.472 0.492 0.477 0.483 0.533 0.574 0.643 0.599 0.599 0.615 0.598 0.582 0.566 0.561 0.593 0.579 0.574 0.556 0.003
>9a8f
0.779 0.826 0.821 0.848 0.815 0.803 0.807 0.814 0.809 0.777 0.739 0.691 0.682 0.668 0.667 0.659 0.631 0.591 0.562 0.515 0.502 0.457 0.498 0.472 0.492 0.477 0.483 0.533 0.574 0.643 0.599 0.599 0.615 0.598 0.582 0.566 0.561 0.593 0.579 0.574 0.556 0.003
>9atw
0.287 0.293 0.247 0.194 0.259 0.312 0.315 0.322 0.349 0.391 0.416 0.416 0.481 0.474 0.474 0.452 0.484 0.486 0.479 0.506 0.512
>9axz
0.921 0.918 0.934 0.933 0.928 0.928 0.936 0.934 0.937 0.940 0.941 0.946 0.944 0.944 0.949 0.953 0.955 0.955 0.954 0.953 0.956 0.955 0.961 0.963 0.968 0.967 0.971 0.971 0.973 0.975 0.975 0.977 0.977 0.979 0.980 0.979 0.979 0.979 0.979 0.979 0.980 0.981 0.981 0.982 0.982 0.983 0.983 0.983 0.983 0.983 0.983 0.983 0.983 0.983 0.983 0.983 0.983 0.982 0.983 0.983 0.983 0.983 0.983 0.983 0.983 0.983 0.983 0.983 0.983 0.983 0.983 0.983 0.983 0.984 0.983 0.983 0.984 0.984 0.984 0.984 0.984 0.984 0.984 0.984 0.984 0.984 0.984 0.984 0.984 0.984 0.984 0.984 0.984 0.984 0.984 0.983 0.984 0.984 0.984 0.983 0.983 0.982 0.982 0.982 0.982 0.982 0.981 0.982 0.981 0.981 0.982 0.981 0.982 0.981 0.981 0.981 0.981 0.980 0.980 0.981 0.980 0.980 0.980 0.980 0.980 0.981 0.980 0.980 0.981 0.981 0.980 0.981 0.981 0.981 0.981 0.981 0.982 0.982 0.982 0.982 0.983 0.983 0.983 0.984 0.984 0.985 0.985 0.985 0.985 0.985 0.985 0.985 0.985 0.985 0.985 0.985 0.985 0.985 0.985 0.985 0.985 0.985 0.986 0.985 0.986 0.986 0.986 0.985 0.985 0.985 0.985 0.985 0.986 0.986 0.985 0.985 0.985 0.985 0.985 0.985 0.985 0.985 0.985 0.985 0.985 0.985 0.985 0.985 0.985 0.985 0.985 0.985 0.985 0.985 0.986 0.986 0.985 0.985 0.985 0.985 0.985 0.986 0.986 0.986 0.985 0.985 0.985 0.985 0.986 0.985 0.985 0.985 0.985 0.985 0.985 0.985 0.985 0.984 0.984 0.984 0.984 0.984 0.984 0.984 0.984 0.983 0.983 0.983 0.983 0.983 0.983 0.983 0.982 0.982 0.982 0.983 0.983 0.981 0.981 0.981 0.980 0.979 0.979 0.978 0.978 0.978 0.977 0.977 0.978 0.977 0.977 0.977 0.976 0.976 0.974 0.973 0.973 0.969 0.965 0.963 0.964 0.963 0.963 0.959 0.946 0.938 0.929 0.892 0.908 0.918 0.900 0.879 0.907 0.907 0.902 0.903 0.897 0.911 0.941 0.954 0.954 0.951 0.953 0.953 0.955 0.953 0.948 0.951 0.943 0.941 0.956 0.957 0.948 0.954 0.938 0.943 0.919 0.941 0.933 0.918 0.915 0.905 0.907 0.888 0.832 0.770 0.941 0.945 0.947 0.957 0.940 0.925 0.811 0.898 0.496 0.689 0.302 0.479 0.512 0.750 0.918 0.915 0.928 0.941 0.901 0.904 0.913 0.926 0.944 0.950 0.949 0.944 0.945 0.950 0.938 0.927 0.812 0.744 0.690 0.672 0.575 0.627 0.603 0.532 0.570 0.553 0.558 0.560 0.475 0.590 0.407 0.446 0.645 0.775 0.802 0.853 0.883 0.906 0.912 0.921 0.934 0.938 0.942 0.946 0.949 0.957 0.956 0.953 0.954 0.952 0.950 0.953 0.957 0.959 0.952 0.952 0.958 0.957 0.958 0.954 0.948 0.952 0.950 0.954 0.957 0.958 0.959 0.963 0.962 0.966 0.968 0.968 0.968 0.969 0.969 0.969 0.965 0.968 0.970 0.973 0.972 0.971 0.971 0.971 0.970 0.971 0.971 0.971 0.972 0.974 0.972 0.971 0.968 0.969 0.966 0.960 0.953 0.944 0.939 0.932 0.932 0.935 0.923 0.900 0.877 0.859 0.847 0.866 0.900 0.889 0.887 0.869 0.853 0.819 0.820 0.795 0.766 0.819 0.828 0.808 0.807
>9b3a
0.693 0.609 0.566 0.591 0.593 0.596 0.593 0.603 0.684 0.627 0.625 0.816 0.615 0.721 0.539 0.490 0.466 0.404 0.376 0.328 0.309 0.293
>9b3c
0.693 0.609 0.566 0.591 0.593 0.596 0.593 0.603 0.684 0.627 0.625 0.816 0.615 0.721 0.539 0.490 0.466 0.404 0.376 0.328 0.309 0.293
>9b4i
0.922 0.923 0.913 0.873 0.843 0.839 0.663
>9b4j
0.922 0.923 0.913 0.873 0.843 0.839 0.663
>9b4k
0.922 0.923 0.913 0.873 0.843 0.839 0.663
>9b4l
0.921 0.918 0.934 0.933 0.928 0.928 0.936 0.934 0.937 0.940 0.941 0.946 0.944 0.944 0.949 0.953 0.955 0.955 0.954 0.953 0.956 0.955 0.961 0.963 0.968 0.967 0.971 0.972 0.974 0.975 0.976 0.979 0.978 0.980 0.980 0.979 0.979 0.979 0.979 0.979 0.980 0.981 0.981 0.982 0.982 0.983 0.983 0.983 0.983 0.983 0.983 0.983 0.983 0.983 0.983 0.983 0.983 0.982 0.983 0.983 0.983 0.984 0.983 0.983 0.983 0.983 0.983 0.983 0.983 0.983 0.983 0.983 0.983 0.983 0.983 0.983 0.983 0.983 0.984 0.983 0.984 0.983 0.984 0.984 0.984 0.984 0.983 0.984 0.983 0.983 0.984 0.984 0.984 0.984 0.984 0.984 0.984 0.984 0.984 0.984 0.983 0.983 0.983 0.983 0.983 0.983 0.983 0.983 0.983 0.983 0.984 0.984 0.984 0.983 0.983 0.983 0.983 0.982 0.982 0.983 0.982 0.981 0.981 0.980 0.980 0.981 0.980 0.980 0.980 0.979 0.979 0.979 0.979 0.979 0.979 0.979 0.979 0.980 0.981 0.981 0.981 0.982 0.983 0.983 0.983 0.984 0.985 0.985 0.985 0.984 0.984 0.984 0.984 0.984 0.984 0.984 0.984 0.984 0.985 0.985 0.985 0.985 0.985 0.985 0.985 0.985 0.985 0.985 0.985 0.984 0.984 0.983 0.983 0.982 0.982 0.982 0.981 0.980 0.979 0.979 0.979 0.978 0.977 0.976 0.977 0.977 0.979 0.980 0.980 0.981 0.981 0.982 0.982 0.982 0.981 0.981 0.981 0.981 0.982 0.981 0.982 0.982 0.983 0.984 0.984 0.984 0.985 0.985 0.985 0.985 0.985 0.985 0.985 0.985 0.986 0.985 0.985 0.984 0.984 0.985 0.984 0.984 0.984 0.984 0.984 0.984 0.984 0.983 0.983 0.984 0.984 0.984 0.985 0.985 0.985 0.985 0.985 0.985 0.985 0.985 0.986 0.986 0.985 0.985 0.985 0.985 0.985 0.985 0.984 0.984 0.984 0.984 0.983 0.984 0.983 0.983 0.982 0.982 0.981 0.981 0.981 0.980 0.980 0.979 0.979 0.978 0.977 0.976 0.977 0.977 0.976 0.975 0.975 0.975 0.974 0.974 0.974 0.973 0.973 0.974 0.975 0.976 0.977 0.977 0.978 0.978 0.978 0.978 0.978 0.978 0.978 0.977 0.977 0.976 0.976 0.976 0.974 0.974 0.974 0.973 0.974 0.972 0.972 0.972 0.971 0.970 0.969 0.971 0.971 0.973 0.974 0.973 0.975 0.976 0.975 0.977 0.977 0.978 0.978 0.977 0.979 0.980 0.979 0.978 0.979 0.980 0.982 0.982 0.983 0.983 0.985 0.984 0.985 0.984 0.984 0.984 0.984 0.984 0.984 0.983 0.983 0.983 0.983 0.983 0.983 0.983 0.983 0.983 0.984 0.984 0.984 0.984 0.985 0.985 0.985 0.985 0.985 0.985 0.986 0.985 0.984 0.985 0.984 0.984 0.984 0.984 0.985 0.985 0.985 0.985 0.985 0.985 0.985 0.984 0.984 0.984 0.983 0.983 0.982 0.982 0.982 0.982 0.982 0.982 0.982 0.982 0.982 0.981 0.982 0.982 0.982 0.982 0.983 0.982 0.983 0.983 0.983 0.983 0.983 0.982 0.983 0.983 0.984 0.984 0.983 0.983 0.983 0.982 0.982 0.981 0.980 0.981 0.981 0.980 0.980 0.979 0.978 0.978 0.977 0.979 0.979 0.979 0.978 0.979 0.979 0.979 0.979 0.979 0.979 0.980 0.979 0.979 0.979 0.979 0.980 0.978 0.978 0.978 0.978 0.978 0.978 0.978 0.978 0.978 0.977 0.978 0.978 0.979 0.979 0.979 0.980 0.980 0.980 0.980 0.980 0.981 0.982 0.982 0.983 0.983 0.984 0.984 0.984 0.985 0.985 0.985 0.985 0.985 0.986 0.986 0.986 0.986 0.985 0.986 0.986 0.986 0.986 0.985 0.986 0.986 0.986 0.986 0.986 0.986 0.986 0.986 0.986 0.986 0.986 0.986 0.986 0.986 0.986 0.986 0.985 0.985 0.985 0.984 0.985 0.985 0.984 0.984 0.985 0.985 0.984 0.985 0.985 0.985 0.985 0.985 0.985 0.986 0.985 0.985 0.985 0.985 0.985 0.985 0.986 0.986 0.986 0.986 0.986 0.985 0.985 0.986 0.985 0.985 0.985 0.985 0.985 0.985 0.985 0.985 0.985 0.984 0.984 0.984 0.984 0.984 0.984 0.984 0.983 0.984 0.983 0.983 0.983 0.983 0.983 0.983 0.982 0.982 0.983 0.983 0.981 0.981 0.981 0.980 0.979 0.979 0.978 0.978 0.978 0.977 0.977 0.978 0.977 0.977 0.977 0.976 0.976 0.974 0.973 0.973 0.969 0.965 0.963 0.964 0.963 0.963 0.959 0.946 0.938 0.929 0.892 0.908 0.918 0.900 0.879 0.907 0.907 0.902 0.903 0.897 0.911 0.941 0.954 0.954 0.951 0.953 0.953 0.955 0.953 0.948 0.951 0.943 0.941 0.956 0.957 0.948 0.954 0.938 0.943 0.919 0.941 0.933 0.918 0.915 0.905 0.907 0.888 0.832 0.770 0.941 0.945 0.947 0.957 0.940 0.925 0.811 0.898 0.496 0.689 0.302 0.479 0.512 0.750 0.918 0.915 0.928 0.941 0.901 0.904 0.913 0.926 0.944 0.950 0.949 0.944 0.945 0.950 0.938 0.927 0.812 0.744 0.690 0.672 0.575 0.627 0.603 0.532 0.570 0.553 0.558 0.560 0.475 0.590 0.407 0.446 0.645 0.775 0.802 0.853 0.883 0.906 0.912 0.921 0.934 0.938 0.942 0.946 0.949 0.957 0.956 0.953 0.954 0.952 0.950 0.953 0.957 0.959 0.952 0.952 0.958 0.957 0.958 0.954 0.948 0.952 0.950 0.954 0.957 0.958 0.959 0.963 0.962 0.966 0.968 0.968 0.968 0.969 0.969 0.969 0.965 0.968 0.970 0.973 0.972 0.971 0.971 0.971 0.970 0.971 0.971 0.971 0.972 0.974 0.972 0.971 0.968 0.969 0.966 0.960 0.953 0.944 0.939 0.932 0.932 0.935 0.923 0.900 0.877 0.859 0.847 0.866 0.900 0.889 0.887 0.869 0.853 0.819 0.820 0.795 0.766 0.819 0.828 0.808 0.807
>9b4m
0.921 0.918 0.934 0.933 0.928 0.928 0.936 0.934 0.937 0.940 0.941 0.946 0.944 0.944 0.949 0.953 0.955 0.955 0.954 0.953 0.956 0.955 0.961 0.963 0.968 0.967 0.971 0.972 0.974 0.975 0.976 0.979 0.978 0.980 0.980 0.979 0.979 0.979 0.979 0.979 0.980 0.981 0.981 0.982 0.982 0.983 0.983 0.983 0.983 0.983 0.983 0.983 0.983 0.983 0.983 0.983 0.983 0.982 0.983 0.983 0.983 0.984 0.983 0.983 0.983 0.983 0.983 0.983 0.983 0.983 0.983 0.983 0.983 0.983 0.983 0.983 0.983 0.983 0.984 0.983 0.984 0.983 0.984 0.984 0.984 0.984 0.983 0.984 0.983 0.983 0.984 0.984 0.984 0.984 0.984 0.984 0.984 0.984 0.984 0.984 0.983 0.983 0.983 0.983 0.983 0.983 0.983 0.983 0.983 0.983 0.984 0.984 0.984 0.983 0.983 0.983 0.983 0.982 0.982 0.983 0.982 0.981 0.981 0.980 0.980 0.981 0.980 0.980 0.980 0.979 0.979 0.979 0.979 0.979 0.979 0.979 0.979 0.980 0.981 0.981 0.981 0.982 0.983 0.983 0.983 0.984 0.985 0.985 0.985 0.984 0.984 0.984 0.984 0.984 0.984 0.984 0.984 0.984 0.985 0.985 0.985 0.985 0.985 0.985 0.985 0.985 0.985 0.985 0.985 0.984 0.984 0.983 0.983 0.982 0.982 0.982 0.981 0.980 0.979 0.979 0.979 0.978 0.977 0.976 0.977 0.977 0.979 0.980 0.980 0.981 0.981 0.982 0.982 0.982 0.981 0.981 0.981 0.981 0.982 0.981 0.982 0.982 0.983 0.984 0.984 0.984 0.985 0.985 0.985 0.985 0.985 0.985 0.985 0.985 0.986 0.985 0.985 0.984 0.984 0.985 0.984 0.984 0.984 0.984 0.984 0.984 0.984 0.983 0.983 0.984 0.984 0.984 0.985 0.985 0.985 0.985 0.985 0.985 0.985 0.985 0.986 0.986 0.985 0.985 0.985 0.985 0.985 0.985 0.984 0.984 0.984 0.984 0.983 0.984 0.983 0.983 0.982 0.982 0.981 0.981 0.981 0.980 0.980 0.979 0.979 0.978 0.977 0.976 0.977 0.977 0.976 0.975 0.975 0.975 0.974 0.974 0.974 0.973 0.973 0.974 0.975 0.976 0.977 0.977 0.978 0.978 0.978 0.978 0.978 0.978 0.978 0.977 0.977 0.976 0.976 0.976 0.974 0.974 0.974 0.973 0.974 0.972 0.972 0.972 0.971 0.970 0.969 0.971 0.971 0.973 0.974 0.973 0.975 0.976 0.975 0.977 0.977 0.978 0.978 0.977 0.979 0.980 0.979 0.978 0.979 0.980 0.982 0.982 0.983 0.983 0.985 0.984 0.985 0.984 0.984 0.984 0.984 0.984 0.984 0.983 0.983 0.983 0.983 0.983 0.983 0.983 0.983 0.983 0.984 0.984 0.984 0.984 0.985 0.985 0.985 0.985 0.985 0.985 0.986 0.985 0.984 0.985 0.984 0.984 0.984 0.984 0.985 0.985 0.985 0.985 0.985 0.985 0.985 0.984 0.984 0.984 0.983 0.983 0.982 0.982 0.982 0.982 0.982 0.982 0.982 0.982 0.982 0.981 0.982 0.982 0.982 0.982 0.983 0.982 0.983 0.983 0.983 0.983 0.983 0.982 0.983 0.983 0.984 0.984 0.983 0.983 0.983 0.982 0.982 0.981 0.980 0.981 0.981 0.980 0.980 0.979 0.978 0.978 0.977 0.979 0.979 0.979 0.978 0.979 0.979 0.979 0.979 0.979 0.979 0.980 0.979 0.979 0.979 0.979 0.980 0.978 0.978 0.978 0.978 0.978 0.978 0.978 0.978 0.978 0.977 0.978 0.978 0.979 0.979 0.979 0.980 0.980 0.980 0.980 0.980 0.981 0.982 0.982 0.983 0.983 0.984 0.984 0.984 0.985 0.985 0.985 0.985 0.985 0.986 0.986 0.986 0.986 0.985 0.986 0.986 0.986 0.986 0.985 0.986 0.986 0.986 0.986 0.986 0.986 0.986 0.986 0.986 0.986 0.986 0.986 0.986 0.986 0.986 0.986 0.985 0.985 0.985 0.984 0.985 0.985 0.984 0.984 0.985 0.985 0.984 0.985 0.985 0.985 0.985 0.985 0.985 0.986 0.985 0.985 0.985 0.985 0.985 0.985 0.986 0.986 0.986 0.986 0.986 0.985 0.985 0.986 0.985 0.985 0.985 0.985 0.985 0.985 0.985 0.985 0.985 0.984 0.984 0.984 0.984 0.984 0.984 0.984 0.983 0.984 0.983 0.983 0.983 0.983 0.983 0.983 0.982 0.982 0.983 0.983 0.981 0.981 0.981 0.980 0.979 0.979 0.978 0.978 0.978 0.977 0.977 0.978 0.977 0.977 0.977 0.976 0.976 0.974 0.973 0.973 0.969 0.965 0.963 0.964 0.963 0.963 0.959 0.946 0.938 0.929 0.892 0.908 0.918 0.900 0.879 0.907 0.907 0.902 0.903 0.897 0.911 0.941 0.954 0.954 0.951 0.953 0.953 0.955 0.953 0.948 0.951 0.943 0.941 0.956 0.957 0.948 0.954 0.938 0.943 0.919 0.941 0.933 0.918 0.915 0.905 0.907 0.888 0.832 0.770 0.941 0.945 0.947 0.957 0.940 0.925 0.811 0.898 0.496 0.689 0.302 0.479 0.512 0.750 0.918 0.915 0.928 0.941 0.901 0.904 0.913 0.926 0.944 0.950 0.949 0.944 0.945 0.950 0.938 0.927 0.812 0.744 0.690 0.672 0.575 0.627 0.603 0.532 0.570 0.553 0.558 0.560 0.475 0.590 0.407 0.446 0.645 0.775 0.802 0.853 0.883 0.906 0.912 0.921 0.934 0.938 0.942 0.946 0.949 0.957 0.956 0.953 0.954 0.952 0.950 0.953 0.957 0.959 0.952 0.952 0.958 0.957 0.958 0.954 0.948 0.952 0.950 0.954 0.957 0.958 0.959 0.963 0.962 0.966 0.968 0.968 0.968 0.969 0.969 0.969 0.965 0.968 0.970 0.973 0.972 0.971 0.971 0.971 0.970 0.971 0.971 0.971 0.972 0.974 0.972 0.971 0.968 0.969 0.966 0.960 0.953 0.944 0.939 0.932 0.932 0.935 0.923 0.900 0.877 0.859 0.847 0.866 0.900 0.889 0.887 0.869 0.853 0.819 0.820 0.795 0.766 0.819 0.828 0.808 0.807
>9b4n
0.921 0.918 0.934 0.933 0.928 0.928 0.936 0.934 0.937 0.940 0.941 0.946 0.944 0.944 0.949 0.953 0.955 0.955 0.954 0.953 0.956 0.955 0.961 0.963 0.968 0.967 0.971 0.972 0.974 0.975 0.976 0.979 0.978 0.980 0.980 0.979 0.979 0.979 0.979 0.979 0.980 0.981 0.981 0.982 0.982 0.983 0.983 0.983 0.983 0.983 0.983 0.983 0.983 0.983 0.983 0.983 0.983 0.982 0.983 0.983 0.983 0.984 0.983 0.983 0.983 0.983 0.983 0.983 0.983 0.983 0.983 0.983 0.983 0.983 0.983 0.983 0.983 0.983 0.984 0.983 0.984 0.983 0.984 0.984 0.984 0.984 0.983 0.984 0.983 0.983 0.984 0.984 0.984 0.984 0.984 0.984 0.984 0.984 0.984 0.984 0.983 0.983 0.983 0.983 0.983 0.983 0.983 0.983 0.983 0.983 0.984 0.984 0.984 0.983 0.983 0.983 0.983 0.982 0.982 0.983 0.982 0.981 0.981 0.980 0.980 0.981 0.980 0.980 0.980 0.979 0.979 0.979 0.979 0.979 0.979 0.979 0.979 0.980 0.981 0.981 0.981 0.982 0.983 0.983 0.983 0.984 0.985 0.985 0.985 0.984 0.984 0.984 0.984 0.984 0.984 0.984 0.984 0.984 0.985 0.985 0.985 0.985 0.985 0.985 0.985 0.985 0.985 0.985 0.985 0.984 0.984 0.983 0.983 0.982 0.982 0.982 0.981 0.980 0.979 0.979 0.979 0.978 0.977 0.976 0.977 0.977 0.979 0.980 0.980 0.981 0.981 0.982 0.982 0.982 0.981 0.981 0.981 0.981 0.982 0.981 0.982 0.982 0.983 0.984 0.984 0.984 0.985 0.985 0.985 0.985 0.985 0.985 0.985 0.985 0.986 0.985 0.985 0.984 0.984 0.985 0.984 0.984 0.984 0.984 0.984 0.984 0.984 0.983 0.983 0.984 0.984 0.984 0.985 0.985 0.985 0.985 0.985 0.985 0.985 0.985 0.986 0.986 0.985 0.985 0.985 0.985 0.985 0.985 0.984 0.984 0.984 0.984 0.983 0.984 0.983 0.983 0.982 0.982 0.981 0.981 0.981 0.980 0.980 0.979 0.979 0.978 0.977 0.976 0.977 0.977 0.976 0.975 0.975 0.975 0.974 0.974 0.974 0.973 0.973 0.974 0.975 0.976 0.977 0.977 0.978 0.978 0.978 0.978 0.978 0.978 0.978 0.977 0.977 0.976 0.976 0.976 0.974 0.974 0.974 0.973 0.974 0.972 0.972 0.972 0.971 0.970 0.969 0.971 0.971 0.973 0.974 0.973 0.975 0.976 0.975 0.977 0.977 0.978 0.978 0.977 0.979 0.980 0.979 0.978 0.979 0.980 0.982 0.982 0.983 0.983 0.985 0.984 0.985 0.984 0.984 0.984 0.984 0.984 0.984 0.983 0.983 0.983 0.983 0.983 0.983 0.983 0.983 0.983 0.984 0.984 0.984 0.984 0.985 0.985 0.985 0.985 0.985 0.985 0.986 0.985 0.984 0.985 0.984 0.984 0.984 0.984 0.985 0.985 0.985 0.985 0.985 0.985 0.985 0.984 0.984 0.984 0.983 0.983 0.982 0.982 0.982 0.982 0.982 0.982 0.982 0.982 0.982 0.981 0.982 0.982 0.982 0.982 0.983 0.982 0.983 0.983 0.983 0.983 0.983 0.982 0.983 0.983 0.984 0.984 0.983 0.983 0.983 0.982 0.982 0.981 0.980 0.981 0.981 0.980 0.980 0.979 0.978 0.978 0.977 0.979 0.979 0.979 0.978 0.979 0.979 0.979 0.979 0.979 0.979 0.980 0.979 0.979 0.979 0.979 0.980 0.978 0.978 0.978 0.978 0.978 0.978 0.978 0.978 0.978 0.977 0.978 0.978 0.979 0.979 0.979 0.980 0.980 0.980 0.980 0.980 0.981 0.982 0.982 0.983 0.983 0.984 0.984 0.984 0.985 0.985 0.985 0.985 0.985 0.986 0.986 0.986 0.986 0.985 0.986 0.986 0.986 0.986 0.985 0.986 0.986 0.986 0.986 0.986 0.986 0.986 0.986 0.986 0.986 0.986 0.986 0.986 0.986 0.986 0.986 0.985 0.985 0.985 0.984 0.985 0.985 0.984 0.984 0.985 0.985 0.984 0.985 0.985 0.985 0.985 0.985 0.985 0.986 0.985 0.985 0.985 0.985 0.985 0.985 0.986 0.986 0.986 0.986 0.986 0.985 0.985 0.986 0.985 0.985 0.985 0.985 0.985 0.985 0.985 0.985 0.985 0.984 0.984 0.984 0.984 0.984 0.984 0.984 0.983 0.984 0.983 0.983 0.983 0.983 0.983 0.983 0.982 0.982 0.983 0.983 0.981 0.981 0.981 0.980 0.979 0.979 0.978 0.978 0.978 0.977 0.977 0.978 0.977 0.977 0.977 0.976 0.976 0.974 0.973 0.973 0.969 0.965 0.963 0.964 0.963 0.963 0.959 0.946 0.938 0.929 0.892 0.908 0.918 0.900 0.879 0.907 0.907 0.902 0.903 0.897 0.911 0.941 0.954 0.954 0.951 0.953 0.953 0.955 0.953 0.948 0.951 0.943 0.941 0.956 0.957 0.948 0.954 0.938 0.943 0.919 0.941 0.933 0.918 0.915 0.905 0.907 0.888 0.832 0.770 0.941 0.945 0.947 0.957 0.940 0.925 0.811 0.898 0.496 0.689 0.302 0.479 0.512 0.750 0.918 0.915 0.928 0.941 0.901 0.904 0.913 0.926 0.944 0.950 0.949 0.944 0.945 0.950 0.938 0.927 0.812 0.744 0.690 0.672 0.575 0.627 0.603 0.532 0.570 0.553 0.558 0.560 0.475 0.590 0.407 0.446 0.645 0.775 0.802 0.853 0.883 0.906 0.912 0.921 0.934 0.938 0.942 0.946 0.949 0.957 0.956 0.953 0.954 0.952 0.950 0.953 0.957 0.959 0.952 0.952 0.958 0.957 0.958 0.954 0.948 0.952 0.950 0.954 0.957 0.958 0.959 0.963 0.962 0.966 0.968 0.968 0.968 0.969 0.969 0.969 0.965 0.968 0.970 0.973 0.972 0.971 0.971 0.971 0.970 0.971 0.971 0.971 0.972 0.974 0.972 0.971 0.968 0.969 0.966 0.960 0.953 0.944 0.939 0.932 0.932 0.935 0.923 0.900 0.877 0.859 0.847 0.866 0.900 0.889 0.887 0.869 0.853 0.819 0.820 0.795 0.766 0.819 0.828 0.808 0.807
>9b4o
0.921 0.918 0.934 0.933 0.928 0.928 0.936 0.934 0.937 0.940 0.941 0.946 0.944 0.944 0.949 0.953 0.955 0.955 0.954 0.953 0.956 0.955 0.961 0.963 0.968 0.967 0.971 0.972 0.974 0.975 0.976 0.979 0.978 0.980 0.980 0.979 0.979 0.979 0.979 0.979 0.980 0.981 0.981 0.982 0.982 0.983 0.983 0.983 0.983 0.983 0.983 0.983 0.983 0.983 0.983 0.983 0.983 0.982 0.983 0.983 0.983 0.984 0.983 0.983 0.983 0.983 0.983 0.983 0.983 0.983 0.983 0.983 0.983 0.983 0.983 0.983 0.983 0.983 0.984 0.983 0.984 0.983 0.984 0.984 0.984 0.984 0.983 0.984 0.983 0.983 0.984 0.984 0.984 0.984 0.984 0.984 0.984 0.984 0.984 0.984 0.983 0.983 0.983 0.983 0.983 0.983 0.983 0.983 0.983 0.983 0.984 0.984 0.984 0.983 0.983 0.983 0.983 0.982 0.982 0.983 0.982 0.981 0.981 0.980 0.980 0.981 0.980 0.980 0.980 0.979 0.979 0.979 0.979 0.979 0.979 0.979 0.979 0.980 0.981 0.981 0.981 0.982 0.983 0.983 0.983 0.984 0.985 0.985 0.985 0.984 0.984 0.984 0.984 0.984 0.984 0.984 0.984 0.984 0.985 0.985 0.985 0.985 0.985 0.985 0.985 0.985 0.985 0.985 0.985 0.984 0.984 0.983 0.983 0.982 0.982 0.982 0.981 0.980 0.979 0.979 0.979 0.978 0.977 0.976 0.977 0.977 0.979 0.980 0.980 0.981 0.981 0.982 0.982 0.982 0.981 0.981 0.981 0.981 0.982 0.981 0.982 0.982 0.983 0.984 0.984 0.984 0.985 0.985 0.985 0.985 0.985 0.985 0.985 0.985 0.986 0.985 0.985 0.984 0.984 0.985 0.984 0.984 0.984 0.984 0.984 0.984 0.984 0.983 0.983 0.984 0.984 0.984 0.985 0.985 0.985 0.985 0.985 0.985 0.985 0.985 0.986 0.986 0.985 0.985 0.985 0.985 0.985 0.985 0.984 0.984 0.984 0.984 0.983 0.984 0.983 0.983 0.982 0.982 0.981 0.981 0.981 0.980 0.980 0.979 0.979 0.978 0.977 0.976 0.977 0.977 0.976 0.975 0.975 0.975 0.974 0.974 0.974 0.973 0.973 0.974 0.975 0.976 0.977 0.977 0.978 0.978 0.978 0.978 0.978 0.978 0.978 0.977 0.977 0.976 0.976 0.976 0.974 0.974 0.974 0.973 0.974 0.972 0.972 0.972 0.971 0.970 0.969 0.971 0.971 0.973 0.974 0.973 0.975 0.976 0.975 0.977 0.977 0.978 0.978 0.977 0.979 0.980 0.979 0.978 0.979 0.980 0.982 0.982 0.983 0.983 0.985 0.984 0.985 0.984 0.984 0.984 0.984 0.984 0.984 0.983 0.983 0.983 0.983 0.983 0.983 0.983 0.983 0.983 0.984 0.984 0.984 0.984 0.985 0.985 0.985 0.985 0.985 0.985 0.986 0.985 0.984 0.985 0.984 0.984 0.984 0.984 0.985 0.985 0.985 0.985 0.985 0.985 0.985 0.984 0.984 0.984 0.983 0.983 0.982 0.982 0.982 0.982 0.982 0.982 0.982 0.982 0.982 0.981 0.982 0.982 0.982 0.982 0.983 0.982 0.983 0.983 0.983 0.983 0.983 0.982 0.983 0.983 0.984 0.984 0.983 0.983 0.983 0.982 0.982 0.981 0.980 0.981 0.981 0.980 0.980 0.979 0.978 0.978 0.977 0.979 0.979 0.979 0.978 0.979 0.979 0.979 0.979 0.979 0.979 0.980 0.979 0.979 0.979 0.979 0.980 0.978 0.978 0.978 0.978 0.978 0.978 0.978 0.978 0.978 0.977 0.978 0.978 0.979 0.979 0.979 0.980 0.980 0.980 0.980 0.980 0.981 0.982 0.982 0.983 0.983 0.984 0.984 0.984 0.985 0.985 0.985 0.985 0.985 0.986 0.986 0.986 0.986 0.985 0.986 0.986 0.986 0.986 0.985 0.986 0.986 0.986 0.986 0.986 0.986 0.986 0.986 0.986 0.986 0.986 0.986 0.986 0.986 0.986 0.986 0.985 0.985 0.985 0.984 0.985 0.985 0.984 0.984 0.985 0.985 0.984 0.985 0.985 0.985 0.985 0.985 0.985 0.986 0.985 0.985 0.985 0.985 0.985 0.985 0.986 0.986 0.986 0.986 0.986 0.985 0.985 0.986 0.985 0.985 0.985 0.985 0.985 0.985 0.985 0.985 0.985 0.984 0.984 0.984 0.984 0.984 0.984 0.984 0.983 0.984 0.983 0.983 0.983 0.983 0.983 0.983 0.982 0.982 0.983 0.983 0.981 0.981 0.981 0.980 0.979 0.979 0.978 0.978 0.978 0.977 0.977 0.978 0.977 0.977 0.977 0.976 0.976 0.974 0.973 0.973 0.969 0.965 0.963 0.964 0.963 0.963 0.959 0.946 0.938 0.929 0.892 0.908 0.918 0.900 0.879 0.907 0.907 0.902 0.903 0.897 0.911 0.941 0.954 0.954 0.951 0.953 0.953 0.955 0.953 0.948 0.951 0.943 0.941 0.956 0.957 0.948 0.954 0.938 0.943 0.919 0.941 0.933 0.918 0.915 0.905 0.907 0.888 0.832 0.770 0.941 0.945 0.947 0.957 0.940 0.925 0.811 0.898 0.496 0.689 0.302 0.479 0.512 0.750 0.918 0.915 0.928 0.941 0.901 0.904 0.913 0.926 0.944 0.950 0.949 0.944 0.945 0.950 0.938 0.927 0.812 0.744 0.690 0.672 0.575 0.627 0.603 0.532 0.570 0.553 0.558 0.560 0.475 0.590 0.407 0.446 0.645 0.775 0.802 0.853 0.883 0.906 0.912 0.921 0.934 0.938 0.942 0.946 0.949 0.957 0.956 0.953 0.954 0.952 0.950 0.953 0.957 0.959 0.952 0.952 0.958 0.957 0.958 0.954 0.948 0.952 0.950 0.954 0.957 0.958 0.959 0.963 0.962 0.966 0.968 0.968 0.968 0.969 0.969 0.969 0.965 0.968 0.970 0.973 0.972 0.971 0.971 0.971 0.970 0.971 0.971 0.971 0.972 0.974 0.972 0.971 0.968 0.969 0.966 0.960 0.953 0.944 0.939 0.932 0.932 0.935 0.923 0.900 0.877 0.859 0.847 0.866 0.900 0.889 0.887 0.869 0.853 0.819 0.820 0.795 0.766 0.819 0.828 0.808 0.807
>9bbl
0.921 0.918 0.934 0.933 0.928 0.928 0.936 0.934 0.937 0.940 0.941 0.946 0.944 0.944 0.949 0.953 0.955 0.955 0.954 0.953 0.956 0.955 0.961 0.963 0.968 0.967 0.971 0.971 0.973 0.975 0.975 0.977 0.977 0.979 0.980 0.979 0.979 0.979 0.979 0.979 0.980 0.981 0.981 0.982 0.982 0.983 0.983 0.983 0.983 0.983 0.983 0.983 0.983 0.983 0.983 0.983 0.983 0.982 0.983 0.983 0.983 0.983 0.983 0.983 0.983 0.983 0.983 0.983 0.983 0.983 0.983 0.983 0.983 0.984 0.983 0.983 0.984 0.984 0.984 0.984 0.984 0.984 0.984 0.984 0.984 0.984 0.984 0.984 0.984 0.984 0.984 0.984 0.984 0.984 0.984 0.983 0.984 0.984 0.984 0.983 0.983 0.982 0.982 0.982 0.982 0.982 0.981 0.982 0.981 0.981 0.982 0.981 0.982 0.981 0.981 0.981 0.981 0.980 0.980 0.981 0.980 0.980 0.980 0.980 0.980 0.981 0.980 0.980 0.981 0.981 0.980 0.981 0.981 0.981 0.981 0.981 0.982 0.982 0.982 0.982 0.983 0.983 0.983 0.984 0.984 0.985 0.985 0.985 0.985 0.985 0.985 0.985 0.985 0.985 0.985 0.985 0.985 0.985 0.985 0.985 0.985 0.985 0.986 0.985 0.986 0.986 0.986 0.985 0.985 0.985 0.985 0.985 0.986 0.986 0.985 0.985 0.985 0.985 0.985 0.985 0.985 0.985 0.985 0.985 0.985 0.985 0.985 0.985 0.985 0.985 0.985 0.985 0.985 0.985 0.986 0.986 0.985 0.985 0.985 0.985 0.985 0.986 0.986 0.986 0.985 0.985 0.985 0.985 0.986 0.985 0.985 0.985 0.985 0.985 0.985 0.985 0.985 0.984 0.984 0.984 0.984 0.984 0.984 0.984 0.984 0.983 0.983 0.983 0.983 0.983 0.983 0.983 0.982 0.982 0.982 0.983 0.983 0.981 0.981 0.981 0.980 0.979 0.979 0.978 0.978 0.978 0.977 0.977 0.978 0.977 0.977 0.977 0.976 0.976 0.974 0.973 0.973 0.969 0.965 0.963 0.964 0.963 0.963 0.959 0.946 0.938 0.929 0.892 0.908 0.918 0.900 0.879 0.907 0.907 0.902 0.903 0.897 0.911 0.941 0.954 0.954 0.951 0.953 0.953 0.955 0.953 0.948 0.951 0.943 0.941 0.956 0.957 0.948 0.954 0.938 0.943 0.920 0.941 0.934 0.922 0.920 0.912 0.909 0.904 0.848 0.788 0.938 0.951 0.950 0.956 0.939 0.936 0.861 0.921 0.555 0.788 0.406 0.633 0.659 0.843 0.924 0.922 0.926 0.940 0.883 0.898 0.914 0.927 0.946 0.952 0.951 0.945 0.950 0.953 0.948 0.942 0.876 0.815 0.755 0.761 0.701 0.764 0.712 0.601 0.734 0.782 0.788 0.809 0.690 0.753 0.495 0.640 0.721 0.744 0.826 0.899 0.924 0.912 0.926 0.935 0.939 0.943 0.947 0.951 0.956 0.960 0.959 0.958 0.959 0.952 0.952 0.952 0.956 0.960 0.960 0.959 0.961 0.960 0.962 0.963 0.961 0.961 0.960 0.964 0.964 0.965 0.966 0.968 0.969 0.970 0.971 0.971 0.972 0.972 0.973 0.971 0.971 0.972 0.972 0.975 0.974 0.974 0.974 0.973 0.973 0.973 0.973 0.973 0.973 0.974 0.973 0.973 0.970 0.970 0.967 0.963 0.956 0.950 0.946 0.943 0.946 0.950 0.943 0.924 0.907 0.896 0.893 0.908 0.927 0.928 0.924 0.908 0.896 0.866 0.869 0.844 0.811 0.865 0.876 0.859 0.851
>9bbm
0.921 0.918 0.934 0.933 0.928 0.928 0.936 0.934 0.937 0.940 0.941 0.946 0.944 0.944 0.949 0.953 0.955 0.955 0.954 0.953 0.956 0.955 0.961 0.963 0.968 0.967 0.971 0.971 0.973 0.975 0.975 0.977 0.977 0.979 0.980 0.979 0.979 0.979 0.979 0.979 0.980 0.981 0.981 0.982 0.982 0.983 0.983 0.983 0.983 0.983 0.983 0.983 0.983 0.983 0.983 0.983 0.983 0.982 0.983 0.983 0.983 0.983 0.983 0.983 0.983 0.983 0.983 0.983 0.983 0.983 0.983 0.983 0.983 0.984 0.983 0.983 0.984 0.984 0.984 0.984 0.984 0.984 0.984 0.984 0.984 0.984 0.984 0.984 0.984 0.984 0.984 0.984 0.984 0.984 0.984 0.983 0.984 0.984 0.984 0.983 0.983 0.982 0.982 0.982 0.982 0.982 0.981 0.982 0.981 0.981 0.982 0.981 0.982 0.981 0.981 0.981 0.981 0.980 0.980 0.981 0.980 0.980 0.980 0.980 0.980 0.981 0.980 0.980 0.981 0.981 0.980 0.981 0.981 0.981 0.981 0.981 0.982 0.982 0.982 0.982 0.983 0.983 0.983 0.984 0.984 0.985 0.985 0.985 0.985 0.985 0.985 0.985 0.985 0.985 0.985 0.985 0.985 0.985 0.985 0.985 0.985 0.985 0.986 0.985 0.986 0.986 0.986 0.985 0.985 0.985 0.985 0.985 0.986 0.986 0.985 0.985 0.985 0.985 0.985 0.985 0.985 0.985 0.985 0.985 0.985 0.985 0.985 0.985 0.985 0.985 0.985 0.985 0.985 0.985 0.986 0.986 0.985 0.985 0.985 0.985 0.985 0.986 0.986 0.986 0.985 0.985 0.985 0.985 0.986 0.985 0.985 0.985 0.985 0.985 0.985 0.985 0.985 0.984 0.984 0.984 0.984 0.984 0.984 0.984 0.984 0.983 0.983 0.983 0.983 0.983 0.983 0.983 0.982 0.982 0.982 0.983 0.983 0.981 0.981 0.981 0.980 0.979 0.979 0.978 0.978 0.978 0.977 0.977 0.978 0.977 0.977 0.977 0.976 0.976 0.974 0.973 0.973 0.969 0.965 0.963 0.964 0.963 0.963 0.959 0.946 0.938 0.929 0.892 0.908 0.918 0.900 0.879 0.907 0.907 0.902 0.903 0.897 0.911 0.941 0.954 0.954 0.951 0.953 0.953 0.955 0.953 0.948 0.951 0.943 0.941 0.956 0.957 0.948 0.954 0.938 0.943 0.920 0.941 0.934 0.922 0.920 0.912 0.909 0.904 0.848 0.788 0.938 0.951 0.950 0.956 0.939 0.936 0.861 0.921 0.555 0.788 0.406 0.633 0.659 0.843 0.924 0.922 0.926 0.940 0.883 0.898 0.914 0.927 0.946 0.952 0.951 0.945 0.950 0.953 0.948 0.942 0.876 0.815 0.755 0.761 0.701 0.764 0.712 0.601 0.734 0.782 0.788 0.809 0.690 0.753 0.495 0.640 0.721 0.744 0.826 0.899 0.924 0.912 0.926 0.935 0.939 0.943 0.947 0.951 0.956 0.960 0.959 0.958 0.959 0.952 0.952 0.952 0.956 0.960 0.960 0.959 0.961 0.960 0.962 0.963 0.961 0.961 0.960 0.964 0.964 0.965 0.966 0.968 0.969 0.970 0.971 0.971 0.972 0.972 0.973 0.971 0.971 0.972 0.972 0.975 0.974 0.974 0.974 0.973 0.973 0.973 0.973 0.973 0.973 0.974 0.973 0.973 0.970 0.970 0.967 0.963 0.956 0.950 0.946 0.943 0.946 0.950 0.943 0.924 0.907 0.896 0.893 0.908 0.927 0.928 0.924 0.908 0.896 0.866 0.869 0.844 0.811 0.865 0.876 0.859 0.851
>9bdm
0.820 0.736 0.686 0.646 0.566 0.527 0.427 0.383 0.412 0.405 0.353 0.333 0.290 0.227 0.173 0.153 0.141 0.112 0.087 0.073 0.067 0.051 0.058 0.064 0.062 0.065 0.079 0.084 0.098 0.107 0.118 0.141 0.148 0.146 0.139 0.142 0.148 0.162 0.188 0.206 0.220 0.279 0.319 0.342 0.361 0.381 0.366 0.382 0.417 0.415 0.413 0.415 0.418 0.411 0.424 0.425 0.438 0.403 0.406 0.376 0.335 0.281 0.269 0.241 0.258 0.237 0.232 0.215 0.211 0.211 0.209 0.204 0.193 0.182 0.171 0.171 0.172 0.187 0.172 0.167 0.170 0.156 0.138 0.115 0.112 0.105 0.095 0.099 0.097 0.096 0.109 0.101 0.097 0.096 0.084 0.077 0.081 0.074 0.066 0.061 0.054 0.049 0.049 0.048 0.050 0.065 0.078 0.095 0.107 0.108 0.112 0.110 0.109 0.132 0.154 0.197 0.182 0.183 0.233 0.233 0.222 0.199 0.227 0.244 0.242 0.318
>9bdr
0.820 0.736 0.686 0.646 0.566 0.527 0.427 0.383 0.412 0.405 0.353 0.333 0.290 0.227 0.173 0.153 0.141 0.112 0.087 0.073 0.067 0.051 0.058 0.064 0.062 0.065 0.079 0.084 0.098 0.107 0.118 0.141 0.148 0.146 0.139 0.142 0.148 0.162 0.188 0.206 0.220 0.279 0.319 0.342 0.361 0.381 0.366 0.382 0.417 0.415 0.413 0.415 0.418 0.411 0.424 0.425 0.438 0.403 0.406 0.376 0.335 0.281 0.269 0.241 0.258 0.237 0.232 0.215 0.211 0.211 0.209 0.204 0.193 0.182 0.171 0.171 0.172 0.187 0.172 0.167 0.170 0.156 0.138 0.115 0.112 0.105 0.095 0.099 0.097 0.096 0.109 0.101 0.097 0.096 0.084 0.077 0.081 0.074 0.066 0.061 0.054 0.049 0.049 0.048 0.050 0.065 0.078 0.095 0.107 0.108 0.112 0.110 0.109 0.132 0.154 0.197 0.182 0.183 0.233 0.233 0.222 0.199 0.227 0.244 0.242 0.318
>9bxi
0.490 0.572 0.644 0.646 0.692 0.707 0.723 0.662 0.757 0.651 0.640 0.565 0.551 0.565 0.621 0.697 0.752 0.807 0.835 0.856 0.854 0.869 0.893 0.903 0.901 0.919 0.925 0.936 0.937 0.937 0.929 0.920 0.920 0.910 0.905 0.905 0.898 0.889 0.884 0.865 0.852 0.849 0.830 0.810 0.793 0.792 0.787 0.772 0.769 0.755 0.792 0.805 0.827 0.845 0.862 0.870 0.854 0.857 0.857 0.863 0.875 0.882 0.895 0.904 0.890 0.897 0.895 0.906 0.908 0.903 0.906 0.913 0.916 0.917 0.901 0.884 0.884
>9bxo
0.490 0.572 0.644 0.646 0.692 0.707 0.723 0.662 0.757 0.651 0.640 0.565 0.551 0.565 0.621 0.697 0.752 0.807 0.835 0.856 0.854 0.869 0.893 0.903 0.901 0.919 0.925 0.936 0.937 0.937 0.929 0.920 0.920 0.910 0.905 0.905 0.898 0.889 0.884 0.865 0.852 0.849 0.830 0.810 0.793 0.792 0.787 0.772 0.769 0.755 0.792 0.805 0.827 0.845 0.862 0.870 0.854 0.857 0.857 0.863 0.875 0.882 0.895 0.904 0.890 0.897 0.895 0.906 0.908 0.903 0.906 0.913 0.916 0.917 0.901 0.884 0.884
>9bxq
0.490 0.572 0.644 0.646 0.692 0.707 0.723 0.662 0.757 0.651 0.640 0.565 0.551 0.565 0.621 0.697 0.752 0.807 0.835 0.856 0.854 0.869 0.893 0.903 0.901 0.919 0.925 0.936 0.937 0.937 0.929 0.920 0.920 0.910 0.905 0.905 0.898 0.889 0.884 0.865 0.852 0.849 0.830 0.810 0.793 0.792 0.787 0.772 0.769 0.755 0.792 0.805 0.827 0.845 0.862 0.870 0.854 0.857 0.857 0.863 0.875 0.882 0.895 0.904 0.890 0.897 0.895 0.906 0.908 0.903 0.906 0.913 0.916 0.917 0.901 0.884 0.884
>9bxr
0.490 0.572 0.644 0.646 0.692 0.707 0.723 0.662 0.757 0.651 0.640 0.565 0.551 0.565 0.621 0.697 0.752 0.807 0.835 0.856 0.854 0.869 0.893 0.903 0.901 0.919 0.925 0.936 0.937 0.937 0.929 0.920 0.920 0.910 0.905 0.905 0.898 0.889 0.884 0.865 0.852 0.849 0.830 0.810 0.793 0.792 0.787 0.772 0.769 0.755 0.792 0.805 0.827 0.845 0.862 0.870 0.854 0.857 0.857 0.863 0.875 0.882 0.895 0.904 0.890 0.897 0.895 0.906 0.908 0.903 0.906 0.913 0.916 0.917 0.901 0.884 0.884
>9byn
0.822 0.712 0.655 0.638 0.569 0.527 0.434 0.410 0.431 0.425 0.352 0.345 0.316 0.262 0.186 0.159 0.144 0.116 0.094 0.078 0.068 0.051 0.059 0.064 0.062 0.066 0.080 0.083 0.096 0.109 0.125 0.151 0.158 0.157 0.151 0.155 0.164 0.179 0.218 0.235 0.266 0.317 0.351 0.379 0.396 0.418 0.393 0.420 0.463 0.453 0.453 0.448 0.451 0.431 0.444 0.441 0.449 0.413 0.417 0.389 0.341 0.291 0.280 0.246 0.263 0.237 0.235 0.217 0.211 0.209 0.211 0.212 0.208 0.188 0.180 0.172 0.171 0.187 0.175 0.168 0.170 0.157 0.134 0.117 0.114 0.106 0.095 0.098 0.102 0.100 0.118 0.113 0.107 0.109 0.093 0.085 0.085 0.078 0.071 0.066 0.059 0.053 0.053 0.050 0.048 0.058 0.068 0.085 0.094 0.092 0.086 0.081 0.073 0.077 0.092 0.116 0.113 0.118 0.146 0.169 0.164 0.173 0.195 0.212 0.241 0.309 0.313
>9bzs
0.822 0.712 0.655 0.638 0.569 0.527 0.434 0.410 0.431 0.425 0.352 0.345 0.316 0.262 0.186 0.159 0.144 0.116 0.094 0.078 0.068 0.051 0.059 0.064 0.062 0.066 0.080 0.083 0.096 0.109 0.125 0.151 0.158 0.157 0.151 0.155 0.164 0.179 0.218 0.235 0.266 0.317 0.351 0.379 0.396 0.418 0.393 0.420 0.463 0.453 0.453 0.448 0.451 0.431 0.444 0.441 0.449 0.413 0.417 0.389 0.341 0.291 0.280 0.246 0.263 0.237 0.235 0.217 0.211 0.209 0.211 0.212 0.208 0.188 0.180 0.172 0.171 0.187 0.175 0.168 0.170 0.157 0.134 0.117 0.114 0.106 0.095 0.098 0.102 0.100 0.118 0.113 0.107 0.109 0.093 0.085 0.085 0.078 0.071 0.066 0.059 0.053 0.053 0.050 0.048 0.058 0.068 0.085 0.094 0.092 0.086 0.081 0.073 0.077 0.092 0.116 0.113 0.118 0.146 0.169 0.164 0.173 0.195 0.212 0.241 0.309 0.313
>9c1u
0.962 0.966 0.967 0.967 0.967 0.969 0.971 0.972 0.972 0.972 0.970 0.969 0.970 0.972 0.973 0.973 0.974 0.976 0.977 0.977 0.978 0.978 0.978 0.978 0.978 0.978 0.978 0.978 0.978 0.978 0.978 0.978 0.978 0.977 0.978 0.977 0.977 0.977 0.976 0.977 0.977 0.977 0.977 0.977 0.978 0.977 0.977 0.977 0.976 0.976 0.976 0.976 0.976 0.976 0.976 0.975 0.974 0.973 0.973 0.973 0.973 0.971 0.971 0.969 0.968 0.966 0.965 0.961 0.951 0.958 0.955
>9c5r
0.509 0.733 0.748 0.762 0.780 0.724 0.777 0.813 0.789 0.790 0.782 0.729 0.727 0.669 0.662 0.706 0.675 0.677 0.680 0.703 0.699 0.662 0.615 0.743 0.664 0.603 0.598 0.565 0.592 0.637 0.700 0.792 0.842 0.838 0.746 0.779 0.819 0.887 0.872 0.889 0.898 0.866 0.833 0.880 0.849 0.837 0.846 0.832 0.850 0.831 0.862 0.795 0.765 0.749 0.691 0.660 0.654 0.574 0.519 0.545 0.566 0.592 0.624 0.637 0.652 0.681 0.669 0.683 0.684 0.665 0.651 0.674 0.695 0.700 0.707 0.688 0.675 0.679 0.715 0.779 0.805 0.807 0.804 0.833 0.845 0.874 0.885 0.896 0.895 0.892 0.920 0.921 0.929 0.935 0.938 0.942 0.943 0.943 0.938 0.926 0.915 0.917 0.933 0.954 0.954 0.952 0.945 0.948 0.952 0.947 0.955 0.952 0.956 0.961 0.964 0.964 0.965 0.962 0.960 0.963 0.961 0.961 0.960 0.959 0.957 0.955 0.956 0.960 0.962 0.968 0.971 0.969 0.962 0.972 0.978 0.960 0.960 0.959 0.966 0.006
>9cd9
0.509 0.733 0.748 0.762 0.780 0.724 0.777 0.813 0.789 0.790 0.782 0.729 0.727 0.669 0.662 0.706 0.675 0.677 0.680 0.703 0.699 0.662 0.615 0.743 0.664 0.603 0.598 0.565 0.592 0.637 0.700 0.792 0.842 0.838 0.746 0.779 0.819 0.887 0.872 0.889 0.898 0.866 0.833 0.880 0.849 0.837 0.846 0.832 0.850 0.831 0.862 0.795 0.765 0.749 0.691 0.660 0.654 0.574 0.519 0.545 0.566 0.592 0.624 0.637 0.652 0.681 0.669 0.683 0.684 0.665 0.651 0.674 0.695 0.700 0.707 0.688 0.675 0.679 0.715 0.779 0.805 0.807 0.804 0.833 0.845 0.874 0.885 0.896 0.895 0.892 0.920 0.921 0.929 0.935 0.938 0.942 0.943 0.943 0.938 0.926 0.915 0.917 0.933 0.954 0.954 0.952 0.945 0.948 0.952 0.947 0.955 0.952 0.956 0.961 0.964 0.964 0.965 0.962 0.960 0.963 0.961 0.961 0.960 0.959 0.957 0.955 0.956 0.960 0.962 0.968 0.971 0.969 0.962 0.972 0.978 0.960 0.960 0.959 0.966 0.006
>9cda
0.509 0.733 0.748 0.762 0.780 0.724 0.777 0.813 0.789 0.790 0.782 0.729 0.727 0.669 0.662 0.706 0.675 0.677 0.680 0.703 0.699 0.662 0.615 0.743 0.664 0.603 0.598 0.565 0.592 0.637 0.700 0.792 0.842 0.838 0.746 0.779 0.819 0.887 0.872 0.889 0.898 0.866 0.833 0.880 0.849 0.837 0.846 0.832 0.850 0.831 0.862 0.795 0.765 0.749 0.691 0.660 0.654 0.574 0.519 0.545 0.566 0.592 0.624 0.637 0.652 0.681 0.669 0.683 0.684 0.665 0.651 0.674 0.695 0.700 0.707 0.688 0.675 0.679 0.715 0.779 0.805 0.807 0.804 0.833 0.845 0.874 0.885 0.896 0.895 0.892 0.920 0.921 0.929 0.935 0.938 0.942 0.943 0.943 0.938 0.926 0.915 0.917 0.933 0.954 0.954 0.952 0.945 0.948 0.952 0.947 0.955 0.952 0.956 0.961 0.964 0.964 0.965 0.962 0.960 0.963 0.961 0.961 0.960 0.959 0.957 0.955 0.956 0.960 0.962 0.968 0.971 0.969 0.962 0.972 0.978 0.960 0.960 0.959 0.966 0.006
>9cgx
0.908 0.906 0.922 0.924 0.919 0.919 0.932 0.934 0.937 0.937 0.940 0.946 0.943 0.943 0.948 0.953 0.954 0.955 0.956 0.960 0.961 0.962 0.964 0.964 0.967 0.967 0.968 0.969 0.971 0.972 0.971 0.974 0.973 0.975 0.976 0.976 0.977 0.978 0.978 0.978 0.978 0.977 0.977 0.977 0.977 0.979 0.979 0.980 0.980 0.981 0.980 0.980 0.979 0.978 0.979 0.978 0.977 0.977 0.978 0.978 0.978 0.979 0.978 0.978 0.979 0.979 0.979 0.980 0.980 0.980 0.980 0.981 0.981 0.981 0.981 0.981 0.981 0.981 0.982 0.982 0.983 0.983 0.983 0.983 0.983 0.984 0.984 0.985 0.985 0.985 0.985 0.985 0.985 0.985 0.985 0.985 0.985 0.985 0.985 0.985 0.985 0.986 0.985 0.985 0.986 0.985 0.986 0.985 0.985 0.985 0.986 0.985 0.985 0.985 0.986 0.986 0.985 0.985 0.985 0.985 0.985 0.985 0.985 0.985 0.985 0.985 0.985 0.985 0.985 0.985 0.985 0.985 0.985 0.985 0.986 0.985 0.986 0.986 0.985 0.986 0.985 0.985 0.985 0.986 0.986 0.986 0.985 0.985 0.985 0.985 0.985 0.985 0.985 0.985 0.985 0.985 0.985 0.985 0.984 0.984 0.984 0.984 0.984 0.984 0.984 0.984 0.984 0.983 0.983 0.983 0.983 0.983 0.983 0.983 0.983 0.982 0.982 0.983 0.983 0.981 0.981 0.981 0.980 0.979 0.978 0.978 0.977 0.978 0.977 0.977 0.978 0.977 0.977 0.976 0.974 0.974 0.970 0.968 0.966 0.965 0.961 0.966 0.965 0.961 0.961 0.954 0.951 0.940 0.932 0.900 0.892 0.872 0.877 0.846 0.858 0.792 0.793 0.833 0.841 0.843 0.903 0.922 0.918 0.921 0.916 0.922 0.900 0.903 0.916 0.895 0.874 0.906 0.938 0.933 0.930 0.947 0.939 0.937 0.944 0.949 0.961 0.969 0.968 0.969 0.968 0.965 0.964 0.959 0.955 0.948 0.944 0.936 0.929 0.928 0.912 0.909 0.905 0.891 0.798 0.808 0.799 0.725 0.792 0.858 0.893 0.898 0.914 0.919 0.928 0.940 0.948 0.949 0.949 0.952 0.955 0.955 0.959 0.960 0.959 0.959 0.951 0.950 0.954 0.957 0.961 0.960 0.957 0.961 0.961 0.959 0.957 0.953 0.955 0.955 0.958 0.959 0.960 0.960 0.963 0.964 0.968 0.969 0.969 0.970 0.971 0.971 0.970 0.967 0.969 0.970 0.973 0.972 0.971 0.971 0.971 0.970 0.971 0.971 0.971 0.972 0.974 0.972 0.971 0.968 0.969 0.966 0.960 0.953 0.944 0.939 0.932 0.932 0.935 0.923 0.900 0.877 0.859 0.847 0.866 0.900 0.889 0.887 0.869 0.853 0.819 0.820 0.795 0.766 0.819 0.828 0.808 0.807
>9cgz
0.908 0.906 0.922 0.924 0.919 0.919 0.932 0.934 0.937 0.937 0.940 0.946 0.943 0.943 0.948 0.953 0.954 0.955 0.956 0.960 0.961 0.962 0.964 0.964 0.967 0.967 0.968 0.969 0.971 0.972 0.971 0.974 0.973 0.975 0.976 0.976 0.977 0.978 0.978 0.978 0.978 0.977 0.977 0.977 0.977 0.979 0.979 0.980 0.980 0.981 0.980 0.980 0.979 0.978 0.979 0.978 0.977 0.977 0.978 0.978 0.978 0.979 0.978 0.978 0.979 0.979 0.979 0.980 0.980 0.980 0.980 0.981 0.981 0.981 0.981 0.981 0.981 0.981 0.982 0.982 0.983 0.983 0.983 0.983 0.983 0.984 0.984 0.985 0.985 0.985 0.985 0.985 0.985 0.985 0.985 0.985 0.985 0.985 0.985 0.985 0.985 0.986 0.985 0.985 0.986 0.985 0.986 0.985 0.985 0.985 0.986 0.985 0.985 0.985 0.986 0.986 0.985 0.985 0.985 0.985 0.985 0.985 0.985 0.985 0.985 0.985 0.985 0.985 0.985 0.985 0.985 0.985 0.985 0.985 0.986 0.985 0.986 0.986 0.985 0.986 0.985 0.985 0.985 0.986 0.986 0.986 0.985 0.985 0.985 0.985 0.985 0.985 0.985 0.985 0.985 0.985 0.985 0.985 0.984 0.984 0.984 0.984 0.984 0.984 0.984 0.984 0.984 0.983 0.983 0.983 0.983 0.983 0.983 0.983 0.983 0.982 0.982 0.983 0.983 0.981 0.981 0.981 0.980 0.979 0.978 0.978 0.977 0.978 0.977 0.977 0.978 0.977 0.977 0.976 0.974 0.974 0.970 0.968 0.966 0.965 0.961 0.966 0.965 0.961 0.961 0.954 0.951 0.940 0.932 0.900 0.892 0.872 0.877 0.846 0.858 0.792 0.793 0.833 0.841 0.843 0.903 0.922 0.918 0.921 0.916 0.922 0.900 0.903 0.916 0.895 0.874 0.906 0.938 0.933 0.930 0.947 0.939 0.937 0.944 0.949 0.961 0.969 0.968 0.969 0.968 0.965 0.964 0.959 0.955 0.948 0.944 0.936 0.929 0.928 0.912 0.909 0.905 0.891 0.798 0.808 0.799 0.725 0.792 0.858 0.893 0.898 0.914 0.919 0.928 0.940 0.948 0.949 0.949 0.952 0.955 0.955 0.959 0.960 0.959 0.959 0.951 0.950 0.954 0.957 0.961 0.960 0.957 0.961 0.961 0.959 0.957 0.953 0.955 0.955 0.958 0.959 0.960 0.960 0.963 0.964 0.968 0.969 0.969 0.970 0.971 0.971 0.970 0.967 0.969 0.970 0.973 0.972 0.971 0.971 0.971 0.970 0.971 0.971 0.971 0.972 0.974 0.972 0.971 0.968 0.969 0.966 0.960 0.953 0.944 0.939 0.932 0.932 0.935 0.923 0.900 0.877 0.859 0.847 0.866 0.900 0.889 0.887 0.869 0.853 0.819 0.820 0.795 0.766 0.819 0.828 0.808 0.807
>9ck3
0.509 0.733 0.748 0.762 0.780 0.724 0.777 0.813 0.789 0.790 0.782 0.729 0.727 0.669 0.662 0.706 0.675 0.677 0.680 0.703 0.699 0.662 0.615 0.743 0.664 0.603 0.598 0.565 0.592 0.637 0.700 0.792 0.842 0.838 0.746 0.779 0.819 0.887 0.872 0.889 0.898 0.866 0.833 0.880 0.849 0.837 0.846 0.832 0.850 0.831 0.862 0.795 0.765 0.749 0.691 0.660 0.654 0.574 0.519 0.545 0.566 0.592 0.624 0.637 0.652 0.681 0.669 0.683 0.684 0.665 0.651 0.674 0.695 0.700 0.707 0.688 0.675 0.679 0.715 0.779 0.805 0.807 0.804 0.833 0.845 0.874 0.885 0.896 0.895 0.892 0.920 0.921 0.929 0.935 0.938 0.942 0.943 0.943 0.938 0.926 0.915 0.917 0.933 0.954 0.954 0.952 0.945 0.948 0.952 0.947 0.955 0.952 0.956 0.961 0.964 0.964 0.965 0.962 0.960 0.963 0.961 0.961 0.960 0.959 0.957 0.955 0.956 0.960 0.962 0.968 0.971 0.969 0.962 0.972 0.978 0.960 0.960 0.959 0.966 0.006
>9ck6
0.779 0.826 0.821 0.848 0.815 0.803 0.807 0.814 0.809 0.777 0.739 0.691 0.682 0.668 0.667 0.659 0.631 0.591 0.562 0.515 0.502 0.457 0.498 0.472 0.492 0.477 0.483 0.533 0.574 0.643 0.599 0.599 0.615 0.598 0.582 0.566 0.561 0.593 0.579 0.574 0.556 0.003
>9cki
0.779 0.826 0.821 0.848 0.815 0.803 0.807 0.814 0.809 0.777 0.739 0.691 0.682 0.668 0.667 0.659 0.631 0.591 0.562 0.515 0.502 0.457 0.498 0.472 0.492 0.477 0.483 0.533 0.574 0.643 0.599 0.599 0.615 0.598 0.582 0.566 0.561 0.593 0.579 0.574 0.556 0.003
>9ckk
0.506 0.760 0.765 0.777 0.792 0.738 0.793 0.823 0.808 0.812 0.806 0.731 0.714 0.664 0.639 0.686 0.641 0.651 0.653 0.666 0.673 0.634 0.598 0.720 0.644 0.602 0.592 0.553 0.573 0.614 0.634 0.756 0.790 0.786 0.742 0.726 0.731 0.847 0.770 0.843 0.855 0.829 0.773 0.829 0.812 0.770 0.758 0.744 0.749 0.794 0.827 0.772 0.766 0.751 0.681 0.642 0.637 0.558 0.503 0.518 0.524 0.559 0.610 0.627 0.629 0.667 0.648 0.647 0.656 0.644 0.638 0.654 0.685 0.697 0.709 0.688 0.673 0.677 0.698 0.752 0.773 0.784 0.786 0.820 0.841 0.862 0.869 0.890 0.884 0.884 0.915 0.918 0.924 0.931 0.934 0.936 0.940 0.940 0.936 0.930 0.913 0.917 0.940 0.952 0.952 0.951 0.945 0.948 0.951 0.949 0.957 0.954 0.958 0.962 0.965 0.965 0.966 0.963 0.961 0.964 0.962 0.962 0.961 0.960 0.958 0.956 0.956 0.961 0.963 0.970 0.971 0.970 0.963 0.972 0.979 0.960 0.960 0.960 0.967 0.006
>9ckl
0.506 0.760 0.765 0.777 0.792 0.738 0.793 0.823 0.808 0.812 0.806 0.731 0.714 0.664 0.639 0.686 0.641 0.651 0.653 0.666 0.673 0.634 0.598 0.720 0.644 0.602 0.592 0.553 0.573 0.614 0.634 0.756 0.790 0.786 0.742 0.726 0.731 0.847 0.770 0.843 0.855 0.829 0.773 0.829 0.812 0.770 0.758 0.744 0.749 0.794 0.827 0.772 0.766 0.751 0.681 0.642 0.637 0.558 0.503 0.518 0.524 0.559 0.610 0.627 0.629 0.667 0.648 0.647 0.656 0.644 0.638 0.654 0.685 0.697 0.709 0.688 0.673 0.677 0.698 0.752 0.773 0.784 0.786 0.820 0.841 0.862 0.869 0.890 0.884 0.884 0.915 0.918 0.924 0.931 0.934 0.936 0.940 0.940 0.936 0.930 0.913 0.917 0.940 0.952 0.952 0.951 0.945 0.948 0.951 0.949 0.957 0.954 0.958 0.962 0.965 0.965 0.966 0.963 0.961 0.964 0.962 0.962 0.961 0.960 0.958 0.956 0.956 0.961 0.963 0.970 0.971 0.970 0.963 0.972 0.979 0.960 0.960 0.960 0.967 0.006
>9co4
0.779 0.826 0.821 0.848 0.815 0.803 0.807 0.814 0.809 0.777 0.739 0.691 0.682 0.668 0.667 0.659 0.631 0.591 0.562 0.515 0.502 0.457 0.498 0.472 0.492 0.477 0.483 0.533 0.574 0.643 0.599 0.599 0.615 0.598 0.582 0.566 0.561 0.593 0.579 0.574 0.556 0.003
>9cww
0.970 0.972 0.973 0.976 0.977 0.978 0.980 0.980 0.980 0.981 0.982 0.982 0.982 0.982 0.984 0.984 0.984 0.984 0.984 0.985 0.985 0.985 0.986 0.985 0.986 0.986 0.986 0.986 0.986 0.985 0.985 0.985 0.985 0.985 0.984 0.984 0.984 0.983 0.983 0.982 0.981 0.980 0.978 0.978 0.975 0.975 0.971 0.968 0.966 0.964 0.964 0.963 0.966 0.966 0.967 0.969 0.970 0.970 0.971 0.971 0.973 0.979 0.980 0.981 0.982 0.982 0.982 0.983 0.984 0.983 0.983 0.982 0.982 0.982 0.984 0.983 0.983 0.983 0.985 0.985 0.985 0.984 0.984 0.983 0.983 0.982 0.982 0.982 0.982 0.982 0.981 0.980 0.982 0.976 0.974 0.972 0.970 0.970
>9cx6
0.509 0.733 0.748 0.762 0.780 0.724 0.777 0.813 0.789 0.790 0.782 0.729 0.727 0.669 0.662 0.706 0.675 0.677 0.680 0.703 0.699 0.662 0.615 0.743 0.664 0.603 0.598 0.565 0.592 0.637 0.700 0.792 0.842 0.838 0.746 0.779 0.819 0.887 0.872 0.889 0.898 0.866 0.833 0.880 0.849 0.837 0.846 0.832 0.850 0.831 0.862 0.795 0.765 0.749 0.691 0.660 0.654 0.574 0.519 0.545 0.566 0.592 0.624 0.637 0.652 0.681 0.669 0.683 0.684 0.665 0.651 0.674 0.695 0.700 0.707 0.688 0.675 0.679 0.715 0.779 0.805 0.807 0.804 0.833 0.845 0.874 0.885 0.896 0.895 0.892 0.920 0.921 0.929 0.935 0.938 0.942 0.943 0.943 0.938 0.926 0.915 0.917 0.933 0.954 0.954 0.952 0.945 0.948 0.952 0.947 0.955 0.952 0.956 0.961 0.964 0.964 0.965 0.962 0.960 0.963 0.961 0.961 0.960 0.959 0.957 0.955 0.956 0.960 0.962 0.968 0.971 0.969 0.962 0.972 0.978 0.960 0.960 0.959 0.966 0.006
>9cz3
0.798 0.838 0.866 0.871 0.879 0.888 0.904 0.901
>9czi
0.448 0.514 0.578 0.593 0.646 0.669 0.721 0.651 0.658 0.615 0.622 0.599 0.605 0.672 0.734 0.766 0.798 0.824 0.803 0.817 0.829 0.838 0.845 0.881 0.895 0.917 0.925 0.924 0.919 0.911 0.908 0.897 0.883 0.888 0.881 0.872 0.871 0.853 0.837 0.842 0.836 0.829 0.823 0.801 0.792 0.779 0.781 0.776 0.802 0.815 0.824 0.837 0.854 0.862 0.852 0.855 0.848 0.858 0.867 0.875 0.889 0.906 0.894 0.896 0.887 0.893 0.891 0.874 0.890 0.919 0.930 0.933 0.922
>9czl
0.502 0.640 0.659 0.699 0.712 0.739 0.689 0.751 0.655 0.662 0.611 0.618 0.598 0.601 0.691 0.743 0.788 0.813 0.833 0.811 0.823 0.840 0.845 0.848 0.885 0.898 0.916 0.921 0.921 0.912 0.901 0.899 0.889 0.877 0.880 0.870 0.859 0.861 0.840 0.829 0.825 0.824 0.822 0.814 0.791 0.784 0.775 0.778 0.771 0.803 0.814 0.825 0.839 0.856 0.865 0.851 0.854 0.848 0.858 0.867 0.876 0.890 0.907 0.893 0.895 0.887 0.894 0.892 0.875 0.891 0.920 0.931 0.934 0.923
>9czn
0.732 0.734 0.736 0.682 0.698 0.671 0.654 0.630 0.613 0.577 0.549 0.542 0.520 0.465 0.484 0.475 0.567 0.580 0.586 0.488 0.508 0.543 0.526 0.523 0.547 0.541 0.581 0.620 0.641 0.648 0.619 0.598 0.552 0.003
>9czp
0.732 0.734 0.736 0.682 0.698 0.671 0.654 0.630 0.613 0.577 0.549 0.542 0.520 0.465 0.484 0.475 0.567 0.580 0.586 0.488 0.508 0.543 0.526 0.523 0.547 0.541 0.581 0.620 0.641 0.648 0.619 0.598 0.552 0.003
>9d21
0.816 0.732 0.681 0.646 0.558 0.528 0.432 0.397 0.426 0.427 0.362 0.351 0.308 0.245 0.178 0.155 0.143 0.114 0.089 0.074 0.065 0.050 0.056 0.062 0.060 0.063 0.077 0.080 0.092 0.100 0.112 0.134 0.142 0.137 0.131 0.132 0.136 0.151 0.178 0.192 0.204 0.263 0.306 0.331 0.354 0.374 0.356 0.367 0.407 0.404 0.399 0.388 0.390 0.390 0.418 0.412 0.411 0.374 0.382 0.348 0.321 0.256 0.251 0.220 0.226 0.217 0.221 0.210 0.207 0.207 0.209 0.210 0.207 0.189 0.191 0.180 0.177 0.207 0.179 0.175 0.174 0.160 0.141 0.117 0.112 0.105 0.095 0.098 0.101 0.098 0.116 0.110 0.104 0.105 0.090 0.082 0.081 0.076 0.070 0.065 0.057 0.051 0.052 0.049 0.047 0.058 0.066 0.082 0.091 0.089 0.084 0.078 0.070 0.072 0.090 0.112 0.107 0.112 0.140 0.165 0.159 0.168 0.181 0.196 0.231 0.289 0.294
>9d23
0.816 0.732 0.681 0.646 0.558 0.528 0.432 0.397 0.426 0.427 0.362 0.351 0.308 0.245 0.178 0.155 0.143 0.114 0.089 0.074 0.065 0.050 0.056 0.062 0.060 0.063 0.077 0.080 0.092 0.100 0.112 0.134 0.142 0.137 0.131 0.132 0.136 0.151 0.178 0.192 0.204 0.263 0.306 0.331 0.354 0.374 0.356 0.367 0.407 0.404 0.399 0.388 0.390 0.390 0.418 0.412 0.411 0.374 0.382 0.348 0.321 0.256 0.251 0.220 0.226 0.217 0.221 0.210 0.207 0.207 0.209 0.210 0.207 0.189 0.191 0.180 0.177 0.207 0.179 0.175 0.174 0.160 0.141 0.117 0.112 0.105 0.095 0.098 0.101 0.098 0.116 0.110 0.104 0.105 0.090 0.082 0.081 0.076 0.070 0.065 0.057 0.051 0.052 0.049 0.047 0.058 0.066 0.082 0.091 0.089 0.084 0.078 0.070 0.072 0.090 0.112 0.107 0.112 0.140 0.165 0.159 0.168 0.181 0.196 0.231 0.289 0.294
>9d24
0.816 0.732 0.681 0.646 0.558 0.528 0.432 0.397 0.426 0.427 0.362 0.351 0.308 0.245 0.178 0.155 0.143 0.114 0.089 0.074 0.065 0.050 0.056 0.062 0.060 0.063 0.077 0.080 0.092 0.100 0.112 0.134 0.142 0.137 0.131 0.132 0.136 0.151 0.178 0.192 0.204 0.263 0.306 0.331 0.354 0.374 0.356 0.367 0.407 0.404 0.399 0.388 0.390 0.390 0.418 0.412 0.411 0.374 0.382 0.348 0.321 0.256 0.251 0.220 0.226 0.217 0.221 0.210 0.207 0.207 0.209 0.210 0.207 0.189 0.191 0.180 0.177 0.207 0.179 0.175 0.174 0.160 0.141 0.117 0.112 0.105 0.095 0.098 0.101 0.098 0.116 0.110 0.104 0.105 0.090 0.082 0.081 0.076 0.070 0.065 0.057 0.051 0.052 0.049 0.047 0.058 0.066 0.082 0.091 0.089 0.084 0.078 0.070 0.072 0.090 0.112 0.107 0.112 0.140 0.165 0.159 0.168 0.181 0.196 0.231 0.289 0.294
>9d27
0.816 0.732 0.681 0.646 0.558 0.528 0.432 0.397 0.426 0.427 0.362 0.351 0.308 0.245 0.178 0.155 0.143 0.114 0.089 0.074 0.065 0.050 0.056 0.062 0.060 0.063 0.077 0.080 0.092 0.100 0.112 0.134 0.142 0.137 0.131 0.132 0.136 0.151 0.178 0.192 0.204 0.263 0.306 0.331 0.354 0.374 0.356 0.367 0.407 0.404 0.399 0.388 0.390 0.390 0.418 0.412 0.411 0.374 0.382 0.348 0.321 0.256 0.251 0.220 0.226 0.217 0.221 0.210 0.207 0.207 0.209 0.210 0.207 0.189 0.191 0.180 0.177 0.207 0.179 0.175 0.174 0.160 0.141 0.117 0.112 0.105 0.095 0.098 0.101 0.098 0.116 0.110 0.104 0.105 0.090 0.082 0.081 0.076 0.070 0.065 0.057 0.051 0.052 0.049 0.047 0.058 0.066 0.082 0.091 0.089 0.084 0.078 0.070 0.072 0.090 0.112 0.107 0.112 0.140 0.165 0.159 0.168 0.181 0.196 0.231 0.289 0.294
>9d2g
0.816 0.732 0.681 0.646 0.558 0.528 0.432 0.397 0.426 0.427 0.362 0.351 0.308 0.245 0.178 0.155 0.143 0.114 0.089 0.074 0.065 0.050 0.056 0.062 0.060 0.063 0.077 0.080 0.092 0.100 0.112 0.134 0.142 0.137 0.131 0.132 0.136 0.151 0.178 0.192 0.204 0.263 0.306 0.331 0.354 0.374 0.356 0.367 0.407 0.404 0.399 0.388 0.390 0.390 0.418 0.412 0.411 0.374 0.382 0.348 0.321 0.256 0.251 0.220 0.226 0.217 0.221 0.210 0.207 0.207 0.209 0.210 0.207 0.189 0.191 0.180 0.177 0.207 0.179 0.175 0.174 0.160 0.141 0.117 0.112 0.105 0.095 0.098 0.101 0.098 0.116 0.110 0.104 0.105 0.090 0.082 0.081 0.076 0.070 0.065 0.057 0.051 0.052 0.049 0.047 0.058 0.066 0.082 0.091 0.089 0.084 0.078 0.070 0.072 0.090 0.112 0.107 0.112 0.140 0.165 0.159 0.168 0.181 0.196 0.231 0.289 0.294
>9d2n
0.774 0.819 0.862 0.863 0.871 0.884 0.905 0.903
>9d5c
0.466 0.635 0.654 0.640 0.635 0.533 0.569 0.565 0.571 0.574 0.545 0.536 0.540 0.517 0.522 0.557 0.575 0.587 0.563 0.589 0.638 0.607 0.560 0.626 0.548 0.484 0.510 0.518 0.531 0.551 0.550 0.620 0.669 0.673 0.688 0.673 0.639 0.656 0.649 0.695 0.756 0.660 0.654 0.633 0.629 0.591 0.618 0.562 0.560 0.593 0.648 0.653 0.684 0.709 0.677 0.657 0.650 0.592 0.511 0.534 0.542 0.545 0.532 0.575 0.591 0.585 0.555 0.558 0.601 0.591 0.593 0.639 0.640 0.655 0.670 0.665 0.676 0.656 0.644 0.663 0.695 0.720 0.769 0.814 0.838 0.843 0.832 0.846 0.842 0.852 0.912 0.905 0.909 0.915 0.906 0.891
>9d70
0.719 0.751 0.723 0.692 0.670 0.638 0.561
>9dme
0.682 0.605 0.587 0.586 0.590 0.595 0.612 0.616 0.639 0.611 0.645 0.682 0.620 0.602 0.584 0.585 0.594 0.493 0.452 0.432 0.342 0.244 0.232
>9dmy
0.852 0.875 0.870 0.851 0.837 0.831 0.822 0.810 0.815 0.804 0.803 0.826 0.821 0.814 0.819 0.841 0.857 0.870 0.876 0.889 0.899 0.910 0.932 0.933 0.937 0.946 0.954 0.958 0.964 0.967 0.976 0.976 0.976 0.980 0.983 0.983 0.984 0.984 0.984 0.984 0.985 0.985 0.985 0.985 0.985 0.986 0.985 0.986 0.986 0.986 0.987 0.988 0.988 0.988 0.988 0.989 0.989 0.989 0.989 0.988 0.988 0.989 0.989 0.989 0.989 0.989 0.989 0.989 0.989 0.989 0.988 0.988 0.989 0.988 0.989 0.989 0.989 0.989 0.989 0.989 0.988 0.990 0.990 0.990 0.990 0.990 0.990 0.991 0.990 0.989 0.989 0.990 0.991 0.990 0.990 0.990 0.990 0.990 0.989 0.989 0.988 0.987 0.985 0.984 0.981 0.980 0.979 0.978 0.978 0.978 0.979 0.980 0.981 0.980 0.979 0.979 0.979 0.979 0.975 0.969 0.969 0.967 0.966 0.971 0.974 0.974 0.973 0.974 0.972 0.973 0.974 0.971 0.971 0.973 0.976 0.973 0.966 0.948 0.946 0.942 0.925 0.925 0.910 0.896 0.873 0.635 0.349 0.151 0.150 0.124 0.103 0.116 0.127 0.132 0.130 0.107 0.091 0.084 0.085 0.094 0.102 0.129 0.134 0.130 0.149 0.156 0.152 0.150 0.136 0.120 0.093 0.075 0.080 0.069 0.066 0.061 0.063 0.073 0.099 0.110 0.102 0.120 0.125 0.136 0.144 0.167 0.171 0.186 0.194 0.186 0.183 0.197 0.233 0.247 0.277 0.351 0.330 0.350 0.356 0.377 0.337 0.303 0.299 0.307 0.283 0.256 0.209 0.212 0.205 0.199 0.197 0.196 0.224 0.263 0.238 0.266 0.291 0.300 0.340 0.284 0.259 0.270 0.285 0.267 0.316 0.375 0.418 0.452 0.523 0.554 0.551 0.530 0.563 0.571 0.609 0.648 0.661 0.709 0.732 0.736 0.736 0.737 0.742 0.736 0.732 0.725 0.725 0.737 0.739 0.757 0.759 0.750 0.743 0.744 0.750 0.764
>9dmz
0.852 0.875 0.870 0.851 0.837 0.831 0.822 0.810 0.815 0.804 0.803 0.826 0.821 0.814 0.819 0.841 0.857 0.870 0.876 0.889 0.899 0.910 0.932 0.933 0.937 0.946 0.954 0.958 0.964 0.967 0.976 0.976 0.976 0.980 0.983 0.983 0.984 0.984 0.984 0.984 0.985 0.985 0.985 0.985 0.985 0.986 0.985 0.986 0.986 0.986 0.987 0.988 0.988 0.988 0.988 0.989 0.989 0.989 0.989 0.988 0.988 0.989 0.989 0.989 0.989 0.989 0.989 0.989 0.989 0.989 0.988 0.988 0.989 0.988 0.989 0.989 0.989 0.989 0.989 0.989 0.988 0.990 0.990 0.990 0.990 0.990 0.990 0.991 0.990 0.989 0.989 0.990 0.991 0.990 0.990 0.990 0.990 0.990 0.989 0.989 0.988 0.987 0.985 0.984 0.981 0.980 0.979 0.978 0.978 0.978 0.979 0.980 0.981 0.980 0.979 0.979 0.979 0.979 0.975 0.969 0.969 0.967 0.966 0.971 0.974 0.974 0.973 0.974 0.972 0.973 0.974 0.971 0.971 0.973 0.976 0.973 0.966 0.948 0.946 0.942 0.925 0.925 0.910 0.896 0.873 0.635 0.349 0.151 0.150 0.124 0.103 0.116 0.127 0.132 0.130 0.107 0.091 0.084 0.085 0.094 0.102 0.129 0.134 0.130 0.149 0.156 0.152 0.150 0.136 0.120 0.093 0.075 0.080 0.069 0.066 0.061 0.063 0.073 0.099 0.110 0.102 0.120 0.125 0.136 0.144 0.167 0.171 0.186 0.194 0.186 0.183 0.197 0.233 0.247 0.277 0.351 0.330 0.350 0.356 0.377 0.337 0.303 0.299 0.307 0.283 0.256 0.209 0.212 0.205 0.199 0.197 0.196 0.224 0.263 0.238 0.266 0.291 0.300 0.340 0.284 0.259 0.270 0.285 0.267 0.316 0.375 0.418 0.452 0.523 0.554 0.551 0.530 0.563 0.571 0.609 0.648 0.661 0.709 0.732 0.736 0.736 0.737 0.742 0.736 0.732 0.725 0.725 0.737 0.739 0.757 0.759 0.750 0.743 0.744 0.750 0.764
>9e8u
0.509 0.733 0.748 0.762 0.780 0.724 0.777 0.813 0.789 0.790 0.782 0.729 0.727 0.669 0.662 0.706 0.675 0.677 0.680 0.703 0.699 0.662 0.615 0.743 0.664 0.603 0.598 0.565 0.592 0.637 0.700 0.792 0.842 0.838 0.746 0.779 0.819 0.887 0.872 0.889 0.898 0.866 0.833 0.880 0.849 0.837 0.846 0.832 0.850 0.831 0.862 0.795 0.765 0.749 0.691 0.660 0.654 0.574 0.519 0.545 0.566 0.592 0.624 0.637 0.652 0.681 0.669 0.683 0.684 0.665 0.651 0.674 0.695 0.700 0.707 0.688 0.675 0.679 0.715 0.779 0.805 0.807 0.804 0.833 0.845 0.874 0.885 0.896 0.895 0.892 0.920 0.921 0.929 0.935 0.938 0.942 0.943 0.943 0.938 0.926 0.915 0.917 0.933 0.954 0.954 0.952 0.945 0.948 0.952 0.947 0.955 0.952 0.956 0.961 0.964 0.964 0.965 0.962 0.960 0.963 0.961 0.961 0.960 0.959 0.957 0.955 0.956 0.960 0.962 0.968 0.971 0.969 0.962 0.972 0.978 0.960 0.960 0.959 0.966 0.006
>9e8v
0.509 0.733 0.748 0.762 0.780 0.724 0.777 0.813 0.789 0.790 0.782 0.729 0.727 0.669 0.662 0.706 0.675 0.677 0.680 0.703 0.699 0.662 0.615 0.743 0.664 0.603 0.598 0.565 0.592 0.637 0.700 0.792 0.842 0.838 0.746 0.779 0.819 0.887 0.872 0.889 0.898 0.866 0.833 0.880 0.849 0.837 0.846 0.832 0.850 0.831 0.862 0.795 0.765 0.749 0.691 0.660 0.654 0.574 0.519 0.545 0.566 0.592 0.624 0.637 0.652 0.681 0.669 0.683 0.684 0.665 0.651 0.674 0.695 0.700 0.707 0.688 0.675 0.679 0.715 0.779 0.805 0.807 0.804 0.833 0.845 0.874 0.885 0.896 0.895 0.892 0.920 0.921 0.929 0.935 0.938 0.942 0.943 0.943 0.938 0.926 0.915 0.917 0.933 0.954 0.954 0.952 0.945 0.948 0.952 0.947 0.955 0.952 0.956 0.961 0.964 0.964 0.965 0.962 0.960 0.963 0.961 0.961 0.960 0.959 0.957 0.955 0.956 0.960 0.962 0.968 0.971 0.969 0.962 0.972 0.978 0.960 0.960 0.959 0.966 0.006
>9e8w
0.509 0.733 0.748 0.762 0.780 0.724 0.777 0.813 0.789 0.790 0.782 0.729 0.727 0.669 0.662 0.706 0.675 0.677 0.680 0.703 0.699 0.662 0.615 0.743 0.664 0.603 0.598 0.565 0.592 0.637 0.700 0.792 0.842 0.838 0.746 0.779 0.819 0.887 0.872 0.889 0.898 0.866 0.833 0.880 0.849 0.837 0.846 0.832 0.850 0.831 0.862 0.795 0.765 0.749 0.691 0.660 0.654 0.574 0.519 0.545 0.566 0.592 0.624 0.637 0.652 0.681 0.669 0.683 0.684 0.665 0.651 0.674 0.695 0.700 0.707 0.688 0.675 0.679 0.715 0.779 0.805 0.807 0.804 0.833 0.845 0.874 0.885 0.896 0.895 0.892 0.920 0.921 0.929 0.935 0.938 0.942 0.943 0.943 0.938 0.926 0.915 0.917 0.933 0.954 0.954 0.952 0.945 0.948 0.952 0.947 0.955 0.952 0.956 0.961 0.964 0.964 0.965 0.962 0.960 0.963 0.961 0.961 0.960 0.959 0.957 0.955 0.956 0.960 0.962 0.968 0.971 0.969 0.962 0.972 0.978 0.960 0.960 0.959 0.966 0.006
>9e8x
0.509 0.733 0.748 0.762 0.780 0.724 0.777 0.813 0.789 0.790 0.782 0.729 0.727 0.669 0.662 0.706 0.675 0.677 0.680 0.703 0.699 0.662 0.615 0.743 0.664 0.603 0.598 0.565 0.592 0.637 0.700 0.792 0.842 0.838 0.746 0.779 0.819 0.887 0.872 0.889 0.898 0.866 0.833 0.880 0.849 0.837 0.846 0.832 0.850 0.831 0.862 0.795 0.765 0.749 0.691 0.660 0.654 0.574 0.519 0.545 0.566 0.592 0.624 0.637 0.652 0.681 0.669 0.683 0.684 0.665 0.651 0.674 0.695 0.700 0.707 0.688 0.675 0.679 0.715 0.779 0.805 0.807 0.804 0.833 0.845 0.874 0.885 0.896 0.895 0.892 0.920 0.921 0.929 0.935 0.938 0.942 0.943 0.943 0.938 0.926 0.915 0.917 0.933 0.954 0.954 0.952 0.945 0.948 0.952 0.947 0.955 0.952 0.956 0.961 0.964 0.964 0.965 0.962 0.960 0.963 0.961 0.961 0.960 0.959 0.957 0.955 0.956 0.960 0.962 0.968 0.971 0.969 0.962 0.972 0.978 0.960 0.960 0.959 0.966 0.006
>9e8y
0.509 0.733 0.748 0.762 0.780 0.724 0.777 0.813 0.789 0.790 0.782 0.729 0.727 0.669 0.662 0.706 0.675 0.677 0.680 0.703 0.699 0.662 0.615 0.743 0.664 0.603 0.598 0.565 0.592 0.637 0.700 0.792 0.842 0.838 0.746 0.779 0.819 0.887 0.872 0.889 0.898 0.866 0.833 0.880 0.849 0.837 0.846 0.832 0.850 0.831 0.862 0.795 0.765 0.749 0.691 0.660 0.654 0.574 0.519 0.545 0.566 0.592 0.624 0.637 0.652 0.681 0.669 0.683 0.684 0.665 0.651 0.674 0.695 0.700 0.707 0.688 0.675 0.679 0.715 0.779 0.805 0.807 0.804 0.833 0.845 0.874 0.885 0.896 0.895 0.892 0.920 0.921 0.929 0.935 0.938 0.942 0.943 0.943 0.938 0.926 0.915 0.917 0.933 0.954 0.954 0.952 0.945 0.948 0.952 0.947 0.955 0.952 0.956 0.961 0.964 0.964 0.965 0.962 0.960 0.963 0.961 0.961 0.960 0.959 0.957 0.955 0.956 0.960 0.962 0.968 0.971 0.969 0.962 0.972 0.978 0.960 0.960 0.959 0.966 0.006
>9e9x
0.509 0.733 0.748 0.762 0.780 0.724 0.777 0.813 0.789 0.790 0.782 0.729 0.727 0.669 0.662 0.706 0.675 0.677 0.680 0.703 0.699 0.662 0.615 0.743 0.664 0.603 0.598 0.565 0.592 0.637 0.700 0.792 0.842 0.838 0.746 0.779 0.819 0.887 0.872 0.889 0.898 0.866 0.833 0.880 0.849 0.837 0.846 0.832 0.850 0.831 0.862 0.795 0.765 0.749 0.691 0.660 0.654 0.574 0.519 0.545 0.566 0.592 0.624 0.637 0.652 0.681 0.669 0.683 0.684 0.665 0.651 0.674 0.695 0.700 0.707 0.688 0.675 0.679 0.715 0.779 0.805 0.807 0.804 0.833 0.845 0.874 0.885 0.896 0.895 0.892 0.920 0.921 0.929 0.935 0.938 0.942 0.943 0.943 0.938 0.926 0.915 0.917 0.933 0.954 0.954 0.952 0.945 0.948 0.952 0.947 0.955 0.952 0.956 0.961 0.964 0.964 0.965 0.962 0.960 0.963 0.961 0.961 0.960 0.959 0.957 0.955 0.956 0.960 0.962 0.968 0.971 0.969 0.962 0.972 0.978 0.960 0.960 0.959 0.966 0.006
>9eme
0.300 0.332 0.338 0.356 0.369 0.349 0.330 0.284 0.289 0.224 0.224 0.208 0.205 0.188 0.160 0.150 0.134 0.105 0.085 0.073 0.074 0.064 0.073 0.080 0.092 0.116 0.130 0.140 0.151 0.159 0.157 0.157 0.149 0.147 0.138 0.137 0.112 0.097 0.109 0.115 0.116 0.135 0.159 0.171 0.176 0.224 0.274 0.319 0.308 0.330 0.329 0.329 0.358 0.415 0.445 0.499 0.563 0.579 0.608 0.611 0.617 0.630 0.635 0.654 0.637 0.727 0.769 0.821 0.810 0.869 0.846 0.829 0.852 0.768 0.749 0.762 0.745 0.760 0.775 0.783 0.774 0.741 0.759 0.774 0.743 0.722 0.710 0.702 0.648 0.631 0.603 0.604 0.546 0.512 0.552 0.490 0.833 0.937 0.949 0.956 0.957 0.950 0.948 0.940 0.957 0.966 0.966 0.951 0.940 0.931 0.910 0.916 0.916 0.927 0.912
>9eo7
0.921 0.918 0.934 0.933 0.928 0.928 0.936 0.934 0.937 0.940 0.941 0.946 0.944 0.944 0.949 0.953 0.955 0.955 0.954 0.953 0.956 0.955 0.961 0.963 0.968 0.967 0.971 0.971 0.973 0.975 0.975 0.977 0.977 0.979 0.980 0.979 0.979 0.979 0.979 0.979 0.980 0.981 0.981 0.982 0.982 0.983 0.983 0.983 0.983 0.983 0.983 0.983 0.983 0.983 0.983 0.983 0.983 0.982 0.983 0.983 0.983 0.983 0.983 0.983 0.983 0.983 0.983 0.983 0.983 0.983 0.983 0.983 0.983 0.984 0.983 0.983 0.984 0.984 0.984 0.984 0.984 0.984 0.984 0.984 0.984 0.984 0.984 0.984 0.984 0.984 0.984 0.984 0.984 0.984 0.984 0.983 0.984 0.984 0.984 0.983 0.983 0.982 0.982 0.982 0.982 0.982 0.981 0.982 0.981 0.981 0.982 0.981 0.982 0.981 0.981 0.981 0.981 0.980 0.980 0.981 0.980 0.980 0.980 0.980 0.980 0.981 0.980 0.980 0.981 0.981 0.980 0.981 0.981 0.981 0.981 0.981 0.982 0.982 0.982 0.982 0.983 0.983 0.983 0.984 0.984 0.985 0.985 0.985 0.985 0.985 0.985 0.985 0.985 0.985 0.985 0.985 0.985 0.985 0.985 0.985 0.985 0.985 0.986 0.985 0.986 0.986 0.986 0.985 0.985 0.985 0.985 0.985 0.986 0.986 0.985 0.985 0.985 0.985 0.985 0.985 0.985 0.985 0.985 0.985 0.985 0.985 0.985 0.985 0.985 0.985 0.985 0.985 0.985 0.985 0.986 0.986 0.985 0.985 0.985 0.985 0.985 0.986 0.986 0.986 0.985 0.985 0.985 0.985 0.986 0.985 0.985 0.985 0.985 0.985 0.985 0.985 0.985 0.984 0.984 0.984 0.984 0.984 0.984 0.984 0.984 0.983 0.983 0.983 0.983 0.983 0.983 0.983 0.982 0.982 0.982 0.983 0.982 0.981 0.981 0.981 0.980 0.979 0.979 0.979 0.978 0.978 0.977 0.977 0.978 0.977 0.977 0.977 0.976 0.976 0.974 0.973 0.973 0.970 0.968 0.966 0.968 0.967 0.967 0.965 0.955 0.951 0.943 0.916 0.927 0.932 0.916 0.901 0.925 0.921 0.916 0.915 0.915 0.924 0.947 0.960 0.960 0.957 0.958 0.957 0.957 0.956 0.955 0.957 0.953 0.955 0.964 0.964 0.958 0.961 0.955 0.959 0.950 0.960 0.958 0.950 0.954 0.952 0.945 0.951 0.942 0.901 0.953 0.954 0.957 0.958 0.951 0.946 0.947 0.945 0.912 0.923 0.806 0.923 0.922 0.918 0.942 0.935 0.942 0.946 0.909 0.904 0.920 0.931 0.947 0.950 0.950 0.942 0.947 0.955 0.948 0.942 0.914 0.875 0.834 0.837 0.817 0.833 0.801 0.760 0.788 0.829 0.807 0.807 0.713 0.727 0.539 0.652 0.747 0.856 0.851 0.876 0.901 0.912 0.919 0.934 0.937 0.941 0.948 0.950 0.953 0.958 0.960 0.958 0.960 0.955 0.951 0.954 0.959 0.962 0.959 0.957 0.960 0.961 0.962 0.960 0.956 0.959 0.958 0.961 0.962 0.963 0.965 0.965 0.966 0.969 0.970 0.970 0.970 0.971 0.971 0.970 0.969 0.969 0.971 0.974 0.973 0.972 0.972 0.972 0.971 0.972 0.972 0.972 0.973 0.974 0.973 0.972 0.969 0.969 0.967 0.961 0.954 0.946 0.941 0.934 0.935 0.937 0.925 0.902 0.879 0.862 0.850 0.868 0.900 0.890 0.888 0.871 0.854 0.820 0.820 0.795 0.766 0.819 0.828 0.808 0.807
>9eo9
0.921 0.918 0.934 0.933 0.928 0.928 0.936 0.934 0.937 0.940 0.941 0.946 0.944 0.944 0.949 0.953 0.955 0.955 0.954 0.953 0.956 0.955 0.961 0.963 0.968 0.967 0.971 0.971 0.973 0.975 0.975 0.977 0.977 0.979 0.980 0.979 0.979 0.979 0.979 0.979 0.980 0.981 0.981 0.982 0.982 0.983 0.983 0.983 0.983 0.983 0.983 0.983 0.983 0.983 0.983 0.983 0.983 0.982 0.983 0.983 0.983 0.983 0.983 0.983 0.983 0.983 0.983 0.983 0.983 0.983 0.983 0.983 0.983 0.984 0.983 0.983 0.984 0.984 0.984 0.984 0.984 0.984 0.984 0.984 0.984 0.984 0.984 0.984 0.984 0.984 0.984 0.984 0.984 0.984 0.984 0.983 0.984 0.984 0.984 0.983 0.983 0.982 0.982 0.982 0.982 0.982 0.981 0.982 0.981 0.981 0.982 0.981 0.982 0.981 0.981 0.981 0.981 0.980 0.980 0.981 0.980 0.980 0.980 0.980 0.980 0.981 0.980 0.980 0.981 0.981 0.980 0.981 0.981 0.981 0.981 0.981 0.982 0.982 0.982 0.982 0.983 0.983 0.983 0.984 0.984 0.985 0.985 0.985 0.985 0.985 0.985 0.985 0.985 0.985 0.985 0.985 0.985 0.985 0.985 0.985 0.985 0.985 0.986 0.985 0.986 0.986 0.986 0.985 0.985 0.985 0.985 0.985 0.986 0.986 0.985 0.985 0.985 0.985 0.985 0.985 0.985 0.985 0.985 0.985 0.985 0.985 0.985 0.985 0.985 0.985 0.985 0.985 0.985 0.985 0.986 0.986 0.985 0.985 0.985 0.985 0.985 0.986 0.986 0.986 0.985 0.985 0.985 0.985 0.986 0.985 0.985 0.985 0.985 0.985 0.985 0.985 0.985 0.984 0.984 0.984 0.984 0.984 0.984 0.984 0.984 0.983 0.983 0.983 0.983 0.983 0.983 0.983 0.982 0.982 0.982 0.983 0.982 0.981 0.981 0.981 0.980 0.979 0.979 0.979 0.978 0.978 0.977 0.977 0.978 0.977 0.977 0.977 0.976 0.976 0.974 0.973 0.973 0.970 0.968 0.966 0.968 0.967 0.967 0.965 0.955 0.951 0.943 0.916 0.927 0.932 0.916 0.901 0.925 0.921 0.916 0.915 0.915 0.924 0.947 0.960 0.960 0.957 0.958 0.957 0.957 0.956 0.955 0.957 0.953 0.955 0.964 0.964 0.958 0.961 0.955 0.959 0.950 0.960 0.958 0.950 0.954 0.952 0.945 0.951 0.942 0.901 0.953 0.954 0.957 0.958 0.951 0.946 0.947 0.945 0.912 0.923 0.806 0.923 0.922 0.918 0.942 0.935 0.942 0.946 0.909 0.904 0.920 0.931 0.947 0.950 0.950 0.942 0.947 0.955 0.948 0.942 0.914 0.875 0.834 0.837 0.817 0.833 0.801 0.760 0.788 0.829 0.807 0.807 0.713 0.727 0.539 0.652 0.747 0.856 0.851 0.876 0.901 0.912 0.919 0.934 0.937 0.941 0.948 0.950 0.953 0.958 0.960 0.958 0.960 0.955 0.951 0.954 0.959 0.962 0.959 0.957 0.960 0.961 0.962 0.960 0.956 0.959 0.958 0.961 0.962 0.963 0.965 0.965 0.966 0.969 0.970 0.970 0.970 0.971 0.971 0.970 0.969 0.969 0.971 0.974 0.973 0.972 0.972 0.972 0.971 0.972 0.972 0.972 0.973 0.974 0.973 0.972 0.969 0.969 0.967 0.961 0.954 0.946 0.941 0.934 0.935 0.937 0.925 0.902 0.879 0.862 0.850 0.868 0.900 0.890 0.888 0.871 0.854 0.820 0.820 0.795 0.766 0.819 0.828 0.808 0.807
>9eoe
0.921 0.918 0.934 0.933 0.928 0.928 0.936 0.934 0.937 0.940 0.941 0.946 0.944 0.944 0.949 0.953 0.955 0.955 0.954 0.953 0.956 0.955 0.961 0.963 0.968 0.967 0.971 0.971 0.973 0.975 0.975 0.977 0.977 0.979 0.980 0.979 0.979 0.979 0.979 0.979 0.980 0.981 0.981 0.982 0.982 0.983 0.983 0.983 0.983 0.983 0.983 0.983 0.983 0.983 0.983 0.983 0.983 0.982 0.983 0.983 0.983 0.983 0.983 0.983 0.983 0.983 0.983 0.983 0.983 0.983 0.983 0.983 0.983 0.984 0.983 0.983 0.984 0.984 0.984 0.984 0.984 0.984 0.984 0.984 0.984 0.984 0.984 0.984 0.984 0.984 0.984 0.984 0.984 0.984 0.984 0.983 0.984 0.984 0.984 0.983 0.983 0.982 0.982 0.982 0.982 0.982 0.981 0.982 0.981 0.981 0.982 0.981 0.982 0.981 0.981 0.981 0.981 0.980 0.980 0.981 0.980 0.980 0.980 0.980 0.980 0.981 0.980 0.980 0.981 0.981 0.980 0.981 0.981 0.981 0.981 0.981 0.982 0.982 0.982 0.982 0.983 0.983 0.983 0.984 0.984 0.985 0.985 0.985 0.985 0.985 0.985 0.985 0.985 0.985 0.985 0.985 0.985 0.985 0.985 0.985 0.985 0.985 0.986 0.985 0.986 0.986 0.986 0.985 0.985 0.985 0.985 0.985 0.986 0.986 0.985 0.985 0.985 0.985 0.985 0.985 0.985 0.985 0.985 0.985 0.985 0.985 0.985 0.985 0.985 0.985 0.985 0.985 0.985 0.985 0.986 0.986 0.985 0.985 0.985 0.985 0.985 0.986 0.986 0.986 0.985 0.985 0.985 0.985 0.986 0.985 0.985 0.985 0.985 0.985 0.985 0.985 0.985 0.984 0.984 0.984 0.984 0.984 0.984 0.984 0.984 0.983 0.983 0.983 0.983 0.983 0.983 0.983 0.982 0.982 0.982 0.983 0.982 0.981 0.981 0.981 0.980 0.979 0.979 0.979 0.978 0.978 0.977 0.977 0.978 0.977 0.977 0.977 0.976 0.976 0.974 0.973 0.973 0.970 0.968 0.966 0.968 0.967 0.967 0.965 0.955 0.951 0.943 0.916 0.927 0.932 0.916 0.901 0.925 0.921 0.916 0.915 0.915 0.924 0.947 0.960 0.960 0.957 0.958 0.957 0.957 0.956 0.955 0.957 0.953 0.955 0.964 0.964 0.958 0.961 0.955 0.959 0.950 0.960 0.958 0.950 0.954 0.952 0.945 0.951 0.942 0.901 0.953 0.954 0.957 0.958 0.951 0.946 0.947 0.945 0.912 0.923 0.806 0.923 0.922 0.918 0.942 0.935 0.942 0.946 0.909 0.904 0.920 0.931 0.947 0.950 0.950 0.942 0.947 0.955 0.948 0.942 0.914 0.875 0.834 0.837 0.817 0.833 0.801 0.760 0.788 0.829 0.807 0.807 0.713 0.727 0.539 0.652 0.747 0.856 0.851 0.876 0.901 0.912 0.919 0.934 0.937 0.941 0.948 0.950 0.953 0.958 0.960 0.958 0.960 0.955 0.951 0.954 0.959 0.962 0.959 0.957 0.960 0.961 0.962 0.960 0.956 0.959 0.958 0.961 0.962 0.963 0.965 0.965 0.966 0.969 0.970 0.970 0.970 0.971 0.971 0.970 0.969 0.969 0.971 0.974 0.973 0.972 0.972 0.972 0.971 0.972 0.972 0.972 0.973 0.974 0.973 0.972 0.969 0.969 0.967 0.961 0.954 0.946 0.941 0.934 0.935 0.937 0.925 0.902 0.879 0.862 0.850 0.868 0.900 0.890 0.888 0.871 0.854 0.820 0.820 0.795 0.766 0.819 0.828 0.808 0.807
>9eog
0.921 0.918 0.934 0.933 0.928 0.928 0.936 0.934 0.937 0.940 0.941 0.946 0.944 0.944 0.949 0.953 0.955 0.955 0.954 0.953 0.956 0.955 0.961 0.963 0.968 0.967 0.971 0.971 0.973 0.975 0.975 0.977 0.977 0.979 0.980 0.979 0.979 0.979 0.979 0.979 0.980 0.981 0.981 0.982 0.982 0.983 0.983 0.983 0.983 0.983 0.983 0.983 0.983 0.983 0.983 0.983 0.983 0.982 0.983 0.983 0.983 0.983 0.983 0.983 0.983 0.983 0.983 0.983 0.983 0.983 0.983 0.983 0.983 0.984 0.983 0.983 0.984 0.984 0.984 0.984 0.984 0.984 0.984 0.984 0.984 0.984 0.984 0.984 0.984 0.984 0.984 0.984 0.984 0.984 0.984 0.983 0.984 0.984 0.984 0.983 0.983 0.982 0.982 0.982 0.982 0.982 0.981 0.982 0.981 0.981 0.982 0.981 0.982 0.981 0.981 0.981 0.981 0.980 0.980 0.981 0.980 0.980 0.980 0.980 0.980 0.981 0.980 0.980 0.981 0.981 0.980 0.981 0.981 0.981 0.981 0.981 0.982 0.982 0.982 0.982 0.983 0.983 0.983 0.984 0.984 0.985 0.985 0.985 0.985 0.985 0.985 0.985 0.985 0.985 0.985 0.985 0.985 0.985 0.985 0.985 0.985 0.985 0.986 0.985 0.986 0.986 0.986 0.985 0.985 0.985 0.985 0.985 0.986 0.986 0.985 0.985 0.985 0.985 0.985 0.985 0.985 0.985 0.985 0.985 0.985 0.985 0.985 0.985 0.985 0.985 0.985 0.985 0.985 0.985 0.986 0.986 0.985 0.985 0.985 0.985 0.985 0.986 0.986 0.986 0.985 0.985 0.985 0.985 0.986 0.985 0.985 0.985 0.985 0.985 0.985 0.985 0.985 0.984 0.984 0.984 0.984 0.984 0.984 0.984 0.984 0.983 0.983 0.983 0.983 0.983 0.983 0.983 0.982 0.982 0.982 0.983 0.983 0.981 0.981 0.981 0.980 0.979 0.979 0.978 0.978 0.978 0.977 0.977 0.978 0.977 0.977 0.977 0.976 0.976 0.974 0.973 0.973 0.969 0.965 0.963 0.964 0.963 0.963 0.959 0.946 0.938 0.929 0.892 0.908 0.918 0.900 0.879 0.907 0.907 0.902 0.903 0.897 0.911 0.941 0.954 0.954 0.951 0.953 0.953 0.955 0.953 0.948 0.951 0.943 0.941 0.956 0.957 0.948 0.954 0.938 0.943 0.919 0.941 0.933 0.918 0.915 0.905 0.907 0.888 0.832 0.770 0.941 0.945 0.947 0.957 0.940 0.925 0.811 0.898 0.496 0.689 0.302 0.479 0.512 0.750 0.918 0.915 0.928 0.941 0.901 0.904 0.913 0.926 0.944 0.950 0.949 0.944 0.945 0.950 0.938 0.927 0.812 0.744 0.690 0.672 0.575 0.627 0.603 0.532 0.570 0.553 0.558 0.560 0.475 0.590 0.407 0.446 0.645 0.775 0.802 0.853 0.883 0.906 0.912 0.921 0.934 0.938 0.942 0.946 0.949 0.957 0.956 0.953 0.954 0.952 0.950 0.953 0.957 0.959 0.952 0.952 0.958 0.957 0.958 0.954 0.948 0.952 0.950 0.954 0.957 0.958 0.959 0.963 0.962 0.966 0.968 0.968 0.968 0.969 0.969 0.969 0.965 0.968 0.970 0.973 0.972 0.971 0.971 0.971 0.970 0.971 0.971 0.971 0.972 0.974 0.972 0.971 0.968 0.969 0.966 0.960 0.953 0.944 0.939 0.932 0.932 0.935 0.923 0.900 0.877 0.859 0.847 0.866 0.900 0.889 0.887 0.869 0.853 0.819 0.820 0.795 0.766 0.819 0.828 0.808 0.807
>9eoh
0.921 0.918 0.934 0.933 0.928 0.928 0.936 0.934 0.937 0.940 0.941 0.946 0.944 0.944 0.949 0.953 0.955 0.955 0.954 0.953 0.956 0.955 0.961 0.963 0.968 0.967 0.971 0.971 0.973 0.975 0.975 0.977 0.977 0.979 0.980 0.979 0.979 0.979 0.979 0.979 0.980 0.981 0.981 0.982 0.982 0.983 0.983 0.983 0.983 0.983 0.983 0.983 0.983 0.983 0.983 0.983 0.983 0.982 0.983 0.983 0.983 0.983 0.983 0.983 0.983 0.983 0.983 0.983 0.983 0.983 0.983 0.983 0.983 0.984 0.983 0.983 0.984 0.984 0.984 0.984 0.984 0.984 0.984 0.984 0.984 0.984 0.984 0.984 0.984 0.984 0.984 0.984 0.984 0.984 0.984 0.983 0.984 0.984 0.984 0.983 0.983 0.982 0.982 0.982 0.982 0.982 0.981 0.982 0.981 0.981 0.982 0.981 0.982 0.981 0.981 0.981 0.981 0.980 0.980 0.981 0.980 0.980 0.980 0.980 0.980 0.981 0.980 0.980 0.981 0.981 0.980 0.981 0.981 0.981 0.981 0.981 0.982 0.982 0.982 0.982 0.983 0.983 0.983 0.984 0.984 0.985 0.985 0.985 0.985 0.985 0.985 0.985 0.985 0.985 0.985 0.985 0.985 0.985 0.985 0.985 0.985 0.985 0.986 0.985 0.986 0.986 0.986 0.985 0.985 0.985 0.985 0.985 0.986 0.986 0.985 0.985 0.985 0.985 0.985 0.985 0.985 0.985 0.985 0.985 0.985 0.985 0.985 0.985 0.985 0.985 0.985 0.985 0.985 0.985 0.986 0.986 0.985 0.985 0.985 0.985 0.985 0.986 0.986 0.986 0.985 0.985 0.985 0.985 0.986 0.985 0.985 0.985 0.985 0.985 0.985 0.985 0.985 0.984 0.984 0.984 0.984 0.984 0.984 0.984 0.984 0.983 0.983 0.983 0.983 0.983 0.983 0.983 0.982 0.982 0.982 0.983 0.982 0.981 0.981 0.981 0.980 0.979 0.979 0.979 0.978 0.978 0.977 0.977 0.978 0.977 0.977 0.977 0.976 0.976 0.974 0.973 0.973 0.970 0.968 0.966 0.968 0.967 0.967 0.965 0.955 0.951 0.943 0.916 0.927 0.932 0.916 0.901 0.925 0.921 0.916 0.915 0.915 0.924 0.947 0.960 0.960 0.957 0.958 0.957 0.957 0.956 0.955 0.957 0.953 0.955 0.964 0.964 0.958 0.961 0.955 0.959 0.950 0.960 0.958 0.950 0.954 0.952 0.945 0.951 0.942 0.901 0.953 0.954 0.957 0.958 0.951 0.946 0.947 0.945 0.912 0.923 0.806 0.923 0.922 0.918 0.942 0.935 0.942 0.946 0.909 0.904 0.920 0.931 0.947 0.950 0.950 0.942 0.947 0.955 0.948 0.942 0.914 0.875 0.834 0.837 0.817 0.833 0.801 0.760 0.788 0.829 0.807 0.807 0.713 0.727 0.539 0.652 0.747 0.856 0.851 0.876 0.901 0.912 0.919 0.934 0.937 0.941 0.948 0.950 0.953 0.958 0.960 0.958 0.960 0.955 0.951 0.954 0.959 0.962 0.959 0.957 0.960 0.961 0.962 0.960 0.956 0.959 0.958 0.961 0.962 0.963 0.965 0.965 0.966 0.969 0.970 0.970 0.970 0.971 0.971 0.970 0.969 0.969 0.971 0.974 0.973 0.972 0.972 0.972 0.971 0.972 0.972 0.972 0.973 0.974 0.973 0.972 0.969 0.969 0.967 0.961 0.954 0.946 0.941 0.934 0.935 0.937 0.925 0.902 0.879 0.862 0.850 0.868 0.900 0.890 0.888 0.871 0.854 0.820 0.820 0.795 0.766 0.819 0.828 0.808 0.807
>9erm
0.921 0.918 0.934 0.933 0.928 0.928 0.936 0.934 0.937 0.940 0.941 0.946 0.944 0.944 0.949 0.953 0.955 0.955 0.954 0.953 0.956 0.955 0.961 0.963 0.968 0.967 0.971 0.971 0.973 0.975 0.975 0.977 0.977 0.979 0.980 0.979 0.979 0.979 0.979 0.979 0.980 0.981 0.981 0.982 0.982 0.983 0.983 0.983 0.983 0.983 0.983 0.983 0.983 0.983 0.983 0.983 0.983 0.982 0.983 0.983 0.983 0.983 0.983 0.983 0.983 0.983 0.983 0.983 0.983 0.983 0.983 0.983 0.983 0.984 0.983 0.983 0.984 0.984 0.984 0.984 0.984 0.984 0.984 0.984 0.984 0.984 0.984 0.984 0.984 0.984 0.984 0.984 0.984 0.984 0.984 0.983 0.984 0.984 0.984 0.983 0.983 0.982 0.982 0.982 0.982 0.982 0.981 0.982 0.981 0.981 0.982 0.981 0.982 0.981 0.981 0.981 0.981 0.980 0.980 0.981 0.980 0.980 0.980 0.980 0.980 0.981 0.980 0.980 0.981 0.981 0.980 0.981 0.981 0.981 0.981 0.981 0.982 0.982 0.982 0.982 0.983 0.983 0.983 0.984 0.984 0.985 0.985 0.985 0.985 0.985 0.985 0.985 0.985 0.985 0.985 0.985 0.985 0.985 0.985 0.985 0.985 0.985 0.986 0.985 0.986 0.986 0.986 0.985 0.985 0.985 0.985 0.985 0.986 0.986 0.985 0.985 0.985 0.985 0.985 0.985 0.985 0.985 0.985 0.985 0.985 0.985 0.985 0.985 0.985 0.985 0.985 0.985 0.985 0.985 0.986 0.986 0.985 0.985 0.985 0.985 0.985 0.986 0.986 0.986 0.985 0.985 0.985 0.985 0.986 0.985 0.985 0.985 0.985 0.985 0.985 0.985 0.985 0.984 0.984 0.984 0.984 0.984 0.984 0.984 0.984 0.983 0.983 0.983 0.983 0.983 0.983 0.983 0.982 0.982 0.982 0.983 0.983 0.981 0.981 0.981 0.980 0.979 0.979 0.978 0.978 0.978 0.977 0.977 0.978 0.977 0.977 0.977 0.976 0.976 0.974 0.973 0.973 0.969 0.965 0.963 0.964 0.963 0.963 0.959 0.946 0.938 0.929 0.892 0.908 0.918 0.900 0.879 0.907 0.907 0.902 0.903 0.897 0.911 0.941 0.954 0.954 0.951 0.953 0.953 0.955 0.953 0.948 0.951 0.943 0.941 0.956 0.957 0.948 0.954 0.938 0.943 0.919 0.941 0.933 0.918 0.915 0.905 0.907 0.888 0.832 0.770 0.941 0.945 0.947 0.957 0.940 0.925 0.811 0.898 0.496 0.689 0.302 0.479 0.512 0.750 0.918 0.915 0.928 0.941 0.901 0.904 0.913 0.926 0.944 0.950 0.949 0.944 0.945 0.950 0.938 0.927 0.812 0.744 0.690 0.672 0.575 0.627 0.603 0.532 0.570 0.553 0.558 0.560 0.475 0.590 0.407 0.446 0.645 0.775 0.802 0.853 0.883 0.906 0.912 0.921 0.934 0.938 0.942 0.946 0.949 0.957 0.956 0.953 0.954 0.952 0.950 0.953 0.957 0.959 0.952 0.952 0.958 0.957 0.958 0.954 0.948 0.952 0.950 0.954 0.957 0.958 0.959 0.963 0.962 0.966 0.968 0.968 0.968 0.969 0.969 0.969 0.965 0.968 0.970 0.973 0.972 0.971 0.971 0.971 0.970 0.971 0.971 0.971 0.972 0.974 0.972 0.971 0.968 0.969 0.966 0.960 0.953 0.944 0.939 0.932 0.932 0.935 0.923 0.900 0.877 0.859 0.847 0.866 0.900 0.889 0.887 0.869 0.853 0.819 0.820 0.795 0.766 0.819 0.828 0.808 0.807
>9ern
0.921 0.918 0.934 0.933 0.928 0.928 0.936 0.934 0.937 0.940 0.941 0.946 0.944 0.944 0.949 0.953 0.955 0.955 0.954 0.953 0.956 0.955 0.961 0.963 0.968 0.967 0.971 0.971 0.973 0.975 0.975 0.977 0.977 0.979 0.980 0.979 0.979 0.979 0.979 0.979 0.980 0.981 0.981 0.982 0.982 0.983 0.983 0.983 0.983 0.983 0.983 0.983 0.983 0.983 0.983 0.983 0.983 0.982 0.983 0.983 0.983 0.983 0.983 0.983 0.983 0.983 0.983 0.983 0.983 0.983 0.983 0.983 0.983 0.984 0.983 0.983 0.984 0.984 0.984 0.984 0.984 0.984 0.984 0.984 0.984 0.984 0.984 0.984 0.984 0.984 0.984 0.984 0.984 0.984 0.984 0.983 0.984 0.984 0.984 0.983 0.983 0.982 0.982 0.982 0.982 0.982 0.981 0.982 0.981 0.981 0.982 0.981 0.982 0.981 0.981 0.981 0.981 0.980 0.980 0.981 0.980 0.980 0.980 0.980 0.980 0.981 0.980 0.980 0.981 0.981 0.980 0.981 0.981 0.981 0.981 0.981 0.982 0.982 0.982 0.982 0.983 0.983 0.983 0.984 0.984 0.985 0.985 0.985 0.985 0.985 0.985 0.985 0.985 0.985 0.985 0.985 0.985 0.985 0.985 0.985 0.985 0.985 0.986 0.985 0.986 0.986 0.986 0.985 0.985 0.985 0.985 0.985 0.986 0.986 0.985 0.985 0.985 0.985 0.985 0.985 0.985 0.985 0.985 0.985 0.985 0.985 0.985 0.985 0.985 0.985 0.985 0.985 0.985 0.985 0.986 0.986 0.985 0.985 0.985 0.985 0.985 0.986 0.986 0.986 0.985 0.985 0.985 0.985 0.986 0.985 0.985 0.985 0.985 0.985 0.985 0.985 0.985 0.984 0.984 0.984 0.984 0.984 0.984 0.984 0.984 0.983 0.983 0.983 0.983 0.983 0.983 0.983 0.982 0.982 0.982 0.983 0.983 0.981 0.981 0.981 0.980 0.979 0.979 0.978 0.978 0.978 0.977 0.977 0.978 0.977 0.977 0.977 0.976 0.976 0.974 0.973 0.973 0.969 0.965 0.963 0.964 0.963 0.963 0.959 0.946 0.938 0.929 0.892 0.908 0.918 0.900 0.879 0.907 0.907 0.902 0.903 0.897 0.911 0.941 0.954 0.954 0.951 0.953 0.953 0.955 0.953 0.948 0.951 0.943 0.941 0.956 0.957 0.948 0.954 0.938 0.943 0.919 0.941 0.933 0.918 0.915 0.905 0.907 0.888 0.832 0.770 0.941 0.945 0.947 0.957 0.940 0.925 0.811 0.898 0.496 0.689 0.302 0.479 0.512 0.750 0.918 0.915 0.928 0.941 0.901 0.904 0.913 0.926 0.944 0.950 0.949 0.944 0.945 0.950 0.938 0.927 0.812 0.744 0.690 0.672 0.575 0.627 0.603 0.532 0.570 0.553 0.558 0.560 0.475 0.590 0.407 0.446 0.645 0.775 0.802 0.853 0.883 0.906 0.912 0.921 0.934 0.938 0.942 0.946 0.949 0.957 0.956 0.953 0.954 0.952 0.950 0.953 0.957 0.959 0.952 0.952 0.958 0.957 0.958 0.954 0.948 0.952 0.950 0.954 0.957 0.958 0.959 0.963 0.962 0.966 0.968 0.968 0.968 0.969 0.969 0.969 0.965 0.968 0.970 0.973 0.972 0.971 0.971 0.971 0.970 0.971 0.971 0.971 0.972 0.974 0.972 0.971 0.968 0.969 0.966 0.960 0.953 0.944 0.939 0.932 0.932 0.935 0.923 0.900 0.877 0.859 0.847 0.866 0.900 0.889 0.887 0.869 0.853 0.819 0.820 0.795 0.766 0.819 0.828 0.808 0.807
>9ero
0.921 0.918 0.934 0.933 0.928 0.928 0.936 0.934 0.937 0.940 0.941 0.946 0.944 0.944 0.949 0.953 0.955 0.955 0.954 0.953 0.956 0.955 0.961 0.963 0.968 0.967 0.971 0.971 0.973 0.975 0.975 0.977 0.977 0.979 0.980 0.979 0.979 0.979 0.979 0.979 0.980 0.981 0.981 0.982 0.982 0.983 0.983 0.983 0.983 0.983 0.983 0.983 0.983 0.983 0.983 0.983 0.983 0.982 0.983 0.983 0.983 0.983 0.983 0.983 0.983 0.983 0.983 0.983 0.983 0.983 0.983 0.983 0.983 0.984 0.983 0.983 0.984 0.984 0.984 0.984 0.984 0.984 0.984 0.984 0.984 0.984 0.984 0.984 0.984 0.984 0.984 0.984 0.984 0.984 0.984 0.983 0.984 0.984 0.984 0.983 0.983 0.982 0.982 0.982 0.982 0.982 0.981 0.982 0.981 0.981 0.982 0.981 0.982 0.981 0.981 0.981 0.981 0.980 0.980 0.981 0.980 0.980 0.980 0.980 0.980 0.981 0.980 0.980 0.981 0.981 0.980 0.981 0.981 0.981 0.981 0.981 0.982 0.982 0.982 0.982 0.983 0.983 0.983 0.984 0.984 0.985 0.985 0.985 0.985 0.985 0.985 0.985 0.985 0.985 0.985 0.985 0.985 0.985 0.985 0.985 0.985 0.985 0.986 0.985 0.986 0.986 0.986 0.985 0.985 0.985 0.985 0.985 0.986 0.986 0.985 0.985 0.985 0.985 0.985 0.985 0.985 0.985 0.985 0.985 0.985 0.985 0.985 0.985 0.985 0.985 0.985 0.985 0.985 0.985 0.986 0.986 0.985 0.985 0.985 0.985 0.985 0.986 0.986 0.986 0.985 0.985 0.985 0.985 0.986 0.985 0.985 0.985 0.985 0.985 0.985 0.985 0.985 0.984 0.984 0.984 0.984 0.984 0.984 0.984 0.984 0.983 0.983 0.983 0.983 0.983 0.983 0.983 0.982 0.982 0.982 0.983 0.983 0.981 0.981 0.981 0.980 0.979 0.979 0.978 0.978 0.978 0.977 0.977 0.978 0.977 0.977 0.977 0.976 0.976 0.974 0.973 0.973 0.969 0.965 0.963 0.964 0.963 0.963 0.959 0.946 0.938 0.929 0.892 0.908 0.918 0.900 0.879 0.907 0.907 0.902 0.903 0.897 0.911 0.941 0.954 0.954 0.951 0.953 0.953 0.955 0.953 0.948 0.951 0.943 0.941 0.956 0.957 0.948 0.954 0.938 0.943 0.919 0.941 0.933 0.918 0.915 0.905 0.907 0.888 0.832 0.770 0.941 0.945 0.947 0.957 0.940 0.925 0.811 0.898 0.496 0.689 0.302 0.479 0.512 0.750 0.918 0.915 0.928 0.941 0.901 0.904 0.913 0.926 0.944 0.950 0.949 0.944 0.945 0.950 0.938 0.927 0.812 0.744 0.690 0.672 0.575 0.627 0.603 0.532 0.570 0.553 0.558 0.560 0.475 0.590 0.407 0.446 0.645 0.775 0.802 0.853 0.883 0.906 0.912 0.921 0.934 0.938 0.942 0.946 0.949 0.957 0.956 0.953 0.954 0.952 0.950 0.953 0.957 0.959 0.952 0.952 0.958 0.957 0.958 0.954 0.948 0.952 0.950 0.954 0.957 0.958 0.959 0.963 0.962 0.966 0.968 0.968 0.968 0.969 0.969 0.969 0.965 0.968 0.970 0.973 0.972 0.971 0.971 0.971 0.970 0.971 0.971 0.971 0.972 0.974 0.972 0.971 0.968 0.969 0.966 0.960 0.953 0.944 0.939 0.932 0.932 0.935 0.923 0.900 0.877 0.859 0.847 0.866 0.900 0.889 0.887 0.869 0.853 0.819 0.820 0.795 0.766 0.819 0.828 0.808 0.807
>9euu
0.509 0.733 0.748 0.762 0.780 0.724 0.777 0.813 0.789 0.790 0.782 0.729 0.727 0.669 0.662 0.706 0.675 0.677 0.680 0.703 0.699 0.662 0.615 0.743 0.664 0.603 0.598 0.565 0.592 0.637 0.700 0.792 0.842 0.838 0.746 0.779 0.819 0.887 0.872 0.889 0.898 0.866 0.833 0.880 0.849 0.837 0.846 0.832 0.850 0.831 0.862 0.795 0.765 0.749 0.691 0.660 0.654 0.574 0.519 0.545 0.566 0.592 0.624 0.637 0.652 0.681 0.669 0.683 0.684 0.665 0.651 0.674 0.695 0.700 0.707 0.688 0.675 0.679 0.715 0.779 0.805 0.807 0.804 0.833 0.845 0.874 0.885 0.896 0.895 0.892 0.920 0.921 0.929 0.935 0.938 0.942 0.943 0.943 0.938 0.926 0.915 0.917 0.933 0.954 0.954 0.952 0.945 0.948 0.952 0.947 0.955 0.952 0.956 0.961 0.964 0.964 0.965 0.962 0.960 0.963 0.961 0.961 0.960 0.959 0.957 0.955 0.956 0.960 0.962 0.968 0.971 0.969 0.962 0.972 0.978 0.960 0.960 0.959 0.966 0.006
>9ewv
0.509 0.778 0.770 0.778 0.795 0.751 0.800 0.828 0.814 0.817 0.814 0.737 0.722 0.668 0.634 0.686 0.634 0.653 0.653 0.668 0.673 0.633 0.595 0.716 0.642 0.603 0.597 0.550 0.577 0.610 0.638 0.754 0.786 0.777 0.725 0.685 0.653 0.800 0.695 0.825 0.848 0.804 0.751 0.816 0.802 0.752 0.746 0.725 0.724 0.753 0.794 0.730 0.716 0.724 0.663 0.613 0.595 0.516 0.466 0.491 0.516 0.554 0.603 0.610 0.615 0.643 0.619 0.617 0.620 0.633 0.622 0.611 0.671 0.679 0.672 0.666 0.661 0.662 0.674 0.715 0.737 0.747 0.759 0.787 0.808 0.840 0.845 0.867 0.876 0.877 0.910 0.914 0.923 0.932 0.934 0.936 0.937 0.939 0.930 0.910 0.895 0.889 0.876 0.909 0.919 0.919 0.914 0.929 0.938 0.933 0.945 0.944 0.949 0.954 0.958 0.959 0.961 0.957 0.954 0.957 0.954 0.954 0.954 0.955 0.950 0.949 0.950 0.959 0.965 0.974 0.975 0.978 0.970 0.975 0.984 0.969 0.956 0.956 0.966 0.003
>9faa
0.577 0.569 0.585 0.594 0.603 0.638 0.568 0.478 0.415 0.443 0.342 0.233 0.245 0.235 0.301 0.303 0.262 0.262 0.241 0.224 0.215 0.217 0.192 0.200 0.168 0.183 0.167 0.172 0.164 0.167 0.148 0.129 0.118 0.104 0.098 0.095 0.090 0.085 0.085 0.092 0.101 0.114 0.124 0.150 0.169 0.191 0.243 0.231 0.216 0.197 0.194 0.189 0.172 0.170 0.204 0.251 0.280 0.284 0.307 0.335 0.368 0.316 0.251 0.266 0.305 0.264 0.421 0.507 0.479 0.540 0.530 0.505 0.443 0.456 0.450 0.384 0.288 0.274 0.207 0.208 0.217 0.206 0.202 0.206 0.175 0.144 0.152 0.166 0.177 0.166 0.167 0.157 0.170 0.161 0.142 0.115 0.087 0.115 0.124 0.154 0.168 0.190 0.190 0.292 0.259 0.348 0.468 0.537 0.480 0.442 0.397 0.422 0.373 0.456 0.492 0.521 0.536 0.595 0.694 0.748 0.829 0.880 0.880 0.872 0.922 0.920 0.937 0.934 0.939 0.926 0.928 0.943
>9fab
0.577 0.569 0.585 0.594 0.603 0.638 0.568 0.478 0.415 0.443 0.342 0.233 0.245 0.235 0.301 0.303 0.262 0.262 0.241 0.224 0.215 0.217 0.192 0.200 0.168 0.183 0.167 0.172 0.164 0.167 0.148 0.129 0.118 0.104 0.098 0.095 0.090 0.085 0.085 0.092 0.101 0.114 0.124 0.150 0.169 0.191 0.243 0.231 0.216 0.197 0.194 0.189 0.172 0.170 0.204 0.251 0.280 0.284 0.307 0.335 0.368 0.316 0.251 0.266 0.305 0.264 0.421 0.507 0.479 0.540 0.530 0.505 0.443 0.456 0.450 0.384 0.288 0.274 0.207 0.208 0.217 0.206 0.202 0.206 0.175 0.144 0.152 0.166 0.177 0.166 0.167 0.157 0.170 0.161 0.142 0.115 0.087 0.115 0.124 0.154 0.168 0.190 0.190 0.292 0.259 0.348 0.468 0.537 0.480 0.442 0.397 0.422 0.373 0.456 0.492 0.521 0.536 0.595 0.694 0.748 0.829 0.880 0.880 0.872 0.922 0.920 0.937 0.934 0.939 0.926 0.928 0.943
>9fac
0.577 0.569 0.585 0.594 0.603 0.638 0.568 0.478 0.415 0.443 0.342 0.233 0.245 0.235 0.301 0.303 0.262 0.262 0.241 0.224 0.215 0.217 0.192 0.200 0.168 0.183 0.167 0.172 0.164 0.167 0.148 0.129 0.118 0.104 0.098 0.095 0.090 0.085 0.085 0.092 0.101 0.114 0.124 0.150 0.169 0.191 0.243 0.231 0.216 0.197 0.194 0.189 0.172 0.170 0.204 0.251 0.280 0.284 0.307 0.335 0.368 0.316 0.251 0.266 0.305 0.264 0.421 0.507 0.479 0.540 0.530 0.505 0.443 0.456 0.450 0.384 0.288 0.274 0.207 0.208 0.217 0.206 0.202 0.206 0.175 0.144 0.152 0.166 0.177 0.166 0.167 0.157 0.170 0.161 0.142 0.115 0.087 0.115 0.124 0.154 0.168 0.190 0.190 0.292 0.259 0.348 0.468 0.537 0.480 0.442 0.397 0.422 0.373 0.456 0.492 0.521 0.536 0.595 0.694 0.748 0.829 0.880 0.880 0.872 0.922 0.920 0.937 0.934 0.939 0.926 0.928 0.943
>9fh1
0.836 0.842 0.865 0.843 0.859 0.839 0.829 0.815 0.789 0.780 0.763 0.774 0.792 0.801 0.795 0.780 0.792 0.766 0.782 0.789 0.768 0.762 0.794 0.809 0.839 0.836 0.848 0.826 0.830 0.819 0.799 0.748 0.719 0.680 0.634 0.004
>9fh2
0.836 0.842 0.865 0.843 0.859 0.839 0.829 0.815 0.789 0.780 0.763 0.774 0.792 0.801 0.795 0.780 0.792 0.766 0.782 0.789 0.768 0.762 0.794 0.809 0.839 0.836 0.848 0.826 0.830 0.819 0.799 0.748 0.719 0.680 0.634 0.004
>9fh3
0.836 0.842 0.865 0.843 0.859 0.839 0.829 0.815 0.789 0.780 0.763 0.774 0.792 0.801 0.795 0.780 0.792 0.766 0.782 0.789 0.768 0.762 0.794 0.809 0.839 0.836 0.848 0.826 0.830 0.819 0.799 0.748 0.719 0.680 0.634 0.004
>9fh4
0.836 0.842 0.865 0.843 0.859 0.839 0.829 0.815 0.789 0.780 0.763 0.774 0.792 0.801 0.795 0.780 0.792 0.766 0.782 0.789 0.768 0.762 0.794 0.809 0.839 0.836 0.848 0.826 0.830 0.819 0.799 0.748 0.719 0.680 0.634 0.004
>9fh5
0.836 0.842 0.865 0.843 0.859 0.839 0.829 0.815 0.789 0.780 0.763 0.774 0.792 0.801 0.795 0.780 0.792 0.766 0.782 0.789 0.768 0.762 0.794 0.809 0.839 0.836 0.848 0.826 0.830 0.819 0.799 0.748 0.719 0.680 0.634 0.004
>9fh6
0.448 0.514 0.578 0.593 0.646 0.669 0.721 0.651 0.658 0.615 0.622 0.599 0.605 0.672 0.734 0.766 0.798 0.824 0.803 0.817 0.829 0.838 0.845 0.881 0.895 0.917 0.925 0.924 0.919 0.911 0.908 0.897 0.883 0.888 0.881 0.872 0.871 0.853 0.837 0.842 0.836 0.829 0.823 0.801 0.792 0.779 0.781 0.776 0.802 0.815 0.824 0.837 0.854 0.862 0.852 0.855 0.848 0.858 0.867 0.875 0.889 0.906 0.894 0.896 0.887 0.893 0.891 0.874 0.890 0.919 0.930 0.933 0.922
>9fnb
0.232 0.258 0.247 0.233 0.233 0.214 0.246 0.233 0.220 0.197 0.173 0.162 0.150 0.145 0.137 0.125 0.141 0.130 0.121 0.123 0.120 0.119 0.109 0.113 0.119 0.118 0.116 0.113 0.110 0.100 0.102 0.088 0.093 0.096 0.092 0.106 0.107 0.120 0.111 0.129 0.129 0.140 0.145 0.181 0.175 0.188 0.207 0.257 0.201 0.271 0.191 0.199 0.190 0.172 0.167 0.179 0.175 0.182 0.279 0.226 0.282 0.298 0.337 0.319 0.338 0.340 0.329 0.334 0.326 0.299 0.319 0.349 0.366 0.326 0.336 0.305 0.290 0.240 0.302 0.333 0.342 0.319 0.327 0.288 0.264 0.250 0.168 0.153 0.139 0.132 0.125 0.108 0.100 0.075 0.074 0.071 0.064 0.057 0.053 0.051 0.057 0.056 0.056 0.060 0.067 0.063 0.073 0.092 0.117 0.105 0.118 0.138 0.131 0.129 0.123 0.125 0.114 0.121 0.143 0.158 0.154 0.148 0.157 0.174 0.206 0.229 0.245 0.247 0.232 0.242 0.252 0.246 0.157 0.153 0.149
>9fof
0.971 0.973 0.975 0.970 0.970 0.972 0.976 0.981 0.976 0.978 0.978 0.979 0.981 0.981 0.982 0.983 0.985 0.986 0.987 0.987 0.987 0.987 0.986 0.986 0.985 0.984 0.982 0.977 0.976 0.975 0.973 0.971 0.967 0.963 0.959 0.955 0.948 0.931 0.915 0.901 0.881 0.892 0.867 0.859 0.842 0.838 0.810 0.801 0.759 0.743 0.724 0.712 0.689 0.676 0.673 0.693 0.685 0.686 0.657 0.668 0.634 0.617 0.592 0.555
>9for
0.962 0.955 0.956 0.959 0.967 0.974 0.970 0.974 0.975 0.977 0.979 0.980 0.982 0.983 0.984 0.985 0.986 0.986 0.986 0.986 0.985 0.985 0.984 0.982 0.980 0.975 0.973 0.972 0.970 0.967 0.963 0.959 0.954 0.949 0.941 0.927 0.912 0.900 0.878 0.885 0.859 0.855 0.839 0.835 0.806 0.793 0.745 0.729 0.709 0.696 0.682 0.674 0.669 0.691 0.685 0.687 0.658 0.678 0.645 0.633 0.609 0.581
>9fyp
0.509 0.733 0.748 0.762 0.780 0.724 0.777 0.813 0.789 0.790 0.782 0.729 0.727 0.669 0.662 0.706 0.675 0.677 0.680 0.703 0.699 0.662 0.615 0.743 0.664 0.603 0.598 0.565 0.592 0.637 0.700 0.792 0.842 0.838 0.746 0.779 0.819 0.887 0.872 0.889 0.898 0.866 0.833 0.880 0.849 0.837 0.846 0.832 0.850 0.831 0.862 0.795 0.765 0.749 0.691 0.660 0.654 0.574 0.519 0.545 0.566 0.592 0.624 0.637 0.652 0.681 0.669 0.683 0.684 0.665 0.651 0.674 0.695 0.700 0.707 0.688 0.675 0.679 0.715 0.779 0.805 0.807 0.804 0.833 0.845 0.874 0.885 0.896 0.895 0.892 0.920 0.921 0.929 0.935 0.938 0.942 0.943 0.943 0.938 0.926 0.915 0.917 0.933 0.954 0.954 0.952 0.945 0.948 0.952 0.947 0.955 0.952 0.956 0.961 0.964 0.964 0.965 0.962 0.960 0.963 0.961 0.961 0.960 0.959 0.957 0.955 0.956 0.960 0.962 0.968 0.971 0.969 0.962 0.972 0.978 0.960 0.960 0.959 0.966 0.006
>9gg0
0.508 0.600 0.585 0.629 0.709 0.618 0.637 0.628 0.582 0.571 0.648 0.638 0.560 0.599 0.564 0.409 0.358 0.374 0.384 0.372 0.431 0.429 0.399 0.376 0.339 0.385 0.328 0.359 0.312 0.352 0.335 0.342 0.289 0.257 0.254 0.246 0.269 0.263 0.258 0.279 0.266 0.290 0.312 0.324 0.315 0.316 0.338 0.326 0.377 0.400 0.466 0.494 0.497 0.511 0.533 0.554 0.566 0.580 0.618 0.635 0.667 0.685 0.721 0.743 0.762 0.750 0.700 0.711 0.685 0.687 0.676 0.705 0.657 0.668 0.734 0.696 0.681 0.688 0.649 0.682 0.676 0.752 0.763 0.775 0.801 0.814 0.838 0.867 0.915 0.918 0.925 0.930 0.946 0.949 0.955 0.963 0.965 0.961 0.965 0.963 0.963 0.967 0.968 0.970 0.973 0.976 0.976
>9gg1
0.758 0.889 0.928 0.921 0.928 0.924 0.906 0.896 0.920 0.918 0.905 0.921 0.927 0.863 0.783 0.700 0.569 0.538 0.586 0.607 0.598 0.582 0.547 0.617 0.561 0.574 0.505 0.625 0.575 0.564 0.528 0.489 0.449 0.444 0.434 0.440 0.387 0.400 0.360 0.360 0.377 0.389 0.388 0.358 0.381 0.379 0.423 0.458 0.524 0.566 0.578 0.621 0.649 0.640 0.673 0.649 0.675 0.678 0.715 0.744 0.797 0.806 0.798 0.800 0.749 0.743 0.716 0.722 0.700 0.716 0.652 0.667 0.706 0.691 0.677 0.697 0.654 0.682 0.655 0.692 0.709 0.717 0.739 0.765 0.792 0.811 0.881 0.884 0.902 0.907 0.916 0.921 0.936 0.946 0.948 0.939 0.947 0.946 0.949 0.951 0.952 0.955 0.959 0.955 0.952 0.933 0.940
>9gg6
0.650 0.686 0.687 0.776 0.694 0.792 0.815 0.699 0.720 0.728 0.675 0.633 0.719 0.645 0.522 0.503 0.504 0.476 0.461 0.470 0.505 0.506 0.597 0.643 0.657 0.647 0.623 0.623 0.574 0.655 0.620 0.671 0.652 0.644 0.581 0.513 0.531 0.495 0.496 0.508 0.467 0.499 0.469 0.471 0.493 0.485 0.456 0.412 0.440 0.432 0.456 0.479 0.528 0.548 0.580 0.603 0.622 0.605 0.646 0.700 0.686 0.766 0.796 0.814 0.870 0.896 0.909 0.898 0.873 0.855 0.855 0.850 0.845 0.855 0.867 0.862 0.866 0.842 0.810 0.810 0.791 0.786 0.759 0.748 0.751 0.766 0.772 0.775 0.770 0.808 0.868 0.860 0.884 0.901 0.926 0.947
>9gkf
0.870 0.803 0.801 0.786 0.741 0.703 0.592 0.614 0.516 0.434 0.394 0.354 0.326 0.258 0.220 0.205 0.200 0.180 0.152 0.140 0.128 0.119 0.107 0.103 0.107 0.105 0.097 0.095 0.095 0.099 0.101 0.101 0.097 0.092 0.089 0.094 0.089 0.095 0.107 0.104 0.108 0.126 0.140 0.151 0.155 0.157 0.160 0.152 0.138 0.142 0.144 0.119 0.125 0.111 0.122 0.140 0.135 0.144 0.150 0.149 0.154 0.138 0.131 0.133 0.120 0.125 0.141 0.136 0.164 0.196 0.208 0.216 0.321 0.352 0.389 0.490 0.594 0.644 0.659 0.654 0.739 0.781 0.757 0.739 0.791 0.770 0.751 0.764 0.745 0.703 0.608 0.588 0.505 0.453 0.359 0.307 0.296 0.274 0.271 0.248 0.196 0.222 0.221 0.245 0.224 0.202 0.191 0.189 0.150 0.119 0.108 0.095 0.091 0.081 0.090 0.107 0.103 0.099 0.110 0.110 0.108 0.106 0.105 0.101 0.098 0.082 0.074 0.071 0.076 0.078 0.078 0.079 0.085 0.095 0.093 0.086 0.088 0.087 0.075 0.063 0.057 0.051 0.047 0.058 0.068 0.079 0.087 0.084 0.088 0.091 0.090 0.083 0.074 0.069 0.059 0.052 0.046 0.042 0.040 0.045 0.057 0.069 0.081 0.091 0.101 0.107 0.109 0.115 0.116 0.104 0.110 0.123 0.140 0.158 0.181 0.189 0.242 0.252 0.282 0.366 0.406 0.489 0.549 0.604 0.660 0.685 0.699 0.770 0.809 0.863 0.888 0.902 0.928 0.949 0.960 0.966 0.970 0.974 0.979 0.981 0.983 0.984 0.984 0.985 0.986 0.986 0.986 0.986 0.985 0.986 0.986 0.986 0.986 0.986 0.984 0.984 0.985 0.986 0.986 0.986 0.987 0.988 0.988 0.989 0.989 0.989 0.989 0.989 0.988 0.989 0.988 0.988 0.989 0.988 0.987 0.988 0.988 0.988 0.988 0.988 0.988 0.987 0.988 0.987 0.986 0.987 0.986 0.985 0.986 0.984 0.984 0.985 0.984 0.983 0.981 0.981 0.980 0.979 0.979 0.976 0.978 0.978 0.977 0.980 0.977 0.979 0.981 0.981 0.978 0.981 0.980 0.981 0.982 0.981 0.983 0.982 0.983 0.984 0.984 0.985 0.986 0.987 0.987 0.987 0.988 0.987 0.987 0.987 0.987 0.987 0.987 0.986 0.986 0.986 0.986 0.987 0.987 0.987 0.987 0.987 0.986 0.986 0.986 0.985 0.984 0.985 0.985 0.984 0.984 0.983 0.983 0.983 0.981 0.984 0.980 0.981 0.980 0.980 0.979 0.974
>9gz6
0.607 0.560 0.572 0.545 0.558 0.596 0.620 0.656 0.645 0.648 0.638 0.613 0.604 0.594 0.581 0.585 0.570 0.665 0.705 0.755 0.780 0.795 0.802 0.802 0.813 0.828 0.833 0.870 0.877 0.890 0.890 0.900 0.906 0.899 0.887 0.849 0.843 0.859
>9gzp
0.607 0.560 0.572 0.545 0.558 0.596 0.620 0.656 0.645 0.648 0.638 0.613 0.604 0.594 0.581 0.585 0.570 0.665 0.705 0.755 0.780 0.795 0.802 0.802 0.813 0.828 0.833 0.870 0.877 0.890 0.890 0.900 0.906 0.899 0.887 0.849 0.843 0.859
>9gzs
0.607 0.560 0.572 0.545 0.558 0.596 0.620 0.656 0.645 0.648 0.638 0.613 0.604 0.594 0.581 0.585 0.570 0.665 0.705 0.755 0.780 0.795 0.802 0.802 0.813 0.828 0.833 0.870 0.877 0.890 0.890 0.900 0.906 0.899 0.887 0.849 0.843 0.859
>9gzt
0.607 0.560 0.572 0.545 0.558 0.596 0.620 0.656 0.645 0.648 0.638 0.613 0.604 0.594 0.581 0.585 0.570 0.665 0.705 0.755 0.780 0.795 0.802 0.802 0.813 0.828 0.833 0.870 0.877 0.890 0.890 0.900 0.906 0.899 0.887 0.849 0.843 0.859
>9gzw
0.607 0.560 0.572 0.545 0.558 0.596 0.620 0.656 0.645 0.648 0.638 0.613 0.604 0.594 0.581 0.585 0.570 0.665 0.705 0.755 0.780 0.795 0.802 0.802 0.813 0.828 0.833 0.870 0.877 0.890 0.890 0.900 0.906 0.899 0.887 0.849 0.843 0.859
>9gzx
0.607 0.560 0.572 0.545 0.558 0.596 0.620 0.656 0.645 0.648 0.638 0.613 0.604 0.594 0.581 0.585 0.570 0.665 0.705 0.755 0.780 0.795 0.802 0.802 0.813 0.828 0.833 0.870 0.877 0.890 0.890 0.900 0.906 0.899 0.887 0.849 0.843 0.859
>9gzy
0.607 0.560 0.572 0.545 0.558 0.596 0.620 0.656 0.645 0.648 0.638 0.613 0.604 0.594 0.581 0.585 0.570 0.665 0.705 0.755 0.780 0.795 0.802 0.802 0.813 0.828 0.833 0.870 0.877 0.890 0.890 0.900 0.906 0.899 0.887 0.849 0.843 0.859
>9h5g
0.908 0.906 0.922 0.924 0.919 0.919 0.932 0.934 0.937 0.937 0.940 0.946 0.943 0.943 0.948 0.953 0.954 0.955 0.956 0.960 0.961 0.962 0.964 0.964 0.967 0.967 0.968 0.969 0.971 0.972 0.971 0.974 0.973 0.975 0.976 0.976 0.977 0.978 0.978 0.978 0.978 0.977 0.977 0.977 0.977 0.979 0.979 0.980 0.980 0.981 0.980 0.980 0.979 0.979 0.979 0.978 0.977 0.977 0.978 0.978 0.978 0.979 0.978 0.978 0.979 0.979 0.979 0.980 0.980 0.980 0.980 0.981 0.981 0.981 0.981 0.981 0.981 0.981 0.982 0.982 0.983 0.983 0.983 0.983 0.984 0.984 0.984 0.985 0.985 0.985 0.985 0.984 0.985 0.985 0.985 0.985 0.985 0.985 0.985 0.985 0.985 0.986 0.985 0.986 0.986 0.985 0.986 0.986 0.986 0.985 0.986 0.985 0.985 0.985 0.985 0.986 0.986 0.986 0.986 0.986 0.986 0.986 0.986 0.986 0.986 0.986 0.986 0.986 0.985 0.985 0.985 0.985 0.985 0.985 0.986 0.986 0.986 0.986 0.985 0.985 0.985 0.985 0.985 0.985 0.984 0.984 0.984 0.983 0.983 0.983 0.983 0.982 0.982 0.982 0.982 0.983 0.983 0.982 0.982 0.982 0.982 0.982 0.981 0.981 0.982 0.981 0.982 0.981 0.982 0.981 0.982 0.981 0.982 0.981 0.981 0.981 0.981 0.981 0.982 0.980 0.980 0.979 0.978 0.976 0.977 0.977 0.977 0.977 0.976 0.976 0.977 0.977 0.976 0.974 0.971 0.969 0.962 0.960 0.961 0.958 0.953 0.960 0.959 0.955 0.956 0.951 0.946 0.936 0.929 0.902 0.906 0.883 0.894 0.854 0.877 0.820 0.816 0.850 0.859 0.859 0.913 0.925 0.920 0.913 0.915 0.903 0.882 0.880 0.890 0.875 0.879 0.913 0.944 0.943 0.940 0.952 0.948 0.947 0.950 0.957 0.962 0.968 0.970 0.972 0.971 0.968 0.967 0.959 0.958 0.949 0.947 0.946 0.942 0.930 0.928 0.924 0.921 0.912 0.841 0.836 0.814 0.730 0.791 0.842 0.895 0.921 0.923 0.931 0.923 0.936 0.945 0.945 0.946 0.949 0.952 0.953 0.956 0.958 0.956 0.956 0.946 0.946 0.950 0.955 0.959 0.960 0.959 0.962 0.960 0.959 0.958 0.952 0.956 0.954 0.958 0.960 0.959 0.962 0.963 0.965 0.967 0.968 0.969 0.969 0.969 0.969 0.968 0.964 0.968 0.968 0.972 0.971 0.969 0.971 0.970 0.970 0.972 0.972 0.973 0.973 0.973 0.972 0.970 0.967 0.967 0.965 0.959 0.949 0.942 0.941 0.933 0.934 0.937 0.928 0.903 0.879 0.857 0.850 0.871 0.899 0.886 0.883 0.867 0.850 0.815 0.811 0.790 0.759 0.815 0.825 0.816 0.808
>9h5j
0.908 0.906 0.922 0.924 0.919 0.919 0.932 0.934 0.937 0.937 0.940 0.946 0.943 0.943 0.948 0.953 0.954 0.955 0.956 0.960 0.961 0.962 0.964 0.964 0.967 0.967 0.968 0.969 0.971 0.972 0.971 0.974 0.973 0.975 0.976 0.976 0.977 0.978 0.978 0.978 0.978 0.977 0.977 0.977 0.977 0.979 0.979 0.980 0.980 0.981 0.980 0.980 0.979 0.979 0.979 0.978 0.977 0.977 0.978 0.978 0.978 0.979 0.978 0.978 0.979 0.979 0.979 0.980 0.980 0.980 0.980 0.981 0.981 0.981 0.981 0.981 0.981 0.981 0.982 0.982 0.983 0.983 0.983 0.983 0.984 0.984 0.984 0.985 0.985 0.985 0.985 0.984 0.985 0.985 0.985 0.985 0.985 0.985 0.985 0.985 0.985 0.986 0.985 0.986 0.986 0.985 0.986 0.986 0.986 0.985 0.986 0.985 0.985 0.985 0.985 0.986 0.986 0.986 0.986 0.986 0.986 0.986 0.986 0.986 0.986 0.986 0.986 0.986 0.985 0.985 0.985 0.985 0.985 0.985 0.986 0.986 0.986 0.986 0.985 0.985 0.985 0.985 0.985 0.985 0.984 0.984 0.984 0.983 0.983 0.983 0.983 0.982 0.982 0.982 0.982 0.983 0.983 0.982 0.982 0.982 0.982 0.982 0.981 0.981 0.982 0.981 0.982 0.981 0.982 0.981 0.982 0.981 0.982 0.981 0.981 0.981 0.981 0.981 0.982 0.980 0.980 0.979 0.978 0.976 0.977 0.977 0.977 0.977 0.976 0.976 0.977 0.977 0.976 0.974 0.971 0.969 0.962 0.960 0.961 0.958 0.953 0.960 0.959 0.955 0.956 0.951 0.946 0.936 0.929 0.902 0.906 0.883 0.894 0.854 0.877 0.820 0.816 0.850 0.859 0.859 0.913 0.925 0.920 0.913 0.915 0.903 0.882 0.880 0.890 0.875 0.879 0.913 0.944 0.943 0.940 0.952 0.948 0.947 0.950 0.957 0.962 0.968 0.970 0.972 0.971 0.968 0.967 0.959 0.958 0.949 0.947 0.946 0.942 0.930 0.928 0.924 0.921 0.912 0.841 0.836 0.814 0.730 0.791 0.842 0.895 0.921 0.923 0.931 0.923 0.936 0.945 0.945 0.946 0.949 0.952 0.953 0.956 0.958 0.956 0.956 0.946 0.946 0.950 0.955 0.959 0.960 0.959 0.962 0.960 0.959 0.958 0.952 0.956 0.954 0.958 0.960 0.959 0.962 0.963 0.965 0.967 0.968 0.969 0.969 0.969 0.969 0.968 0.964 0.968 0.968 0.972 0.971 0.969 0.971 0.970 0.970 0.972 0.972 0.973 0.973 0.973 0.972 0.970 0.967 0.967 0.965 0.959 0.949 0.942 0.941 0.933 0.934 0.937 0.928 0.903 0.879 0.857 0.850 0.871 0.899 0.886 0.883 0.867 0.850 0.815 0.811 0.790 0.759 0.815 0.825 0.816 0.808
>9h7u
0.741 0.783 0.843 0.799 0.791 0.685 0.658 0.687 0.631
>9hbb
0.951 0.951 0.953 0.959 0.952 0.947 0.945 0.941 0.937 0.892 0.877 0.816 0.845 0.803 0.759 0.742 0.615 0.699 0.679 0.751 0.646 0.660 0.614 0.591 0.524 0.524 0.506 0.531 0.630 0.663 0.764 0.802 0.823 0.831 0.861 0.876 0.898 0.873 0.863 0.883 0.906 0.913 0.919 0.910 0.924 0.914 0.898 0.910 0.911 0.906 0.890 0.905 0.896 0.893 0.891 0.889 0.874 0.857 0.834 0.838 0.821 0.820 0.820 0.829 0.847 0.861 0.878 0.892 0.903 0.908 0.916 0.912 0.919 0.928 0.932 0.940 0.943 0.935 0.937 0.927 0.927 0.926 0.925 0.937 0.942 0.942 0.948 0.942 0.936 0.937 0.931 0.917 0.908 0.905 0.908 0.913 0.904 0.912 0.899 0.928 0.920
>9hc6
0.509 0.733 0.748 0.762 0.780 0.724 0.777 0.813 0.789 0.790 0.782 0.729 0.727 0.669 0.662 0.706 0.675 0.677 0.680 0.703 0.699 0.662 0.615 0.743 0.664 0.603 0.598 0.565 0.592 0.637 0.700 0.792 0.842 0.838 0.746 0.779 0.819 0.887 0.872 0.889 0.898 0.866 0.833 0.880 0.849 0.837 0.846 0.832 0.850 0.831 0.862 0.795 0.765 0.749 0.691 0.660 0.654 0.574 0.519 0.545 0.566 0.592 0.624 0.637 0.652 0.681 0.669 0.683 0.684 0.665 0.651 0.674 0.695 0.700 0.707 0.688 0.675 0.679 0.715 0.779 0.805 0.807 0.804 0.833 0.845 0.874 0.885 0.896 0.895 0.892 0.920 0.921 0.929 0.935 0.938 0.942 0.943 0.943 0.938 0.926 0.915 0.917 0.933 0.954 0.954 0.952 0.945 0.948 0.952 0.947 0.955 0.952 0.956 0.961 0.964 0.964 0.965 0.962 0.960 0.963 0.961 0.961 0.960 0.959 0.957 0.955 0.956 0.960 0.962 0.968 0.971 0.969 0.962 0.972 0.978 0.960 0.960 0.959 0.966 0.006
>9hc7
0.509 0.733 0.748 0.762 0.780 0.724 0.777 0.813 0.789 0.790 0.782 0.729 0.727 0.669 0.662 0.706 0.675 0.677 0.680 0.703 0.699 0.662 0.615 0.743 0.664 0.603 0.598 0.565 0.592 0.637 0.700 0.792 0.842 0.838 0.746 0.779 0.819 0.887 0.872 0.889 0.898 0.866 0.833 0.880 0.849 0.837 0.846 0.832 0.850 0.831 0.862 0.795 0.765 0.749 0.691 0.660 0.654 0.574 0.519 0.545 0.566 0.592 0.624 0.637 0.652 0.681 0.669 0.683 0.684 0.665 0.651 0.674 0.695 0.700 0.707 0.688 0.675 0.679 0.715 0.779 0.805 0.807 0.804 0.833 0.845 0.874 0.885 0.896 0.895 0.892 0.920 0.921 0.929 0.935 0.938 0.942 0.943 0.943 0.938 0.926 0.915 0.917 0.933 0.954 0.954 0.952 0.945 0.948 0.952 0.947 0.955 0.952 0.956 0.961 0.964 0.964 0.965 0.962 0.960 0.963 0.961 0.961 0.960 0.959 0.957 0.955 0.956 0.960 0.962 0.968 0.971 0.969 0.962 0.972 0.978 0.960 0.960 0.959 0.966 0.006
>9hc8
0.509 0.733 0.748 0.762 0.780 0.724 0.777 0.813 0.789 0.790 0.782 0.729 0.727 0.669 0.662 0.706 0.675 0.677 0.680 0.703 0.699 0.662 0.615 0.743 0.664 0.603 0.598 0.565 0.592 0.637 0.700 0.792 0.842 0.838 0.746 0.779 0.819 0.887 0.872 0.889 0.898 0.866 0.833 0.880 0.849 0.837 0.846 0.832 0.850 0.831 0.862 0.795 0.765 0.749 0.691 0.660 0.654 0.574 0.519 0.545 0.566 0.592 0.624 0.637 0.652 0.681 0.669 0.683 0.684 0.665 0.651 0.674 0.695 0.700 0.707 0.688 0.675 0.679 0.715 0.779 0.805 0.807 0.804 0.833 0.845 0.874 0.885 0.896 0.895 0.892 0.920 0.921 0.929 0.935 0.938 0.942 0.943 0.943 0.938 0.926 0.915 0.917 0.933 0.954 0.954 0.952 0.945 0.948 0.952 0.947 0.955 0.952 0.956 0.961 0.964 0.964 0.965 0.962 0.960 0.963 0.961 0.961 0.960 0.959 0.957 0.955 0.956 0.960 0.962 0.968 0.971 0.969 0.962 0.972 0.978 0.960 0.960 0.959 0.966 0.006
>9hc9
0.509 0.733 0.748 0.762 0.780 0.724 0.777 0.813 0.789 0.790 0.782 0.729 0.727 0.669 0.662 0.706 0.675 0.677 0.680 0.703 0.699 0.662 0.615 0.743 0.664 0.603 0.598 0.565 0.592 0.637 0.700 0.792 0.842 0.838 0.746 0.779 0.819 0.887 0.872 0.889 0.898 0.866 0.833 0.880 0.849 0.837 0.846 0.832 0.850 0.831 0.862 0.795 0.765 0.749 0.691 0.660 0.654 0.574 0.519 0.545 0.566 0.592 0.624 0.637 0.652 0.681 0.669 0.683 0.684 0.665 0.651 0.674 0.695 0.700 0.707 0.688 0.675 0.679 0.715 0.779 0.805 0.807 0.804 0.833 0.845 0.874 0.885 0.896 0.895 0.892 0.920 0.921 0.929 0.935 0.938 0.942 0.943 0.943 0.938 0.926 0.915 0.917 0.933 0.954 0.954 0.952 0.945 0.948 0.952 0.947 0.955 0.952 0.956 0.961 0.964 0.964 0.965 0.962 0.960 0.963 0.961 0.961 0.960 0.959 0.957 0.955 0.956 0.960 0.962 0.968 0.971 0.969 0.962 0.972 0.978 0.960 0.960 0.959 0.966 0.006
>9hca
0.509 0.733 0.748 0.762 0.780 0.724 0.777 0.813 0.789 0.790 0.782 0.729 0.727 0.669 0.662 0.706 0.675 0.677 0.680 0.703 0.699 0.662 0.615 0.743 0.664 0.603 0.598 0.565 0.592 0.637 0.700 0.792 0.842 0.838 0.746 0.779 0.819 0.887 0.872 0.889 0.898 0.866 0.833 0.880 0.849 0.837 0.846 0.832 0.850 0.831 0.862 0.795 0.765 0.749 0.691 0.660 0.654 0.574 0.519 0.545 0.566 0.592 0.624 0.637 0.652 0.681 0.669 0.683 0.684 0.665 0.651 0.674 0.695 0.700 0.707 0.688 0.675 0.679 0.715 0.779 0.805 0.807 0.804 0.833 0.845 0.874 0.885 0.896 0.895 0.892 0.920 0.921 0.929 0.935 0.938 0.942 0.943 0.943 0.938 0.926 0.915 0.917 0.933 0.954 0.954 0.952 0.945 0.948 0.952 0.947 0.955 0.952 0.956 0.961 0.964 0.964 0.965 0.962 0.960 0.963 0.961 0.961 0.960 0.959 0.957 0.955 0.956 0.960 0.962 0.968 0.971 0.969 0.962 0.972 0.978 0.960 0.960 0.959 0.966 0.006
>9hcb
0.509 0.733 0.748 0.762 0.780 0.724 0.777 0.813 0.789 0.790 0.782 0.729 0.727 0.669 0.662 0.706 0.675 0.677 0.680 0.703 0.699 0.662 0.615 0.743 0.664 0.603 0.598 0.565 0.592 0.637 0.700 0.792 0.842 0.838 0.746 0.779 0.819 0.887 0.872 0.889 0.898 0.866 0.833 0.880 0.849 0.837 0.846 0.832 0.850 0.831 0.862 0.795 0.765 0.749 0.691 0.660 0.654 0.574 0.519 0.545 0.566 0.592 0.624 0.637 0.652 0.681 0.669 0.683 0.684 0.665 0.651 0.674 0.695 0.700 0.707 0.688 0.675 0.679 0.715 0.779 0.805 0.807 0.804 0.833 0.845 0.874 0.885 0.896 0.895 0.892 0.920 0.921 0.929 0.935 0.938 0.942 0.943 0.943 0.938 0.926 0.915 0.917 0.933 0.954 0.954 0.952 0.945 0.948 0.952 0.947 0.955 0.952 0.956 0.961 0.964 0.964 0.965 0.962 0.960 0.963 0.961 0.961 0.960 0.959 0.957 0.955 0.956 0.960 0.962 0.968 0.971 0.969 0.962 0.972 0.978 0.960 0.960 0.959 0.966 0.006
>9hgb
0.534 0.577 0.525 0.513 0.520 0.534 0.556 0.587 0.606 0.659 0.675 0.676 0.683 0.711 0.656 0.569
>9hgl
0.534 0.577 0.525 0.513 0.520 0.534 0.556 0.587 0.606 0.659 0.675 0.676 0.683 0.711 0.656 0.569
>9hgr
0.509 0.733 0.748 0.762 0.780 0.724 0.777 0.813 0.789 0.790 0.782 0.729 0.727 0.669 0.662 0.706 0.675 0.677 0.680 0.703 0.699 0.662 0.615 0.743 0.664 0.603 0.598 0.565 0.592 0.637 0.700 0.792 0.842 0.838 0.746 0.779 0.819 0.887 0.872 0.889 0.898 0.866 0.833 0.880 0.849 0.837 0.846 0.832 0.850 0.831 0.862 0.795 0.765 0.749 0.691 0.660 0.654 0.574 0.519 0.545 0.566 0.592 0.624 0.637 0.652 0.681 0.669 0.683 0.684 0.665 0.651 0.674 0.695 0.700 0.707 0.688 0.675 0.679 0.715 0.779 0.805 0.807 0.804 0.833 0.845 0.874 0.885 0.896 0.895 0.892 0.920 0.921 0.929 0.935 0.938 0.942 0.943 0.943 0.938 0.926 0.915 0.917 0.933 0.954 0.954 0.952 0.945 0.948 0.952 0.947 0.955 0.952 0.956 0.961 0.964 0.964 0.965 0.962 0.960 0.963 0.961 0.961 0.960 0.959 0.957 0.955 0.956 0.960 0.962 0.968 0.971 0.969 0.962 0.972 0.978 0.960 0.960 0.959 0.966 0.006
>9hgs
0.491 0.598 0.660 0.624 0.673 0.585 0.634 0.622 0.606 0.613 0.599 0.580 0.593 0.563 0.524 0.538 0.542 0.546 0.522 0.560 0.604 0.568 0.534 0.670 0.608 0.565 0.517 0.493 0.504 0.556 0.586 0.704 0.756 0.745 0.714 0.732 0.780 0.885 0.866 0.887 0.904 0.878 0.837 0.890 0.870 0.843 0.849 0.846 0.840 0.803 0.825 0.781 0.762 0.733 0.676 0.647 0.637 0.566 0.515 0.541 0.577 0.593 0.641 0.658 0.672 0.714 0.680 0.689 0.697 0.671 0.663 0.683 0.705 0.712 0.724 0.694 0.679 0.689 0.727 0.786 0.807 0.806 0.803 0.831 0.843 0.873 0.884 0.895 0.895 0.893 0.921 0.923 0.930 0.936 0.938 0.941 0.942 0.943 0.939 0.927 0.917 0.918 0.936 0.956 0.955 0.953 0.946 0.948 0.952 0.946 0.954 0.951 0.956 0.961 0.964 0.964 0.965 0.962 0.960 0.963 0.961 0.961 0.960 0.959 0.957 0.955 0.956 0.960 0.962 0.968 0.971 0.969 0.962 0.972 0.978 0.960 0.960 0.959 0.966 0.006
>9hgt
0.534 0.577 0.525 0.513 0.520 0.534 0.556 0.587 0.606 0.659 0.675 0.676 0.683 0.711 0.656 0.569
>9hi8
0.534 0.577 0.525 0.513 0.520 0.534 0.556 0.587 0.606 0.659 0.675 0.676 0.683 0.711 0.656 0.569
>9hid
0.534 0.577 0.525 0.513 0.520 0.534 0.556 0.587 0.606 0.659 0.675 0.676 0.683 0.711 0.656 0.569
>9hr6
0.756 0.852 0.783 0.827 0.870 0.861 0.844 0.861 0.842 0.894 0.908 0.929 0.884 0.863 0.789 0.754 0.761 0.714 0.757 0.723 0.753 0.710 0.713 0.668 0.635 0.673 0.636 0.607 0.596 0.554 0.504 0.527 0.532 0.513 0.475 0.467 0.597 0.510 0.493 0.423 0.457 0.472 0.432 0.424 0.351 0.352 0.362 0.366 0.430 0.626 0.803 0.827 0.855 0.828 0.819 0.835 0.828 0.824 0.814 0.794 0.799 0.788 0.774 0.743 0.696 0.665 0.624 0.645 0.604 0.630 0.622 0.628 0.604 0.634 0.600 0.653 0.617 0.533 0.497 0.522 0.589 0.594 0.658 0.709 0.567 0.785 0.756 0.782
>9hr9
0.225 0.344 0.329 0.378 0.377 0.398 0.436 0.470 0.478 0.503 0.502 0.569 0.607 0.538 0.554 0.509 0.543 0.485 0.464 0.455 0.396 0.387
>9hx3
0.951 0.948 0.952 0.952 0.946 0.948 0.954 0.961 0.959 0.961 0.969 0.969 0.969 0.968 0.961 0.961 0.944 0.927 0.879 0.842 0.792 0.765 0.700 0.657 0.498 0.409 0.340 0.324 0.206 0.229 0.225 0.225 0.200 0.170 0.144 0.119 0.102 0.081 0.067 0.058 0.051 0.044 0.048 0.050 0.054 0.058 0.071 0.075 0.092 0.096 0.107 0.119 0.125 0.129 0.124 0.123 0.128 0.134 0.153 0.163 0.182 0.221 0.277 0.298 0.333 0.375 0.329 0.333 0.353 0.359 0.302 0.299 0.288 0.301 0.314 0.317 0.321 0.306 0.318 0.284 0.256 0.236 0.222 0.196 0.200 0.197 0.186 0.159 0.154 0.150 0.134 0.130 0.120 0.107 0.104 0.095 0.095 0.103 0.096 0.091 0.094 0.085 0.075 0.072 0.070 0.068 0.066 0.070 0.074 0.075 0.090 0.098 0.093 0.093 0.087 0.083 0.084 0.078 0.070 0.066 0.058 0.053 0.053 0.050 0.048 0.059 0.068 0.084 0.093 0.090 0.085 0.080 0.073 0.076 0.091 0.113 0.109 0.114 0.140 0.163 0.161 0.169 0.186 0.200 0.236 0.298 0.300
>9hx4
0.891 0.912 0.926 0.934 0.933 0.940 0.948 0.962 0.956 0.965 0.956 0.958 0.954 0.944 0.899 0.810 0.758 0.711 0.681 0.633 0.613 0.605 0.568 0.538 0.422 0.370 0.296 0.251 0.224 0.209 0.169 0.161 0.156 0.140 0.126 0.141 0.147 0.118 0.110 0.123 0.150 0.146 0.147 0.151 0.165 0.158 0.161 0.171 0.171 0.156 0.152 0.179 0.175 0.164 0.181 0.192 0.192 0.189 0.212 0.202 0.189 0.190 0.197 0.202 0.185 0.182 0.203 0.207 0.194 0.197 0.214 0.212 0.191 0.218 0.291 0.225 0.203 0.233 0.254 0.201 0.218 0.280 0.265 0.249 0.292 0.319 0.297 0.320 0.380 0.392 0.352 0.369 0.398 0.404 0.385 0.429 0.440 0.423 0.399 0.427 0.440 0.422 0.429 0.439 0.437 0.417 0.431 0.448 0.422 0.377 0.439 0.426 0.378 0.362 0.393 0.371 0.365 0.394 0.401 0.351 0.330 0.370 0.388 0.357 0.367 0.388 0.387 0.336 0.360 0.386 0.363 0.368 0.406 0.412 0.404 0.416 0.416 0.419 0.420 0.435 0.454 0.422 0.415 0.432 0.430 0.416 0.424 0.433 0.419 0.404 0.425 0.431 0.403 0.381 0.404 0.394 0.328 0.348 0.354 0.385 0.368 0.416 0.406 0.380 0.397 0.425 0.430 0.418 0.434 0.442 0.435 0.429 0.447 0.461 0.420 0.418 0.436 0.435 0.405 0.416 0.435 0.437 0.419 0.459 0.467 0.434 0.440 0.469 0.461 0.435 0.441 0.448 0.421 0.390 0.414 0.432 0.376 0.375 0.405 0.408 0.381 0.409 0.417 0.391 0.369 0.405 0.400 0.388 0.383 0.399 0.384 0.361 0.349 0.370 0.370 0.356 0.395 0.414 0.384 0.388 0.390 0.396 0.381 0.399 0.404 0.411 0.418 0.450 0.458 0.457 0.467 0.473 0.472 0.465 0.474 0.478 0.480 0.470 0.470 0.481 0.463 0.450 0.486 0.494 0.466 0.477 0.482 0.461 0.450 0.453 0.461 0.418 0.412 0.439 0.415 0.397 0.392 0.416 0.384 0.354 0.364 0.393 0.359 0.332 0.364 0.365 0.339 0.359 0.383 0.375 0.373 0.409 0.428 0.411 0.421 0.454 0.451 0.420 0.447 0.458 0.475 0.433 0.447 0.454 0.442 0.456 0.475 0.471 0.461 0.475 0.483 0.476 0.474 0.446 0.432 0.410 0.433 0.451 0.447 0.446 0.471 0.491 0.463 0.467 0.513 0.492 0.457 0.476 0.474 0.458 0.418 0.427 0.444 0.432 0.408 0.430 0.445 0.461 0.441 0.510 0.502 0.472 0.487 0.505 0.480 0.478 0.473 0.485 0.447 0.436 0.444 0.424 0.427 0.440 0.457 0.458 0.458 0.475 0.490 0.462 0.465 0.459 0.431 0.400 0.359 0.369 0.330 0.321 0.341 0.340 0.333 0.355 0.383 0.388 0.409 0.448 0.468 0.453 0.490 0.534 0.527 0.545 0.570 0.611 0.611 0.610 0.640 0.670 0.686 0.682 0.737 0.738 0.726 0.735 0.758 0.761 0.755 0.755 0.750 0.752 0.746 0.758 0.762 0.779 0.789 0.795 0.813 0.810 0.811 0.815 0.809 0.818 0.825 0.825 0.823 0.837
>9hxa
0.508 0.731 0.740 0.756 0.777 0.724 0.780 0.819 0.786 0.776 0.772 0.705 0.716 0.664 0.635 0.662 0.649 0.668 0.672 0.697 0.704 0.669 0.624 0.737 0.653 0.592 0.595 0.560 0.582 0.624 0.662 0.769 0.804 0.786 0.711 0.735 0.766 0.872 0.858 0.874 0.886 0.852 0.820 0.867 0.847 0.828 0.822 0.819 0.822 0.822 0.864 0.814 0.782 0.766 0.676 0.639 0.624 0.561 0.520 0.522 0.530 0.548 0.602 0.614 0.616 0.660 0.634 0.631 0.638 0.629 0.616 0.628 0.670 0.692 0.701 0.678 0.669 0.670 0.692 0.761 0.795 0.801 0.799 0.830 0.838 0.869 0.876 0.892 0.890 0.890 0.915 0.919 0.925 0.931 0.935 0.938 0.937 0.936 0.933 0.926 0.905 0.910 0.933 0.955 0.953 0.949 0.941 0.948 0.951 0.948 0.956 0.954 0.958 0.962 0.965 0.965 0.966 0.962 0.961 0.964 0.961 0.962 0.960 0.960 0.958 0.956 0.956 0.961 0.962 0.969 0.971 0.970 0.963 0.972 0.979 0.960 0.960 0.959 0.967 0.006
>9hyw
0.955 0.953 0.956 0.957 0.953 0.953 0.957 0.964 0.963 0.966 0.973 0.970 0.971 0.971 0.964 0.962 0.952 0.935 0.890 0.854 0.815 0.783 0.718 0.684 0.524 0.449 0.353 0.343 0.217 0.244 0.222 0.217 0.201 0.168 0.138 0.119 0.102 0.082 0.067 0.058 0.051 0.044 0.049 0.052 0.056 0.060 0.071 0.076 0.091 0.095 0.104 0.117 0.128 0.131 0.124 0.123 0.131 0.141 0.163 0.196 0.214 0.331 0.339 0.360 0.406 0.492 0.442 0.475 0.522 0.545 0.504 0.497 0.515 0.518 0.513 0.497 0.495 0.444 0.431 0.418 0.386 0.349 0.345 0.298 0.302 0.291 0.269 0.226 0.202 0.180 0.164 0.155 0.148 0.136 0.127 0.108 0.101 0.111 0.102 0.092 0.098 0.085 0.076 0.074 0.072 0.068 0.066 0.071 0.076 0.078 0.090 0.100 0.095 0.095 0.088 0.083 0.083 0.077 0.068 0.065 0.058 0.053 0.054 0.052 0.052 0.066 0.074 0.090 0.099 0.096 0.088 0.086 0.079 0.083 0.096 0.120 0.118 0.127 0.142 0.165 0.164 0.179 0.214 0.237 0.262 0.339 0.330
>9iah
0.810 0.826 0.801 0.780 0.748 0.725 0.678 0.686 0.664 0.605 0.593 0.590 0.608 0.576 0.555 0.559 0.599 0.611 0.646 0.648 0.667 0.733 0.764 0.763 0.763 0.740 0.720 0.708 0.734 0.725 0.712 0.680 0.607 0.010
>9ic7
0.509 0.733 0.748 0.762 0.780 0.724 0.777 0.813 0.789 0.790 0.782 0.729 0.727 0.669 0.662 0.706 0.675 0.677 0.680 0.703 0.699 0.662 0.615 0.743 0.664 0.603 0.598 0.565 0.592 0.637 0.700 0.792 0.842 0.838 0.746 0.779 0.819 0.887 0.872 0.889 0.898 0.866 0.833 0.880 0.849 0.837 0.846 0.832 0.850 0.831 0.862 0.795 0.765 0.749 0.691 0.660 0.654 0.574 0.519 0.545 0.566 0.592 0.624 0.637 0.652 0.681 0.669 0.683 0.684 0.665 0.651 0.674 0.695 0.700 0.707 0.688 0.675 0.679 0.715 0.779 0.805 0.807 0.804 0.833 0.845 0.874 0.885 0.896 0.895 0.892 0.920 0.921 0.929 0.935 0.938 0.942 0.943 0.943 0.938 0.926 0.915 0.917 0.933 0.954 0.954 0.952 0.945 0.948 0.952 0.947 0.955 0.952 0.956 0.961 0.964 0.964 0.965 0.962 0.960 0.963 0.961 0.961 0.960 0.959 0.957 0.955 0.956 0.960 0.962 0.968 0.971 0.969 0.962 0.972 0.978 0.960 0.960 0.959 0.966 0.006
>9iio
0.742 0.805 0.799 0.830 0.793 0.782 0.784 0.788 0.763 0.710 0.683 0.648 0.627 0.624 0.621 0.611 0.585 0.537 0.511 0.453 0.433 0.384 0.431 0.414 0.477 0.504 0.426 0.459 0.496 0.552 0.523 0.525 0.548 0.554 0.527 0.514 0.482 0.455 0.415 0.486
>9ijp
0.509 0.733 0.748 0.762 0.780 0.724 0.777 0.813 0.789 0.790 0.782 0.729 0.727 0.669 0.662 0.706 0.675 0.677 0.680 0.703 0.699 0.662 0.615 0.743 0.664 0.603 0.598 0.565 0.592 0.637 0.700 0.792 0.842 0.838 0.746 0.779 0.819 0.887 0.872 0.889 0.898 0.866 0.833 0.880 0.849 0.837 0.846 0.832 0.850 0.831 0.862 0.795 0.765 0.749 0.691 0.660 0.654 0.574 0.519 0.545 0.566 0.592 0.624 0.637 0.652 0.681 0.669 0.683 0.684 0.665 0.651 0.674 0.695 0.700 0.707 0.688 0.675 0.679 0.715 0.779 0.805 0.807 0.804 0.833 0.845 0.874 0.885 0.896 0.895 0.892 0.920 0.921 0.929 0.935 0.938 0.942 0.943 0.943 0.938 0.926 0.915 0.917 0.933 0.954 0.954 0.952 0.945 0.948 0.952 0.947 0.955 0.952 0.956 0.961 0.964 0.964 0.965 0.962 0.960 0.963 0.961 0.961 0.960 0.959 0.957 0.955 0.956 0.960 0.962 0.968 0.971 0.969 0.962 0.972 0.978 0.960 0.960 0.959 0.966 0.006
>9iyd
0.905 0.923 0.910 0.873 0.911 0.805 0.597 0.410 0.181 0.220 0.166 0.115 0.108 0.085 0.076 0.101 0.079 0.092 0.115 0.167 0.142 0.159 0.140 0.138 0.129 0.153 0.145 0.146 0.128 0.152 0.172 0.175 0.176 0.196 0.170 0.170 0.169 0.213 0.155 0.147 0.120 0.112 0.122 0.145 0.156 0.176 0.229 0.206 0.160 0.151 0.134 0.141 0.244 0.157 0.120 0.138 0.286 0.381 0.549 0.762 0.816 0.864 0.855 0.851 0.853 0.853 0.859 0.867 0.901 0.908 0.910 0.913 0.914 0.919 0.922 0.933 0.942 0.947 0.945 0.946 0.948 0.942 0.944 0.950 0.948 0.946 0.943 0.933 0.918 0.904 0.867 0.821 0.809 0.738 0.704 0.674 0.669 0.648 0.705 0.669 0.600 0.581 0.594 0.439 0.341 0.225 0.187 0.131 0.120 0.108 0.104 0.105 0.127 0.131 0.151 0.220 0.514 0.562 0.614 0.667 0.708 0.753 0.781 0.827 0.857 0.868 0.890 0.896 0.929 0.939 0.951 0.948 0.938 0.948 0.946 0.938 0.934 0.940 0.918 0.915 0.936 0.946 0.946 0.942 0.940 0.915 0.914 0.879 0.796 0.650 0.465 0.634 0.021 0.484
>9iyj
0.942 0.907 0.837 0.859 0.636 0.444 0.319 0.145 0.161 0.148 0.110 0.106 0.083 0.079 0.105 0.084 0.089 0.092 0.127 0.123 0.149 0.133 0.129 0.120 0.144 0.137 0.137 0.123 0.144 0.160 0.171 0.169 0.181 0.164 0.164 0.160 0.202 0.150 0.137 0.117 0.106 0.112 0.133 0.147 0.172 0.184 0.169 0.158 0.147 0.138 0.133 0.158 0.132 0.112 0.113 0.267 0.300 0.543 0.708 0.768 0.820 0.814 0.791 0.807 0.803 0.833 0.817 0.857 0.872 0.869 0.859 0.883 0.877 0.884 0.902 0.920 0.930 0.921 0.928 0.942 0.938 0.940 0.948 0.943 0.941 0.938 0.929 0.907 0.905 0.878 0.841 0.833 0.736 0.698 0.658 0.658 0.620 0.715 0.665 0.567 0.557 0.567 0.338 0.187 0.115 0.101 0.079 0.076 0.069 0.070 0.073 0.095 0.096 0.109 0.133 0.277 0.398 0.473 0.523 0.589 0.665 0.712 0.800 0.832 0.847 0.868 0.870 0.908 0.922 0.933 0.932 0.909 0.925 0.921 0.906 0.894 0.898 0.872 0.866 0.905 0.926 0.926 0.924 0.923 0.900 0.910 0.856 0.819 0.673 0.585 0.694 0.025 0.669
>9j0l
0.309 0.298 0.322 0.357 0.374 0.449 0.560 0.477 0.409 0.409 0.365 0.376 0.359 0.309 0.279 0.236 0.243 0.287 0.294 0.316 0.296 0.313 0.298 0.337 0.393 0.450 0.487 0.527 0.577 0.625 0.617 0.630 0.663 0.652 0.658 0.671 0.727 0.745 0.766 0.772 0.762 0.737 0.698 0.651 0.639 0.624 0.593 0.587 0.609 0.621 0.644 0.642 0.617 0.585 0.557 0.513 0.492 0.475 0.478 0.448 0.378 0.368 0.338 0.348 0.319 0.355 0.308 0.346 0.380 0.361 0.399 0.400 0.490 0.484 0.484 0.436 0.366 0.408 0.288 0.281 0.277 0.267 0.246 0.227 0.226 0.255 0.269 0.289 0.302 0.317 0.342 0.328 0.322 0.322 0.314 0.304 0.307 0.293 0.296 0.310 0.325 0.325 0.364 0.340 0.294 0.272 0.272 0.254 0.234 0.225 0.180 0.161 0.177 0.207 0.215 0.225 0.227 0.234 0.239 0.247 0.232 0.261 0.258 0.296 0.350
>9j0m
0.309 0.298 0.322 0.357 0.374 0.449 0.560 0.477 0.409 0.409 0.365 0.376 0.359 0.309 0.279 0.236 0.243 0.287 0.294 0.316 0.296 0.313 0.298 0.337 0.393 0.450 0.487 0.527 0.577 0.625 0.617 0.630 0.663 0.652 0.658 0.671 0.727 0.745 0.766 0.772 0.762 0.737 0.698 0.651 0.639 0.624 0.593 0.587 0.609 0.621 0.644 0.642 0.617 0.585 0.557 0.513 0.492 0.475 0.478 0.448 0.378 0.368 0.338 0.348 0.319 0.355 0.308 0.346 0.380 0.361 0.399 0.400 0.490 0.484 0.484 0.436 0.366 0.408 0.288 0.281 0.277 0.267 0.246 0.227 0.226 0.255 0.269 0.289 0.302 0.317 0.342 0.328 0.322 0.322 0.314 0.304 0.307 0.293 0.296 0.310 0.325 0.325 0.364 0.340 0.294 0.272 0.272 0.254 0.234 0.225 0.180 0.161 0.177 0.207 0.215 0.225 0.227 0.234 0.239 0.247 0.232 0.261 0.258 0.296 0.350
>9j4d
0.330 0.351 0.337 0.351 0.321 0.313 0.315 0.335 0.310 0.269 0.265 0.267 0.250 0.243 0.238 0.222 0.212 0.215 0.214 0.216 0.237 0.231 0.214 0.243 0.234 0.210 0.212 0.213 0.208 0.207 0.205 0.193 0.187 0.201 0.211 0.210 0.200 0.210 0.199 0.186 0.183 0.178 0.175 0.171 0.167 0.177 0.199 0.183 0.198 0.216 0.258 0.272 0.287 0.293 0.280 0.287 0.293 0.292 0.287 0.291 0.297 0.286 0.283 0.292 0.287 0.282 0.276 0.274 0.278 0.285 0.324 0.330 0.372 0.288 0.289 0.253 0.267 0.291 0.268 0.263 0.290 0.274 0.282 0.258 0.242 0.256 0.227 0.215 0.231 0.256 0.256 0.262 0.302 0.298 0.298 0.301 0.304 0.321 0.319 0.300 0.331 0.354 0.390 0.432 0.450 0.505 0.512 0.500 0.533 0.567 0.586 0.595 0.621 0.647 0.653 0.661 0.684 0.719 0.670 0.737 0.776 0.808 0.798 0.834 0.811 0.803 0.803 0.812 0.802 0.788 0.859
>9j4e
0.957 0.964 0.962 0.962 0.970 0.971 0.974 0.976 0.978 0.978 0.977 0.978 0.978 0.975 0.976 0.976 0.978 0.977 0.976 0.973 0.970 0.969 0.967 0.963 0.962 0.956 0.955 0.953 0.957 0.955 0.956 0.955 0.955 0.949 0.950 0.947 0.926 0.911 0.882 0.840 0.803 0.776 0.727 0.685 0.659 0.589 0.539 0.484 0.475 0.449 0.395 0.347 0.267 0.258 0.246 0.234 0.229 0.225 0.222 0.210 0.207 0.206 0.206 0.221 0.211 0.208 0.225 0.224 0.204 0.220 0.223 0.207 0.206 0.220 0.222 0.208 0.220 0.224 0.219 0.214 0.220 0.213 0.195 0.186 0.181 0.182 0.165 0.155 0.150 0.143 0.141 0.138 0.164 0.179 0.207 0.225 0.214 0.205 0.203 0.189 0.162 0.137 0.138 0.129 0.122 0.127 0.148 0.143 0.132 0.128 0.139 0.137 0.143 0.175 0.180 0.186 0.160 0.177 0.173 0.177 0.184 0.179 0.169 0.194 0.196 0.201 0.192 0.188 0.200 0.202 0.198 0.208 0.234 0.249 0.256 0.307 0.308 0.317 0.318 0.317 0.336 0.338 0.348 0.378 0.448 0.520 0.545 0.562 0.602 0.638 0.650 0.672 0.696 0.732 0.725 0.730 0.741 0.752 0.761 0.762 0.801 0.782 0.821 0.811 0.859 0.868 0.895 0.909 0.917 0.913 0.923 0.936 0.937 0.944 0.949 0.955 0.958 0.963 0.968 0.970 0.971 0.968 0.968 0.970 0.971 0.971 0.973 0.969 0.968 0.962 0.959 0.954 0.949 0.947 0.942 0.942 0.948 0.944 0.948 0.944 0.952 0.951 0.947 0.943 0.939 0.937 0.931 0.928 0.935 0.934 0.933 0.939 0.936 0.944 0.937 0.937 0.937 0.932 0.949
>9j4f
0.957 0.964 0.962 0.962 0.970 0.971 0.974 0.976 0.978 0.978 0.977 0.978 0.978 0.975 0.976 0.976 0.978 0.977 0.976 0.973 0.970 0.968 0.967 0.963 0.962 0.956 0.955 0.953 0.957 0.955 0.955 0.955 0.953 0.948 0.949 0.945 0.923 0.908 0.878 0.836 0.798 0.771 0.721 0.681 0.655 0.583 0.536 0.481 0.474 0.442 0.389 0.340 0.255 0.246 0.234 0.221 0.220 0.215 0.214 0.204 0.204 0.204 0.203 0.213 0.205 0.204 0.217 0.214 0.205 0.222 0.214 0.201 0.202 0.216 0.218 0.204 0.214 0.221 0.218 0.211 0.218 0.205 0.190 0.182 0.178 0.176 0.160 0.150 0.144 0.136 0.134 0.136 0.159 0.173 0.206 0.218 0.221 0.212 0.210 0.189 0.160 0.135 0.135 0.127 0.117 0.123 0.144 0.142 0.134 0.128 0.136 0.133 0.137 0.163 0.167 0.174 0.149 0.159 0.154 0.159 0.164 0.160 0.150 0.169 0.170 0.174 0.170 0.169 0.186 0.187 0.181 0.197 0.205 0.217 0.235 0.299 0.301 0.311 0.312 0.311 0.321 0.323 0.325 0.355 0.418 0.498 0.521 0.539 0.587 0.622 0.626 0.646 0.668 0.705 0.699 0.702 0.717 0.734 0.743 0.741 0.780 0.763 0.808 0.798 0.846 0.863 0.895 0.909 0.918 0.916 0.923 0.934 0.936 0.942 0.947 0.953 0.957 0.963 0.968 0.969 0.971 0.967 0.966 0.968 0.970 0.970 0.972 0.967 0.967 0.961 0.958 0.953 0.948 0.946 0.940 0.939 0.948 0.944 0.947 0.943 0.952 0.951 0.946 0.942 0.940 0.938 0.933 0.929 0.932 0.931 0.929 0.935 0.933 0.942 0.934 0.934 0.936 0.932 0.948
>9jaz
0.774 0.809 0.828 0.848 0.796 0.783 0.786 0.788 0.793 0.759 0.717 0.658 0.655 0.653 0.658 0.655 0.639 0.604 0.581 0.526 0.510 0.455 0.485 0.452 0.463 0.444 0.433 0.451 0.488 0.537 0.507 0.518 0.536 0.521 0.516 0.525 0.518 0.536 0.528 0.522 0.506 0.003
>9jb0
0.774 0.809 0.828 0.848 0.796 0.783 0.786 0.788 0.793 0.759 0.717 0.658 0.655 0.653 0.658 0.655 0.639 0.604 0.581 0.526 0.510 0.455 0.485 0.452 0.463 0.444 0.433 0.451 0.488 0.537 0.507 0.518 0.536 0.521 0.516 0.525 0.518 0.536 0.528 0.522 0.506 0.003
>9jb1
0.774 0.809 0.828 0.848 0.796 0.783 0.786 0.788 0.793 0.759 0.717 0.658 0.655 0.653 0.658 0.655 0.639 0.604 0.581 0.526 0.510 0.455 0.485 0.452 0.463 0.444 0.433 0.451 0.488 0.537 0.507 0.518 0.536 0.521 0.516 0.525 0.518 0.536 0.528 0.522 0.506 0.003
>9jb2
0.806 0.829 0.846 0.856 0.810 0.793 0.785 0.791 0.779 0.746 0.703 0.653 0.655 0.641 0.639 0.643 0.636 0.591 0.568 0.524 0.510 0.471 0.497 0.465 0.476 0.451 0.441 0.462 0.479 0.496 0.465 0.469 0.500 0.489 0.487 0.501 0.502 0.520 0.523 0.520 0.510 0.003
>9jbo
0.957 0.951 0.908 0.888 0.854 0.868 0.798 0.859 0.800 0.836 0.711 0.681 0.572 0.399 0.300 0.141 0.127 0.128 0.100 0.111 0.106 0.141 0.167 0.146 0.173 0.159 0.175 0.176 0.180 0.157 0.150 0.134 0.147 0.126 0.123 0.118 0.135 0.156 0.175 0.178 0.187 0.170 0.171 0.175 0.222 0.156 0.153 0.129 0.116 0.132 0.180 0.257 0.338 0.387 0.362 0.333 0.259 0.176 0.240 0.447 0.387 0.193 0.214 0.415 0.471 0.506 0.699 0.716 0.807 0.789 0.808 0.804 0.808 0.831 0.826 0.869 0.895 0.888 0.895 0.910 0.906 0.909 0.921 0.937 0.946 0.938 0.943 0.951 0.948 0.952 0.956 0.955 0.955 0.953 0.945 0.936 0.920 0.896 0.873 0.867 0.780 0.748 0.700 0.719 0.672 0.775 0.726 0.639 0.635 0.645 0.488 0.404 0.254 0.189 0.121 0.114 0.101 0.094 0.094 0.119 0.123 0.140 0.194 0.481 0.541 0.595 0.669 0.721 0.773 0.805 0.829 0.855 0.864 0.887 0.889 0.922 0.933 0.951 0.941 0.927 0.939 0.934 0.922 0.914 0.917 0.893 0.883 0.914 0.933 0.933 0.930 0.933 0.905 0.920 0.888 0.827 0.708 0.582 0.709 0.021 0.613
>9jbp
0.957 0.951 0.926 0.915 0.909 0.923 0.868 0.917 0.921 0.926 0.905 0.892 0.800 0.438 0.331 0.194 0.148 0.151 0.124 0.143 0.151 0.202 0.228 0.213 0.304 0.241 0.220 0.195 0.190 0.180 0.161 0.141 0.139 0.115 0.111 0.105 0.118 0.149 0.156 0.169 0.179 0.170 0.191 0.188 0.272 0.157 0.208 0.144 0.128 0.143 0.174 0.292 0.371 0.400 0.388 0.356 0.303 0.165 0.189 0.411 0.311 0.172 0.184 0.306 0.449 0.514 0.686 0.732 0.762 0.783 0.793 0.814 0.818 0.841 0.844 0.890 0.903 0.901 0.914 0.925 0.924 0.928 0.939 0.949 0.953 0.952 0.953 0.957 0.956 0.957 0.962 0.960 0.960 0.960 0.958 0.954 0.951 0.932 0.931 0.922 0.874 0.866 0.844 0.850 0.822 0.878 0.870 0.831 0.843 0.852 0.769 0.703 0.659 0.644 0.569 0.520 0.505 0.318 0.350 0.591 0.656 0.628 0.676 0.771 0.823 0.815 0.844 0.844 0.854 0.850 0.867 0.891 0.896 0.916 0.917 0.941 0.949 0.952 0.953 0.946 0.953 0.950 0.939 0.930 0.935 0.922 0.912 0.938 0.945 0.944 0.941 0.943 0.924 0.934 0.910 0.880 0.835 0.705 0.810 0.038 0.792
>9jby
0.844 0.787 0.771 0.680 0.660 0.647 0.575 0.542 0.585 0.499 0.410 0.370 0.446 0.468 0.442 0.415 0.463 0.510 0.501 0.495 0.489 0.438 0.421 0.391 0.375 0.337 0.318 0.331 0.336 0.334 0.331 0.318 0.345 0.341 0.355 0.405 0.409 0.434 0.453 0.489 0.535 0.573 0.581 0.600 0.609 0.627 0.648 0.672 0.679 0.722 0.722 0.727 0.716 0.716 0.752 0.737 0.707 0.695 0.713 0.651 0.622 0.628
>9jc3
0.516 0.715 0.719 0.720 0.727 0.666 0.721 0.753 0.751 0.760 0.737 0.674 0.656 0.616 0.580 0.632 0.602 0.618 0.629 0.644 0.655 0.624 0.588 0.691 0.621 0.577 0.569 0.516 0.533 0.572 0.582 0.701 0.740 0.730 0.720 0.678 0.666 0.724 0.676 0.776 0.834 0.762 0.730 0.806 0.775 0.719 0.686 0.685 0.713 0.749 0.790 0.720 0.729 0.736 0.686 0.649 0.641 0.561 0.518 0.536 0.529 0.565 0.603 0.618 0.608 0.649 0.628 0.637 0.648 0.643 0.634 0.658 0.680 0.686 0.710 0.683 0.672 0.690 0.702 0.749 0.766 0.772 0.780 0.814 0.835 0.858 0.864 0.880 0.879 0.884 0.912 0.917 0.923 0.929 0.932 0.935 0.940 0.939 0.943 0.942 0.923 0.930 0.949 0.958 0.958 0.957 0.951 0.949 0.953 0.951 0.958 0.955 0.959 0.964 0.966 0.965 0.966 0.963 0.962 0.965 0.963 0.963 0.962 0.961 0.959 0.957 0.957 0.962 0.963 0.970 0.972 0.970 0.963 0.972 0.979 0.960 0.961 0.960 0.967 0.006
>9jc4
0.516 0.715 0.719 0.720 0.727 0.666 0.721 0.753 0.751 0.760 0.737 0.674 0.656 0.616 0.580 0.632 0.602 0.618 0.629 0.644 0.655 0.624 0.588 0.691 0.621 0.577 0.569 0.516 0.533 0.572 0.582 0.701 0.740 0.730 0.720 0.678 0.666 0.724 0.676 0.776 0.834 0.762 0.730 0.806 0.775 0.719 0.686 0.685 0.713 0.749 0.790 0.720 0.729 0.736 0.686 0.649 0.641 0.561 0.518 0.536 0.529 0.565 0.603 0.618 0.608 0.649 0.628 0.637 0.648 0.643 0.634 0.658 0.680 0.686 0.710 0.683 0.672 0.690 0.702 0.749 0.766 0.772 0.780 0.814 0.835 0.858 0.864 0.880 0.879 0.884 0.912 0.917 0.923 0.929 0.932 0.935 0.940 0.939 0.943 0.942 0.923 0.930 0.949 0.958 0.958 0.957 0.951 0.949 0.953 0.951 0.958 0.955 0.959 0.964 0.966 0.965 0.966 0.963 0.962 0.965 0.963 0.963 0.962 0.961 0.959 0.957 0.957 0.962 0.963 0.970 0.972 0.970 0.963 0.972 0.979 0.960 0.961 0.960 0.967 0.006
>9jc5
0.516 0.715 0.719 0.720 0.727 0.666 0.721 0.753 0.751 0.760 0.737 0.674 0.656 0.616 0.580 0.632 0.602 0.618 0.629 0.644 0.655 0.624 0.588 0.691 0.621 0.577 0.569 0.516 0.533 0.572 0.582 0.701 0.740 0.730 0.720 0.678 0.666 0.724 0.676 0.776 0.834 0.762 0.730 0.806 0.775 0.719 0.686 0.685 0.713 0.749 0.790 0.720 0.729 0.736 0.686 0.649 0.641 0.561 0.518 0.536 0.529 0.565 0.603 0.618 0.608 0.649 0.628 0.637 0.648 0.643 0.634 0.658 0.680 0.686 0.710 0.683 0.672 0.690 0.702 0.749 0.766 0.772 0.780 0.814 0.835 0.858 0.864 0.880 0.879 0.884 0.912 0.917 0.923 0.929 0.932 0.935 0.940 0.939 0.943 0.942 0.923 0.930 0.949 0.958 0.958 0.957 0.951 0.949 0.953 0.951 0.958 0.955 0.959 0.964 0.966 0.965 0.966 0.963 0.962 0.965 0.963 0.963 0.962 0.961 0.959 0.957 0.957 0.962 0.963 0.970 0.972 0.970 0.963 0.972 0.979 0.960 0.961 0.960 0.967 0.006
>9jd7
0.516 0.715 0.719 0.720 0.727 0.666 0.721 0.753 0.751 0.760 0.737 0.674 0.656 0.616 0.580 0.632 0.602 0.618 0.629 0.644 0.655 0.624 0.588 0.691 0.621 0.577 0.569 0.516 0.533 0.572 0.582 0.701 0.740 0.730 0.720 0.678 0.666 0.724 0.676 0.776 0.834 0.762 0.730 0.806 0.775 0.719 0.686 0.685 0.713 0.749 0.790 0.720 0.729 0.736 0.686 0.649 0.641 0.561 0.518 0.536 0.529 0.565 0.603 0.618 0.608 0.649 0.628 0.637 0.648 0.643 0.634 0.658 0.680 0.686 0.710 0.683 0.672 0.690 0.702 0.749 0.766 0.772 0.780 0.814 0.835 0.858 0.864 0.880 0.879 0.884 0.912 0.917 0.923 0.929 0.932 0.935 0.940 0.939 0.943 0.942 0.923 0.930 0.949 0.958 0.958 0.957 0.951 0.949 0.953 0.951 0.958 0.955 0.959 0.964 0.966 0.965 0.966 0.963 0.962 0.965 0.963 0.963 0.962 0.961 0.959 0.957 0.957 0.962 0.963 0.970 0.972 0.970 0.963 0.972 0.979 0.960 0.961 0.960 0.967 0.006
>9jd8
0.516 0.715 0.719 0.720 0.727 0.666 0.721 0.753 0.751 0.760 0.737 0.674 0.656 0.616 0.580 0.632 0.602 0.618 0.629 0.644 0.655 0.624 0.588 0.691 0.621 0.577 0.569 0.516 0.533 0.572 0.582 0.701 0.740 0.730 0.720 0.678 0.666 0.724 0.676 0.776 0.834 0.762 0.730 0.806 0.775 0.719 0.686 0.685 0.713 0.749 0.790 0.720 0.729 0.736 0.686 0.649 0.641 0.561 0.518 0.536 0.529 0.565 0.603 0.618 0.608 0.649 0.628 0.637 0.648 0.643 0.634 0.658 0.680 0.686 0.710 0.683 0.672 0.690 0.702 0.749 0.766 0.772 0.780 0.814 0.835 0.858 0.864 0.880 0.879 0.884 0.912 0.917 0.923 0.929 0.932 0.935 0.940 0.939 0.943 0.942 0.923 0.930 0.949 0.958 0.958 0.957 0.951 0.949 0.953 0.951 0.958 0.955 0.959 0.964 0.966 0.965 0.966 0.963 0.962 0.965 0.963 0.963 0.962 0.961 0.959 0.957 0.957 0.962 0.963 0.970 0.972 0.970 0.963 0.972 0.979 0.960 0.961 0.960 0.967 0.006
>9jdk
0.850 0.828 0.816 0.768 0.762 0.760 0.681 0.680 0.718 0.673 0.632 0.558 0.603 0.613 0.570 0.542 0.564 0.622 0.628 0.630 0.636 0.569 0.534 0.522 0.499 0.488 0.471 0.469 0.469 0.464 0.455 0.467 0.519 0.493 0.489 0.560 0.546 0.549 0.564 0.574 0.618 0.653 0.660 0.665 0.656 0.669 0.676 0.707 0.711 0.756 0.753 0.738 0.734 0.732 0.778 0.749 0.724 0.711 0.720 0.692 0.678 0.676 0.642
>9je2
0.518 0.701 0.714 0.717 0.725 0.672 0.734 0.775 0.759 0.753 0.721 0.643 0.638 0.597 0.561 0.595 0.594 0.611 0.621 0.637 0.662 0.630 0.597 0.693 0.616 0.570 0.565 0.513 0.529 0.566 0.570 0.691 0.731 0.709 0.717 0.703 0.685 0.735 0.720 0.810 0.852 0.811 0.783 0.851 0.829 0.784 0.739 0.735 0.756 0.775 0.808 0.772 0.763 0.749 0.703 0.649 0.646 0.558 0.527 0.552 0.534 0.563 0.614 0.614 0.586 0.638 0.600 0.608 0.632 0.634 0.618 0.639 0.662 0.668 0.707 0.680 0.670 0.685 0.689 0.738 0.758 0.768 0.776 0.806 0.827 0.849 0.854 0.872 0.874 0.884 0.908 0.912 0.918 0.925 0.929 0.932 0.936 0.939 0.947 0.946 0.931 0.938 0.952 0.958 0.957 0.957 0.950 0.950 0.954 0.952 0.959 0.957 0.960 0.965 0.967 0.966 0.967 0.964 0.963 0.965 0.963 0.964 0.962 0.961 0.959 0.957 0.958 0.962 0.963 0.971 0.972 0.971 0.964 0.973 0.979 0.960 0.961 0.960 0.967 0.006
>9je4
0.464 0.713 0.707 0.718 0.697 0.639 0.670 0.709 0.692 0.682 0.684 0.617 0.604 0.582 0.557 0.614 0.599 0.618 0.633 0.638 0.662 0.617 0.582 0.685 0.603 0.554 0.547 0.514 0.527 0.558 0.574 0.691 0.721 0.678 0.647 0.621 0.603 0.706 0.613 0.691 0.750 0.702 0.664 0.763 0.733 0.681 0.670 0.636 0.669 0.719 0.773 0.728 0.749 0.749 0.684 0.649 0.625 0.540 0.505 0.520 0.513 0.538 0.589 0.606 0.605 0.637 0.611 0.616 0.634 0.645 0.634 0.652 0.681 0.704 0.737 0.704 0.689 0.706 0.721 0.756 0.772 0.778 0.787 0.823 0.840 0.868 0.873 0.886 0.884 0.886 0.914 0.920 0.924 0.930 0.933 0.933 0.935 0.931 0.935 0.928 0.900 0.903 0.936 0.947 0.953 0.950 0.944 0.947 0.951 0.947 0.955 0.953 0.957 0.961 0.965 0.964 0.965 0.961 0.960 0.963 0.961 0.962 0.960 0.959 0.958 0.956 0.956 0.961 0.962 0.969 0.971 0.969 0.961 0.972 0.978 0.960 0.960 0.959 0.967 0.006
>9je6
0.516 0.715 0.719 0.720 0.727 0.666 0.721 0.753 0.751 0.760 0.737 0.674 0.656 0.616 0.580 0.632 0.602 0.618 0.629 0.644 0.655 0.624 0.588 0.691 0.621 0.577 0.569 0.516 0.533 0.572 0.582 0.701 0.740 0.730 0.720 0.678 0.666 0.724 0.676 0.776 0.834 0.762 0.730 0.806 0.775 0.719 0.686 0.685 0.713 0.749 0.790 0.720 0.729 0.736 0.686 0.649 0.641 0.561 0.518 0.536 0.529 0.565 0.603 0.618 0.608 0.649 0.628 0.637 0.648 0.643 0.634 0.658 0.680 0.686 0.710 0.683 0.672 0.690 0.702 0.749 0.766 0.772 0.780 0.814 0.835 0.858 0.864 0.880 0.879 0.884 0.912 0.917 0.923 0.929 0.932 0.935 0.940 0.939 0.943 0.942 0.923 0.930 0.949 0.958 0.958 0.957 0.951 0.949 0.953 0.951 0.958 0.955 0.959 0.964 0.966 0.965 0.966 0.963 0.962 0.965 0.963 0.963 0.962 0.961 0.959 0.957 0.957 0.962 0.963 0.970 0.972 0.970 0.963 0.972 0.979 0.960 0.961 0.960 0.967 0.006
>9je7
0.533 0.747 0.727 0.725 0.741 0.678 0.703 0.732 0.713 0.720 0.710 0.645 0.629 0.606 0.566 0.623 0.602 0.620 0.629 0.635 0.660 0.619 0.583 0.686 0.612 0.566 0.559 0.517 0.532 0.573 0.576 0.698 0.732 0.713 0.695 0.682 0.662 0.726 0.682 0.752 0.803 0.753 0.717 0.793 0.760 0.709 0.685 0.657 0.700 0.726 0.759 0.718 0.746 0.754 0.703 0.660 0.649 0.573 0.527 0.531 0.521 0.552 0.589 0.600 0.602 0.638 0.612 0.618 0.645 0.643 0.633 0.648 0.681 0.707 0.739 0.708 0.701 0.718 0.732 0.765 0.784 0.790 0.800 0.828 0.844 0.873 0.878 0.889 0.886 0.889 0.916 0.922 0.927 0.932 0.936 0.937 0.940 0.936 0.941 0.938 0.913 0.918 0.940 0.950 0.954 0.952 0.946 0.947 0.952 0.950 0.957 0.955 0.959 0.963 0.966 0.965 0.966 0.963 0.961 0.964 0.962 0.963 0.961 0.960 0.959 0.957 0.957 0.962 0.963 0.971 0.972 0.970 0.963 0.973 0.979 0.960 0.960 0.960 0.967 0.006
>9je8
0.516 0.715 0.719 0.720 0.727 0.666 0.721 0.753 0.751 0.760 0.737 0.674 0.656 0.616 0.580 0.632 0.602 0.618 0.629 0.644 0.655 0.624 0.588 0.691 0.621 0.577 0.569 0.516 0.533 0.572 0.582 0.701 0.740 0.730 0.720 0.678 0.666 0.724 0.676 0.776 0.834 0.762 0.730 0.806 0.775 0.719 0.686 0.685 0.713 0.749 0.790 0.720 0.729 0.736 0.686 0.649 0.641 0.561 0.518 0.536 0.529 0.565 0.603 0.618 0.608 0.649 0.628 0.637 0.648 0.643 0.634 0.658 0.680 0.686 0.710 0.683 0.672 0.690 0.702 0.749 0.766 0.772 0.780 0.814 0.835 0.858 0.864 0.880 0.879 0.884 0.912 0.917 0.923 0.929 0.932 0.935 0.940 0.939 0.943 0.942 0.923 0.930 0.949 0.958 0.958 0.957 0.951 0.949 0.953 0.951 0.958 0.955 0.959 0.964 0.966 0.965 0.966 0.963 0.962 0.965 0.963 0.963 0.962 0.961 0.959 0.957 0.957 0.962 0.963 0.970 0.972 0.970 0.963 0.972 0.979 0.960 0.961 0.960 0.967 0.006
>9jhf
0.798 0.807 0.778 0.768 0.741 0.702 0.647 0.659 0.640 0.574 0.570 0.567 0.593 0.565 0.526 0.517 0.556 0.567 0.609 0.610 0.633 0.663 0.667 0.653 0.658 0.655 0.665 0.649 0.659 0.605 0.592 0.569
>9jhg
0.798 0.807 0.778 0.768 0.741 0.702 0.647 0.659 0.640 0.574 0.570 0.567 0.593 0.565 0.526 0.517 0.556 0.567 0.609 0.610 0.633 0.663 0.667 0.653 0.658 0.655 0.665 0.649 0.659 0.605 0.592 0.569
>9jhh
0.798 0.807 0.778 0.768 0.741 0.702 0.647 0.659 0.640 0.574 0.570 0.567 0.593 0.565 0.526 0.517 0.556 0.567 0.609 0.610 0.633 0.663 0.667 0.653 0.658 0.655 0.665 0.649 0.659 0.605 0.592 0.569
>9jhi
0.798 0.807 0.778 0.768 0.741 0.702 0.647 0.659 0.640 0.574 0.570 0.567 0.593 0.565 0.526 0.517 0.556 0.567 0.609 0.610 0.633 0.663 0.667 0.653 0.658 0.655 0.665 0.649 0.659 0.605 0.592 0.569
>9ji8
0.810 0.801 0.788 0.753 0.752 0.759 0.716 0.731 0.766 0.719 0.646 0.584 0.626 0.626 0.580 0.581 0.582 0.607 0.574 0.563 0.556 0.528 0.531 0.526 0.515 0.524 0.489 0.497 0.482 0.480 0.475 0.487 0.515 0.490 0.488 0.543 0.523 0.547 0.550 0.554 0.596 0.614 0.625 0.641 0.641 0.650 0.663 0.687 0.691 0.737 0.746 0.747 0.738 0.741 0.784 0.750 0.716 0.710 0.715 0.654 0.623 0.618 0.586
>9jke
0.844 0.787 0.771 0.680 0.660 0.647 0.575 0.542 0.585 0.499 0.410 0.370 0.446 0.468 0.442 0.415 0.463 0.510 0.501 0.495 0.489 0.438 0.421 0.391 0.375 0.337 0.318 0.331 0.336 0.334 0.331 0.318 0.345 0.341 0.355 0.405 0.409 0.434 0.453 0.489 0.535 0.573 0.581 0.600 0.609 0.627 0.648 0.672 0.679 0.722 0.722 0.727 0.716 0.716 0.752 0.737 0.707 0.695 0.713 0.651 0.622 0.628
>9jst
0.377 0.433 0.415 0.419 0.448 0.482 0.501 0.508 0.501 0.515 0.510 0.534 0.545 0.558 0.570 0.595 0.606 0.641 0.677 0.687 0.705 0.701 0.696 0.711 0.703 0.740 0.746 0.759 0.762 0.775 0.800 0.822 0.803 0.806 0.838
>9jsu
0.430 0.422 0.450 0.458 0.472 0.434 0.425 0.431 0.439 0.468 0.469 0.507 0.542 0.554 0.573 0.621 0.664 0.689 0.707 0.704 0.746 0.745 0.792 0.807 0.820 0.812 0.781 0.799 0.774 0.737 0.754 0.795 0.802
>9jsv
0.421 0.426 0.474 0.496 0.535 0.548 0.560 0.548 0.547 0.555 0.561 0.582 0.604 0.611 0.645 0.657 0.676 0.690 0.706 0.723 0.724 0.726 0.738 0.742 0.796 0.805 0.828 0.825 0.838 0.852 0.858 0.857 0.845 0.859
>9jsw
0.377 0.433 0.415 0.419 0.448 0.482 0.501 0.508 0.501 0.515 0.510 0.534 0.545 0.558 0.570 0.595 0.606 0.641 0.677 0.687 0.705 0.701 0.696 0.711 0.703 0.740 0.746 0.759 0.762 0.775 0.800 0.822 0.803 0.806 0.838
>9jsx
0.421 0.426 0.474 0.496 0.535 0.548 0.560 0.548 0.547 0.555 0.561 0.582 0.604 0.611 0.645 0.657 0.676 0.690 0.706 0.723 0.724 0.726 0.738 0.742 0.796 0.805 0.828 0.825 0.838 0.852 0.858 0.857 0.845 0.859
>9k0d
0.779 0.826 0.821 0.848 0.815 0.803 0.807 0.814 0.809 0.777 0.739 0.691 0.682 0.668 0.667 0.659 0.631 0.591 0.562 0.515 0.502 0.457 0.498 0.472 0.492 0.477 0.483 0.533 0.574 0.643 0.599 0.599 0.615 0.598 0.582 0.566 0.561 0.593 0.579 0.574 0.556 0.003
>9k0e
0.779 0.826 0.821 0.848 0.815 0.803 0.807 0.814 0.809 0.777 0.739 0.691 0.682 0.668 0.667 0.659 0.631 0.591 0.562 0.515 0.502 0.457 0.498 0.472 0.492 0.477 0.483 0.533 0.574 0.643 0.599 0.599 0.615 0.598 0.582 0.566 0.561 0.593 0.579 0.574 0.556 0.003
>9k0f
0.779 0.826 0.821 0.848 0.815 0.803 0.807 0.814 0.809 0.777 0.739 0.691 0.682 0.668 0.667 0.659 0.631 0.591 0.562 0.515 0.502 0.457 0.498 0.472 0.492 0.477 0.483 0.533 0.574 0.643 0.599 0.599 0.615 0.598 0.582 0.566 0.561 0.593 0.579 0.574 0.556 0.003
>9k23
0.509 0.778 0.770 0.778 0.795 0.751 0.800 0.828 0.814 0.817 0.814 0.737 0.722 0.668 0.634 0.686 0.634 0.653 0.653 0.668 0.673 0.633 0.595 0.716 0.642 0.603 0.597 0.550 0.577 0.610 0.638 0.754 0.786 0.777 0.725 0.685 0.653 0.800 0.695 0.825 0.848 0.804 0.751 0.816 0.802 0.752 0.746 0.725 0.724 0.753 0.794 0.730 0.716 0.724 0.663 0.613 0.595 0.516 0.466 0.491 0.516 0.554 0.603 0.610 0.615 0.643 0.619 0.617 0.620 0.633 0.622 0.611 0.671 0.679 0.672 0.666 0.661 0.662 0.674 0.715 0.737 0.747 0.759 0.787 0.808 0.840 0.845 0.867 0.876 0.877 0.910 0.914 0.923 0.932 0.934 0.936 0.937 0.939 0.930 0.910 0.895 0.889 0.876 0.909 0.919 0.919 0.914 0.929 0.938 0.933 0.945 0.944 0.949 0.954 0.958 0.959 0.961 0.957 0.954 0.957 0.954 0.954 0.954 0.955 0.950 0.949 0.950 0.959 0.965 0.974 0.975 0.978 0.970 0.975 0.984 0.969 0.956 0.956 0.966 0.003
>9k24
0.509 0.778 0.770 0.778 0.795 0.751 0.800 0.828 0.814 0.817 0.814 0.737 0.722 0.668 0.634 0.686 0.634 0.653 0.653 0.668 0.673 0.633 0.595 0.716 0.642 0.603 0.597 0.550 0.577 0.610 0.638 0.754 0.786 0.777 0.725 0.685 0.653 0.800 0.695 0.825 0.848 0.804 0.751 0.816 0.802 0.752 0.746 0.725 0.724 0.753 0.794 0.730 0.716 0.724 0.663 0.613 0.595 0.516 0.466 0.491 0.516 0.554 0.603 0.610 0.615 0.643 0.619 0.617 0.620 0.633 0.622 0.611 0.671 0.679 0.672 0.666 0.661 0.662 0.674 0.715 0.737 0.747 0.759 0.787 0.808 0.840 0.845 0.867 0.876 0.877 0.910 0.914 0.923 0.932 0.934 0.936 0.937 0.939 0.930 0.910 0.895 0.889 0.876 0.909 0.919 0.919 0.914 0.929 0.938 0.933 0.945 0.944 0.949 0.954 0.958 0.959 0.961 0.957 0.954 0.957 0.954 0.954 0.954 0.955 0.950 0.949 0.950 0.959 0.965 0.974 0.975 0.978 0.970 0.975 0.984 0.969 0.956 0.956 0.966 0.003
>9k8s
0.668 0.693 0.684 0.670 0.656 0.632 0.601 0.552 0.552 0.539 0.542 0.565 0.557 0.515 0.482 0.452 0.446 0.459 0.471 0.500 0.514 0.534 0.604 0.584 0.588 0.604 0.618 0.667 0.676 0.640
>9k8t
0.668 0.693 0.684 0.670 0.656 0.632 0.601 0.552 0.552 0.539 0.542 0.565 0.557 0.515 0.482 0.452 0.446 0.459 0.471 0.500 0.514 0.534 0.604 0.584 0.588 0.604 0.618 0.667 0.676 0.640
>9ka3
0.502 0.664 0.690 0.701 0.722 0.676 0.735 0.796 0.773 0.767 0.734 0.653 0.655 0.611 0.586 0.620 0.602 0.629 0.635 0.664 0.672 0.658 0.617 0.721 0.646 0.602 0.598 0.534 0.560 0.588 0.596 0.724 0.760 0.753 0.753 0.757 0.759 0.811 0.796 0.856 0.886 0.872 0.859 0.898 0.886 0.842 0.824 0.823 0.804 0.830 0.866 0.859 0.853 0.848 0.806 0.750 0.753 0.653 0.611 0.630 0.600 0.642 0.695 0.694 0.663 0.716 0.691 0.690 0.704 0.696 0.690 0.680 0.702 0.684 0.702 0.675 0.673 0.686 0.686 0.728 0.760 0.767 0.768 0.806 0.829 0.847 0.856 0.875 0.876 0.886 0.907 0.914 0.919 0.926 0.932 0.934 0.941 0.944 0.947 0.947 0.937 0.944 0.954 0.958 0.959 0.958 0.952 0.949 0.953 0.952 0.961 0.958 0.961 0.965 0.967 0.967 0.968 0.965 0.963 0.966 0.964 0.964 0.962 0.961 0.959 0.957 0.958 0.962 0.964 0.971 0.972 0.971 0.965 0.973 0.979 0.960 0.961 0.960 0.967 0.006
>9ka4
0.418 0.692 0.708 0.713 0.689 0.627 0.678 0.745 0.729 0.723 0.695 0.633 0.612 0.591 0.567 0.618 0.597 0.623 0.631 0.641 0.668 0.625 0.583 0.674 0.592 0.535 0.530 0.509 0.522 0.549 0.561 0.662 0.702 0.638 0.609 0.588 0.568 0.637 0.569 0.655 0.735 0.680 0.641 0.751 0.728 0.688 0.653 0.676 0.647 0.692 0.750 0.677 0.691 0.711 0.636 0.600 0.584 0.514 0.464 0.477 0.492 0.520 0.569 0.590 0.584 0.625 0.595 0.591 0.629 0.627 0.614 0.633 0.665 0.686 0.709 0.682 0.661 0.670 0.686 0.727 0.752 0.762 0.771 0.811 0.827 0.857 0.862 0.880 0.878 0.882 0.910 0.917 0.922 0.927 0.931 0.928 0.932 0.929 0.930 0.922 0.892 0.896 0.923 0.938 0.946 0.944 0.935 0.946 0.950 0.945 0.953 0.952 0.957 0.961 0.964 0.964 0.965 0.961 0.959 0.963 0.961 0.962 0.960 0.959 0.957 0.955 0.956 0.961 0.962 0.969 0.970 0.968 0.961 0.971 0.978 0.959 0.960 0.959 0.966 0.006
>9kal
0.464 0.713 0.707 0.718 0.697 0.639 0.670 0.709 0.692 0.682 0.684 0.617 0.604 0.582 0.557 0.614 0.599 0.618 0.633 0.638 0.662 0.617 0.582 0.685 0.603 0.554 0.547 0.514 0.527 0.558 0.574 0.691 0.721 0.678 0.647 0.621 0.603 0.706 0.613 0.691 0.750 0.702 0.664 0.763 0.733 0.681 0.670 0.636 0.669 0.719 0.773 0.728 0.749 0.749 0.684 0.649 0.625 0.540 0.505 0.520 0.513 0.538 0.589 0.606 0.605 0.637 0.611 0.616 0.634 0.645 0.634 0.652 0.681 0.704 0.737 0.704 0.689 0.706 0.721 0.756 0.772 0.778 0.787 0.823 0.840 0.868 0.873 0.886 0.884 0.886 0.914 0.920 0.924 0.930 0.933 0.933 0.935 0.931 0.935 0.928 0.900 0.903 0.936 0.947 0.953 0.950 0.944 0.947 0.951 0.947 0.955 0.953 0.957 0.961 0.965 0.964 0.965 0.961 0.960 0.963 0.961 0.962 0.960 0.959 0.958 0.956 0.956 0.961 0.962 0.969 0.971 0.969 0.961 0.972 0.978 0.960 0.960 0.959 0.967 0.006
>9kc2
0.509 0.733 0.748 0.762 0.780 0.724 0.777 0.813 0.789 0.790 0.782 0.729 0.727 0.669 0.662 0.706 0.675 0.677 0.680 0.703 0.699 0.662 0.615 0.743 0.664 0.603 0.598 0.565 0.592 0.637 0.700 0.792 0.842 0.838 0.746 0.779 0.819 0.887 0.872 0.889 0.898 0.866 0.833 0.880 0.849 0.837 0.846 0.832 0.850 0.831 0.862 0.795 0.765 0.749 0.691 0.660 0.654 0.574 0.519 0.545 0.566 0.592 0.624 0.637 0.652 0.681 0.669 0.683 0.684 0.665 0.651 0.674 0.695 0.700 0.707 0.688 0.675 0.679 0.715 0.779 0.805 0.807 0.804 0.833 0.845 0.874 0.885 0.896 0.895 0.892 0.920 0.921 0.929 0.935 0.938 0.942 0.943 0.943 0.938 0.926 0.915 0.917 0.933 0.954 0.954 0.952 0.945 0.948 0.952 0.947 0.955 0.952 0.956 0.961 0.964 0.964 0.965 0.962 0.960 0.963 0.961 0.961 0.960 0.959 0.957 0.955 0.956 0.960 0.962 0.968 0.971 0.969 0.962 0.972 0.978 0.960 0.960 0.959 0.966 0.006
>9kcn
0.931 0.939 0.920 0.908 0.905 0.897 0.841 0.847 0.896 0.872 0.847 0.841 0.860 0.854 0.830 0.825 0.775 0.689 0.663 0.628 0.632 0.574 0.585 0.605 0.629 0.625 0.632 0.661 0.697 0.717 0.729 0.729 0.734 0.723 0.684 0.731 0.735 0.728 0.738 0.720 0.684 0.707 0.727 0.735 0.726 0.727 0.716 0.741 0.781 0.814 0.828 0.848 0.858 0.864 0.905 0.909 0.912 0.918 0.920 0.914 0.924 0.924 0.925 0.918 0.917 0.918 0.925 0.939 0.938 0.934 0.929 0.941 0.943 0.936 0.943 0.941 0.944 0.954 0.958 0.960 0.962 0.956 0.955 0.959 0.956 0.958 0.958 0.959 0.957 0.954 0.955 0.959 0.961 0.967 0.970 0.969 0.962 0.971 0.978 0.960 0.960 0.959 0.966 0.006
>9kco
0.516 0.715 0.719 0.720 0.727 0.666 0.721 0.753 0.751 0.760 0.737 0.674 0.656 0.616 0.580 0.632 0.602 0.618 0.629 0.644 0.655 0.624 0.588 0.691 0.621 0.577 0.569 0.516 0.533 0.572 0.582 0.701 0.740 0.730 0.720 0.678 0.666 0.724 0.676 0.776 0.834 0.762 0.730 0.806 0.775 0.719 0.686 0.685 0.713 0.749 0.790 0.720 0.729 0.736 0.686 0.649 0.641 0.561 0.518 0.536 0.529 0.565 0.603 0.618 0.608 0.649 0.628 0.637 0.648 0.643 0.634 0.658 0.680 0.686 0.710 0.683 0.672 0.690 0.702 0.749 0.766 0.772 0.780 0.814 0.835 0.858 0.864 0.880 0.879 0.884 0.912 0.917 0.923 0.929 0.932 0.935 0.940 0.939 0.943 0.942 0.923 0.930 0.949 0.958 0.958 0.957 0.951 0.949 0.953 0.951 0.958 0.955 0.959 0.964 0.966 0.965 0.966 0.963 0.962 0.965 0.963 0.963 0.962 0.961 0.959 0.957 0.957 0.962 0.963 0.970 0.972 0.970 0.963 0.972 0.979 0.960 0.961 0.960 0.967 0.006
>9kcp
0.509 0.733 0.748 0.762 0.780 0.724 0.777 0.813 0.789 0.790 0.782 0.729 0.727 0.669 0.662 0.706 0.675 0.677 0.680 0.703 0.699 0.662 0.615 0.743 0.664 0.603 0.598 0.565 0.592 0.637 0.700 0.792 0.842 0.838 0.746 0.779 0.819 0.887 0.872 0.889 0.898 0.866 0.833 0.880 0.849 0.837 0.846 0.832 0.850 0.831 0.862 0.795 0.765 0.749 0.691 0.660 0.654 0.574 0.519 0.545 0.566 0.592 0.624 0.637 0.652 0.681 0.669 0.683 0.684 0.665 0.651 0.674 0.695 0.700 0.707 0.688 0.675 0.679 0.715 0.779 0.805 0.807 0.804 0.833 0.845 0.874 0.885 0.896 0.895 0.892 0.920 0.921 0.929 0.935 0.938 0.942 0.943 0.943 0.938 0.926 0.915 0.917 0.933 0.954 0.954 0.952 0.945 0.948 0.952 0.947 0.955 0.952 0.956 0.961 0.964 0.964 0.965 0.962 0.960 0.963 0.961 0.961 0.960 0.959 0.957 0.955 0.956 0.960 0.962 0.968 0.971 0.969 0.962 0.972 0.978 0.960 0.960 0.959 0.966 0.006
>9kty
0.970 0.971 0.977 0.976 0.975 0.977 0.976 0.977 0.978 0.980 0.982 0.982 0.981 0.982 0.981 0.983 0.983 0.983 0.982 0.982 0.982 0.982 0.984 0.982 0.983 0.984 0.983 0.982 0.981 0.981 0.978 0.977 0.976 0.971 0.969 0.965 0.963 0.962 0.959 0.955 0.957 0.960 0.962 0.966 0.963 0.965 0.969 0.972 0.971 0.973 0.975 0.978 0.978 0.980 0.980 0.980 0.980 0.982 0.981 0.981 0.981 0.981 0.981 0.982 0.981 0.981 0.982 0.981 0.982 0.983 0.980 0.979 0.979 0.979 0.979 0.977 0.977 0.979 0.979 0.980 0.978 0.976 0.976 0.974 0.973 0.973 0.973 0.970 0.971 0.970 0.974
>9ktz
0.971 0.972 0.977 0.976 0.976 0.977 0.976 0.977 0.979 0.981 0.982 0.982 0.981 0.982 0.982 0.984 0.983 0.983 0.983 0.982 0.983 0.983 0.984 0.982 0.983 0.984 0.984 0.982 0.980 0.979 0.978 0.977 0.976 0.971 0.970 0.965 0.963 0.962 0.959 0.956 0.957 0.960 0.961 0.964 0.960 0.963 0.968 0.970 0.971 0.972 0.973 0.977 0.977 0.978 0.978 0.978 0.978 0.980 0.979 0.979 0.980 0.980 0.980 0.981 0.981 0.981 0.981 0.981 0.981 0.982 0.980 0.979 0.979 0.979 0.979 0.979 0.979 0.980 0.981 0.981 0.980 0.978 0.977 0.976 0.976 0.974 0.974 0.971 0.971 0.971 0.975
>9kzb
0.957 0.975 0.976 0.974 0.977 0.977 0.979 0.979 0.981 0.980 0.978 0.976 0.974 0.971 0.964 0.968 0.973 0.973 0.974 0.979 0.974 0.975 0.979 0.976 0.976 0.980 0.981 0.979 0.980 0.979 0.980 0.981 0.982 0.982 0.982 0.984 0.985 0.988 0.989 0.988 0.989 0.988 0.988 0.988 0.987 0.987 0.986 0.983 0.983 0.984 0.983 0.982 0.980 0.985 0.975 0.978 0.984 0.979 0.981 0.981 0.982 0.982 0.982 0.977 0.984 0.980 0.982 0.986 0.986 0.986 0.987 0.987 0.988 0.988 0.986 0.982 0.985 0.982 0.982 0.983 0.982 0.974 0.975 0.976 0.979 0.965 0.969 0.979 0.968 0.968 0.974 0.958 0.964 0.969 0.970 0.967 0.964 0.952 0.973 0.963 0.973 0.981 0.979 0.979 0.986 0.984 0.988 0.989 0.987 0.984 0.987 0.982 0.982 0.984 0.982 0.977 0.977 0.978 0.982 0.967 0.969 0.979 0.967 0.968 0.974 0.958 0.965 0.969 0.970 0.967 0.963 0.949 0.973 0.963 0.972 0.980 0.979 0.979 0.986 0.984 0.988 0.989 0.987 0.984 0.987 0.982 0.982 0.984 0.982 0.977 0.977 0.978 0.982 0.967 0.969 0.979 0.967 0.968 0.974 0.958 0.965 0.969 0.970 0.967 0.963 0.949 0.973 0.963 0.972 0.980 0.979 0.979 0.986 0.984 0.988 0.989 0.987 0.984 0.987 0.982 0.982 0.984 0.982 0.977 0.977 0.978 0.982 0.967 0.969 0.979 0.967 0.968 0.974 0.958 0.965 0.969 0.970 0.967 0.963 0.949 0.973 0.963 0.972 0.980 0.979 0.979 0.986 0.984 0.988 0.989 0.987 0.984 0.987 0.982 0.982 0.984 0.982 0.977 0.977 0.978 0.982 0.967 0.969 0.979 0.967 0.968 0.974 0.958 0.965 0.969 0.970 0.967 0.963 0.949 0.973 0.963 0.972 0.980 0.979 0.979 0.986 0.984 0.988 0.989 0.987 0.984 0.987 0.982 0.982 0.984 0.982 0.977 0.977 0.978 0.982 0.967 0.969 0.979 0.967 0.968 0.974 0.958 0.965 0.969 0.970 0.967 0.963 0.949 0.973 0.963 0.972 0.980 0.979 0.979 0.986 0.984 0.988 0.989 0.987 0.984 0.987 0.982 0.982 0.984 0.982 0.977 0.977 0.978 0.982 0.967 0.969 0.979 0.967 0.968 0.974 0.958 0.965 0.969 0.970 0.967 0.963 0.949 0.973 0.963 0.972 0.980 0.979 0.979 0.986 0.984 0.988 0.989 0.987 0.984 0.987 0.982 0.982 0.984 0.982 0.977 0.977 0.978 0.982 0.967 0.969 0.979 0.967 0.968 0.974 0.958 0.965 0.969 0.970 0.967 0.963 0.949 0.973 0.963 0.972 0.980 0.979 0.979 0.986 0.984 0.988 0.989 0.987 0.984 0.987 0.982 0.982 0.984 0.982 0.977 0.977 0.978 0.982 0.967 0.969 0.979 0.967 0.968 0.974 0.958 0.965 0.969 0.970 0.967 0.963 0.949 0.973 0.963 0.972 0.980 0.979 0.979 0.986 0.984 0.988 0.989 0.987 0.984 0.987 0.982 0.982 0.984 0.982 0.977 0.977 0.978 0.982 0.967 0.969 0.979 0.967 0.968 0.974 0.958 0.965 0.969 0.970 0.967 0.963 0.949 0.973 0.963 0.972 0.980 0.979 0.979 0.986 0.984 0.988 0.989 0.987 0.984 0.987 0.982 0.982 0.984 0.982 0.977 0.977 0.978 0.982 0.967 0.969 0.979 0.967 0.968 0.974 0.958 0.965 0.969 0.970 0.967 0.963 0.949 0.973 0.963 0.972 0.980 0.979 0.979 0.986 0.984 0.988 0.989 0.987 0.984 0.987 0.982 0.982 0.984 0.982 0.977 0.977 0.978 0.982 0.968 0.970 0.980 0.970 0.971 0.977 0.961 0.968 0.971 0.973 0.971 0.967 0.955 0.976 0.969 0.976 0.983 0.982 0.982 0.987 0.986 0.989 0.990 0.989 0.989 0.990 0.988 0.989 0.989 0.987 0.983 0.983 0.985 0.986 0.980 0.981 0.985 0.978 0.982 0.985 0.982 0.984 0.985 0.986 0.986 0.984 0.982 0.980 0.979 0.981 0.986 0.983 0.984 0.987 0.987 0.989 0.990 0.988 0.988 0.988 0.988 0.988 0.989 0.988 0.986 0.986 0.987 0.988 0.986 0.985 0.988 0.985 0.985 0.987 0.985 0.985 0.986 0.985 0.985 0.984 0.986 0.986 0.986 0.986 0.986 0.987 0.987 0.986 0.988 0.988 0.988 0.991 0.990 0.987 0.988 0.986 0.985 0.990 0.990 0.986 0.991 0.991 0.992 0.990 0.985 0.989
>9kzo
0.957 0.975 0.976 0.974 0.977 0.977 0.979 0.979 0.981 0.980 0.978 0.976 0.974 0.971 0.964 0.968 0.973 0.973 0.974 0.979 0.974 0.975 0.979 0.976 0.976 0.980 0.981 0.979 0.980 0.979 0.980 0.981 0.982 0.982 0.982 0.984 0.985 0.988 0.989 0.988 0.989 0.988 0.988 0.988 0.987 0.987 0.986 0.983 0.983 0.984 0.983 0.982 0.980 0.985 0.975 0.978 0.984 0.979 0.981 0.981 0.982 0.982 0.982 0.977 0.984 0.980 0.982 0.986 0.986 0.986 0.987 0.987 0.988 0.988 0.986 0.982 0.985 0.982 0.982 0.983 0.982 0.974 0.975 0.976 0.979 0.965 0.969 0.979 0.968 0.968 0.974 0.958 0.964 0.969 0.970 0.967 0.964 0.952 0.973 0.963 0.973 0.981 0.979 0.979 0.986 0.984 0.988 0.989 0.987 0.984 0.987 0.982 0.982 0.984 0.982 0.977 0.977 0.978 0.982 0.967 0.969 0.979 0.967 0.968 0.974 0.958 0.965 0.969 0.970 0.967 0.963 0.949 0.973 0.963 0.972 0.980 0.979 0.979 0.986 0.984 0.988 0.989 0.987 0.984 0.987 0.982 0.982 0.984 0.982 0.977 0.977 0.978 0.982 0.967 0.969 0.979 0.967 0.968 0.974 0.958 0.965 0.969 0.970 0.967 0.963 0.949 0.973 0.963 0.972 0.980 0.979 0.979 0.986 0.984 0.988 0.989 0.987 0.984 0.987 0.982 0.982 0.984 0.982 0.977 0.977 0.978 0.982 0.967 0.969 0.979 0.967 0.968 0.974 0.958 0.965 0.969 0.970 0.967 0.963 0.949 0.973 0.963 0.972 0.980 0.979 0.979 0.986 0.984 0.988 0.989 0.987 0.984 0.987 0.982 0.982 0.984 0.982 0.977 0.977 0.978 0.982 0.967 0.969 0.979 0.967 0.968 0.974 0.958 0.965 0.969 0.970 0.967 0.963 0.949 0.973 0.963 0.972 0.980 0.979 0.979 0.986 0.984 0.988 0.989 0.987 0.984 0.987 0.982 0.982 0.984 0.982 0.977 0.977 0.978 0.982 0.967 0.969 0.979 0.967 0.968 0.974 0.958 0.965 0.969 0.970 0.967 0.963 0.949 0.973 0.963 0.972 0.980 0.979 0.979 0.986 0.984 0.988 0.989 0.987 0.984 0.987 0.982 0.982 0.984 0.982 0.977 0.977 0.978 0.982 0.967 0.969 0.979 0.967 0.968 0.974 0.958 0.965 0.969 0.970 0.967 0.963 0.949 0.973 0.963 0.972 0.980 0.979 0.979 0.986 0.984 0.988 0.989 0.987 0.984 0.987 0.982 0.982 0.984 0.982 0.977 0.977 0.978 0.982 0.967 0.969 0.979 0.967 0.968 0.974 0.958 0.965 0.969 0.970 0.967 0.963 0.949 0.973 0.963 0.972 0.980 0.979 0.979 0.986 0.984 0.988 0.989 0.987 0.984 0.987 0.982 0.982 0.984 0.982 0.977 0.977 0.978 0.982 0.967 0.969 0.979 0.967 0.968 0.974 0.958 0.965 0.969 0.970 0.967 0.963 0.949 0.973 0.963 0.972 0.980 0.979 0.979 0.986 0.984 0.988 0.989 0.987 0.984 0.987 0.982 0.982 0.984 0.982 0.977 0.977 0.978 0.982 0.967 0.969 0.979 0.967 0.968 0.974 0.958 0.965 0.969 0.970 0.967 0.963 0.949 0.973 0.963 0.972 0.980 0.979 0.979 0.986 0.984 0.988 0.989 0.987 0.984 0.987 0.982 0.982 0.984 0.982 0.977 0.977 0.978 0.982 0.967 0.969 0.979 0.967 0.968 0.974 0.958 0.965 0.969 0.970 0.967 0.963 0.949 0.973 0.963 0.972 0.980 0.979 0.979 0.986 0.984 0.988 0.989 0.987 0.984 0.987 0.982 0.982 0.984 0.982 0.977 0.977 0.978 0.982 0.968 0.970 0.980 0.970 0.971 0.977 0.961 0.968 0.971 0.973 0.971 0.967 0.955 0.976 0.969 0.976 0.983 0.982 0.982 0.987 0.986 0.989 0.990 0.989 0.989 0.990 0.988 0.989 0.989 0.987 0.983 0.983 0.985 0.986 0.980 0.981 0.985 0.978 0.982 0.985 0.982 0.984 0.985 0.986 0.986 0.984 0.982 0.980 0.979 0.981 0.986 0.983 0.984 0.987 0.987 0.989 0.990 0.988 0.988 0.988 0.988 0.988 0.989 0.988 0.986 0.986 0.987 0.988 0.986 0.985 0.988 0.985 0.985 0.987 0.985 0.985 0.986 0.985 0.985 0.984 0.986 0.986 0.986 0.986 0.986 0.987 0.987 0.986 0.988 0.988 0.988 0.991 0.990 0.987 0.988 0.986 0.985 0.990 0.990 0.986 0.991 0.991 0.992 0.990 0.985 0.989
>9l2s
0.957 0.975 0.976 0.974 0.977 0.977 0.979 0.979 0.981 0.980 0.978 0.976 0.974 0.971 0.964 0.968 0.973 0.973 0.974 0.979 0.974 0.975 0.979 0.976 0.976 0.980 0.981 0.979 0.980 0.979 0.980 0.981 0.982 0.982 0.982 0.984 0.985 0.988 0.989 0.988 0.989 0.988 0.988 0.988 0.987 0.987 0.986 0.983 0.983 0.984 0.983 0.982 0.980 0.985 0.975 0.978 0.984 0.979 0.981 0.981 0.982 0.982 0.982 0.977 0.984 0.980 0.982 0.986 0.986 0.986 0.987 0.987 0.988 0.988 0.986 0.982 0.985 0.982 0.982 0.983 0.982 0.974 0.975 0.976 0.979 0.965 0.969 0.979 0.968 0.968 0.974 0.958 0.964 0.969 0.970 0.967 0.964 0.952 0.973 0.963 0.973 0.981 0.979 0.979 0.986 0.984 0.988 0.989 0.987 0.984 0.987 0.982 0.982 0.984 0.982 0.977 0.977 0.978 0.982 0.967 0.969 0.979 0.967 0.968 0.974 0.958 0.965 0.969 0.970 0.967 0.963 0.949 0.973 0.963 0.972 0.980 0.979 0.979 0.986 0.984 0.988 0.989 0.987 0.984 0.987 0.982 0.982 0.984 0.982 0.977 0.977 0.978 0.982 0.967 0.969 0.979 0.967 0.968 0.974 0.958 0.965 0.969 0.970 0.967 0.963 0.949 0.973 0.963 0.972 0.980 0.979 0.979 0.986 0.984 0.988 0.989 0.987 0.984 0.987 0.982 0.982 0.984 0.982 0.977 0.977 0.978 0.982 0.967 0.969 0.979 0.967 0.968 0.974 0.958 0.965 0.969 0.970 0.967 0.963 0.949 0.973 0.963 0.972 0.980 0.979 0.979 0.986 0.984 0.988 0.989 0.987 0.984 0.987 0.982 0.982 0.984 0.982 0.977 0.977 0.978 0.982 0.967 0.969 0.979 0.967 0.968 0.974 0.958 0.965 0.969 0.970 0.967 0.963 0.949 0.973 0.963 0.972 0.980 0.979 0.979 0.986 0.984 0.988 0.989 0.987 0.984 0.987 0.982 0.982 0.984 0.982 0.977 0.977 0.978 0.982 0.967 0.969 0.979 0.967 0.968 0.974 0.958 0.965 0.969 0.970 0.967 0.963 0.949 0.973 0.963 0.972 0.980 0.979 0.979 0.986 0.984 0.988 0.989 0.987 0.984 0.987 0.982 0.982 0.984 0.982 0.977 0.977 0.978 0.982 0.967 0.969 0.979 0.967 0.968 0.974 0.958 0.965 0.969 0.970 0.967 0.963 0.949 0.973 0.963 0.972 0.980 0.979 0.979 0.986 0.984 0.988 0.989 0.987 0.984 0.987 0.982 0.982 0.984 0.982 0.977 0.977 0.978 0.982 0.967 0.969 0.979 0.967 0.968 0.974 0.958 0.965 0.969 0.970 0.967 0.963 0.949 0.973 0.963 0.972 0.980 0.979 0.979 0.986 0.984 0.988 0.989 0.987 0.984 0.987 0.982 0.982 0.984 0.982 0.977 0.977 0.978 0.982 0.967 0.969 0.979 0.967 0.968 0.974 0.958 0.965 0.969 0.970 0.967 0.963 0.949 0.973 0.963 0.972 0.980 0.979 0.979 0.986 0.984 0.988 0.989 0.987 0.984 0.987 0.982 0.982 0.984 0.982 0.977 0.977 0.978 0.982 0.967 0.969 0.979 0.967 0.968 0.974 0.958 0.965 0.969 0.970 0.967 0.963 0.949 0.973 0.963 0.972 0.980 0.979 0.979 0.986 0.984 0.988 0.989 0.987 0.984 0.987 0.982 0.982 0.984 0.982 0.977 0.977 0.978 0.982 0.967 0.969 0.979 0.967 0.968 0.974 0.958 0.965 0.969 0.970 0.967 0.963 0.949 0.973 0.963 0.972 0.980 0.979 0.979 0.986 0.984 0.988 0.989 0.987 0.984 0.987 0.982 0.982 0.984 0.982 0.977 0.977 0.978 0.982 0.968 0.970 0.980 0.970 0.971 0.977 0.961 0.968 0.971 0.973 0.971 0.967 0.955 0.976 0.969 0.976 0.983 0.982 0.982 0.987 0.986 0.989 0.990 0.989 0.989 0.990 0.988 0.989 0.989 0.987 0.983 0.983 0.985 0.986 0.980 0.981 0.985 0.978 0.982 0.985 0.982 0.984 0.985 0.986 0.986 0.984 0.982 0.980 0.979 0.981 0.986 0.983 0.984 0.987 0.987 0.989 0.990 0.988 0.988 0.988 0.988 0.988 0.989 0.988 0.986 0.986 0.987 0.988 0.986 0.985 0.988 0.985 0.985 0.987 0.985 0.985 0.986 0.985 0.985 0.984 0.986 0.986 0.986 0.986 0.986 0.987 0.987 0.986 0.988 0.988 0.988 0.991 0.990 0.987 0.988 0.986 0.985 0.990 0.990 0.986 0.991 0.991 0.992 0.990 0.985 0.989
>9li1
0.957 0.951 0.906 0.885 0.849 0.866 0.801 0.857 0.796 0.833 0.716 0.698 0.586 0.409 0.306 0.145 0.130 0.130 0.102 0.114 0.109 0.143 0.171 0.150 0.174 0.161 0.178 0.178 0.182 0.159 0.150 0.133 0.146 0.125 0.122 0.119 0.135 0.155 0.176 0.177 0.190 0.172 0.179 0.172 0.200 0.151 0.150 0.128 0.113 0.131 0.185 0.253 0.344 0.377 0.361 0.332 0.318 0.225 0.291 0.473 0.403 0.232 0.271 0.450 0.483 0.514 0.702 0.739 0.825 0.810 0.822 0.826 0.838 0.844 0.858 0.889 0.903 0.896 0.907 0.913 0.913 0.921 0.928 0.939 0.947 0.942 0.946 0.949 0.945 0.948 0.953 0.953 0.951 0.950 0.941 0.929 0.906 0.858 0.827 0.813 0.731 0.696 0.656 0.655 0.631 0.701 0.669 0.600 0.581 0.594 0.439 0.341 0.225 0.187 0.131 0.120 0.108 0.104 0.105 0.127 0.131 0.151 0.220 0.514 0.562 0.614 0.667 0.708 0.753 0.781 0.827 0.857 0.868 0.890 0.896 0.929 0.939 0.951 0.948 0.938 0.948 0.946 0.938 0.934 0.940 0.918 0.915 0.936 0.946 0.946 0.942 0.940 0.915 0.914 0.879 0.796 0.650 0.465 0.634 0.021 0.484
>9liv
0.946 0.952 0.942 0.939 0.920 0.879 0.923 0.923 0.923 0.907 0.835 0.834 0.806 0.743 0.685 0.624 0.607 0.569 0.500 0.463 0.461 0.419 0.292 0.313 0.257 0.281 0.245 0.230 0.242 0.243 0.273 0.271 0.292 0.279 0.279 0.246 0.225 0.168 0.174 0.166 0.165 0.174 0.192 0.191 0.202 0.245 0.258 0.248 0.283 0.312 0.361 0.390 0.427 0.426 0.356 0.355 0.508 0.540 0.598 0.670 0.644 0.634 0.574 0.523 0.526 0.495 0.491 0.394 0.441 0.536 0.630 0.627 0.676 0.739 0.732 0.708 0.749 0.703 0.707 0.657 0.667 0.621 0.622 0.602 0.611 0.632 0.564 0.548 0.576 0.557 0.566 0.563 0.608 0.612 0.538 0.505 0.537 0.636 0.746 0.792 0.879 0.870 0.872 0.847 0.796 0.788 0.672 0.713 0.749 0.614
>9liw
0.946 0.952 0.942 0.939 0.920 0.879 0.923 0.923 0.923 0.907 0.835 0.834 0.806 0.743 0.685 0.624 0.607 0.569 0.500 0.463 0.461 0.419 0.292 0.313 0.257 0.281 0.245 0.230 0.242 0.243 0.273 0.271 0.292 0.279 0.279 0.246 0.225 0.168 0.174 0.166 0.165 0.174 0.192 0.191 0.202 0.245 0.258 0.248 0.283 0.312 0.361 0.390 0.427 0.426 0.356 0.355 0.508 0.540 0.598 0.670 0.644 0.634 0.574 0.523 0.526 0.495 0.491 0.394 0.441 0.536 0.630 0.627 0.676 0.739 0.732 0.708 0.749 0.703 0.707 0.657 0.667 0.621 0.622 0.602 0.611 0.632 0.564 0.548 0.576 0.557 0.566 0.563 0.608 0.612 0.538 0.505 0.537 0.636 0.746 0.792 0.879 0.870 0.872 0.847 0.796 0.788 0.672 0.713 0.749 0.614
>9lix
0.894 0.922 0.917 0.914 0.873 0.868 0.904 0.897 0.886 0.837 0.715 0.698 0.676 0.615 0.567 0.464 0.526 0.507 0.484 0.399 0.296 0.224 0.193 0.188 0.144 0.151 0.131 0.115 0.120 0.116 0.132 0.127 0.133 0.120 0.124 0.112 0.099 0.085 0.076 0.065 0.060 0.062 0.068 0.062 0.063 0.069 0.074 0.074 0.091 0.097 0.097 0.094 0.106 0.103 0.098 0.106 0.112 0.138 0.130 0.143 0.135 0.134 0.125 0.127 0.118 0.109 0.096 0.091 0.108 0.125 0.133 0.149 0.149 0.147 0.139 0.144 0.139 0.120 0.126 0.112 0.119 0.138 0.119 0.133 0.160 0.158 0.154 0.155 0.172 0.145 0.134 0.140 0.130 0.111 0.103 0.080 0.076 0.070 0.079 0.099 0.132 0.134 0.157 0.174 0.180 0.172 0.154 0.150 0.159 0.156 0.136 0.143 0.152 0.193 0.185 0.167 0.188 0.192 0.194 0.217 0.344 0.396 0.415 0.471 0.517 0.528 0.536 0.458 0.423 0.354 0.311 0.279 0.275 0.275 0.244 0.208 0.212 0.259 0.301 0.388 0.443 0.446 0.423 0.461 0.463 0.434 0.453 0.458 0.439 0.481 0.420 0.404
>9liy
0.894 0.922 0.917 0.914 0.873 0.868 0.904 0.897 0.886 0.837 0.715 0.698 0.676 0.615 0.567 0.464 0.526 0.507 0.484 0.399 0.296 0.224 0.193 0.188 0.144 0.151 0.131 0.115 0.120 0.116 0.132 0.127 0.133 0.120 0.124 0.112 0.099 0.085 0.076 0.065 0.060 0.062 0.068 0.062 0.063 0.069 0.074 0.074 0.091 0.097 0.097 0.094 0.106 0.103 0.098 0.106 0.112 0.138 0.130 0.143 0.135 0.134 0.125 0.127 0.118 0.109 0.096 0.091 0.108 0.125 0.133 0.149 0.149 0.147 0.139 0.144 0.139 0.120 0.126 0.112 0.119 0.138 0.119 0.133 0.160 0.158 0.154 0.155 0.172 0.145 0.134 0.140 0.130 0.111 0.103 0.080 0.076 0.070 0.079 0.099 0.132 0.134 0.157 0.174 0.180 0.172 0.154 0.150 0.159 0.156 0.136 0.143 0.152 0.193 0.185 0.167 0.188 0.192 0.194 0.217 0.344 0.396 0.415 0.471 0.517 0.528 0.536 0.458 0.423 0.354 0.311 0.279 0.275 0.275 0.244 0.208 0.212 0.259 0.301 0.388 0.443 0.446 0.423 0.461 0.463 0.434 0.453 0.458 0.439 0.481 0.420 0.404
>9lj0
0.833 0.860 0.854 0.877 0.843 0.818 0.884 0.900 0.893 0.895 0.807 0.804 0.794 0.733 0.705 0.536 0.480 0.462 0.351 0.340 0.347 0.291 0.207 0.206 0.192 0.196 0.198 0.200 0.197 0.199 0.198 0.179 0.194 0.176 0.183 0.154 0.141 0.123 0.127 0.118 0.109 0.114 0.125 0.118 0.121 0.145 0.148 0.158 0.210 0.221 0.277 0.303 0.291 0.275 0.252 0.262 0.266 0.273 0.269 0.338 0.359 0.364 0.351 0.298 0.278 0.325 0.288 0.275 0.286 0.415 0.446 0.488 0.510 0.499 0.464 0.397 0.386 0.354 0.361 0.314 0.301 0.306 0.307 0.301 0.226 0.208 0.181 0.199 0.167 0.155 0.124 0.141 0.140 0.118 0.116 0.097 0.093 0.103 0.102 0.117 0.119 0.134 0.160 0.208 0.228 0.232 0.236 0.253 0.289 0.289 0.329 0.291 0.322 0.390 0.441 0.485 0.517 0.557 0.614 0.602 0.673 0.676 0.828 0.843 0.877 0.907 0.932 0.929 0.934
>9lja
0.278 0.349 0.468 0.565 0.467 0.487 0.472 0.550 0.545 0.508 0.357 0.265 0.343 0.220 0.210 0.210 0.159 0.174 0.185 0.183 0.187 0.180 0.144 0.127 0.124 0.120 0.101 0.092 0.103 0.102 0.119 0.127 0.143 0.131 0.133 0.120 0.111 0.096 0.094 0.085 0.079 0.086 0.088 0.088 0.089 0.094 0.102 0.111 0.132 0.186 0.262 0.330 0.319 0.322 0.268 0.216 0.252 0.264 0.274 0.295 0.283 0.290 0.289 0.278 0.284 0.288 0.284 0.306 0.332 0.443 0.434 0.465 0.387 0.438 0.444 0.437 0.412 0.363 0.353 0.339 0.336 0.336 0.352 0.308 0.301 0.202 0.182 0.176 0.148 0.127 0.120 0.106 0.131 0.137 0.131 0.146 0.129 0.129 0.126 0.094 0.093 0.088 0.126 0.135 0.175 0.188 0.234 0.166 0.222 0.259 0.337 0.329 0.303 0.368 0.445 0.491 0.491 0.433 0.449 0.572 0.549 0.608 0.693 0.811 0.818 0.860 0.892 0.910 0.899 0.921 0.925
>9ljb
0.278 0.349 0.468 0.565 0.467 0.487 0.472 0.550 0.545 0.508 0.357 0.265 0.343 0.220 0.210 0.210 0.159 0.174 0.185 0.183 0.187 0.180 0.144 0.127 0.124 0.120 0.101 0.092 0.103 0.102 0.119 0.127 0.143 0.131 0.133 0.120 0.111 0.096 0.094 0.085 0.079 0.086 0.088 0.088 0.089 0.094 0.102 0.111 0.132 0.186 0.262 0.330 0.319 0.322 0.268 0.216 0.252 0.264 0.274 0.295 0.283 0.290 0.289 0.278 0.284 0.288 0.284 0.306 0.332 0.443 0.434 0.465 0.387 0.438 0.444 0.437 0.412 0.363 0.353 0.339 0.336 0.336 0.352 0.308 0.301 0.202 0.182 0.176 0.148 0.127 0.120 0.106 0.131 0.137 0.131 0.146 0.129 0.129 0.126 0.094 0.093 0.088 0.126 0.135 0.175 0.188 0.234 0.166 0.222 0.259 0.337 0.329 0.303 0.368 0.445 0.491 0.491 0.433 0.449 0.572 0.549 0.608 0.693 0.811 0.818 0.860 0.892 0.910 0.899 0.921 0.925
>9ljc
0.426 0.973 0.966 0.966 0.958 0.943 0.947 0.950 0.954 0.944 0.929 0.921 0.916 0.446 0.371 0.329 0.304 0.255 0.216 0.201 0.268 0.275 0.188 0.196 0.153 0.149 0.124 0.150 0.314 0.286 0.272 0.227 0.240 0.241 0.252 0.219 0.189 0.199 0.205 0.201 0.206 0.213 0.208 0.209 0.205 0.209 0.274 0.290 0.469 0.582 0.684 0.688 0.733 0.768 0.817 0.829 0.819 0.826 0.823 0.872 0.870 0.849 0.795 0.750 0.686 0.700 0.642 0.577 0.738 0.742 0.870 0.846 0.795 0.761 0.781 0.783 0.732 0.712 0.783 0.778 0.766 0.774 0.754 0.763 0.803 0.776 0.795 0.834 0.824 0.810 0.826 0.860 0.892 0.913 0.916 0.905 0.909 0.921 0.913 0.926 0.934 0.936 0.937 0.951 0.950 0.959 0.958 0.959 0.963 0.951 0.955 0.953 0.948 0.921 0.900 0.900 0.903 0.914 0.923 0.919 0.928 0.938 0.944 0.953 0.956 0.960 0.955 0.959 0.971
>9lon
0.509 0.778 0.770 0.778 0.795 0.751 0.800 0.828 0.814 0.817 0.814 0.737 0.722 0.668 0.634 0.686 0.634 0.653 0.653 0.668 0.673 0.633 0.595 0.716 0.642 0.603 0.597 0.550 0.577 0.610 0.638 0.754 0.786 0.777 0.725 0.685 0.653 0.800 0.695 0.825 0.848 0.804 0.751 0.816 0.802 0.752 0.746 0.725 0.724 0.753 0.794 0.730 0.716 0.724 0.663 0.613 0.595 0.516 0.466 0.491 0.516 0.554 0.603 0.610 0.615 0.643 0.619 0.617 0.620 0.633 0.622 0.611 0.671 0.679 0.672 0.666 0.661 0.662 0.674 0.715 0.737 0.747 0.759 0.787 0.808 0.840 0.845 0.867 0.876 0.877 0.910 0.914 0.923 0.932 0.934 0.936 0.937 0.939 0.930 0.910 0.895 0.889 0.876 0.909 0.919 0.919 0.914 0.929 0.938 0.933 0.945 0.944 0.949 0.954 0.958 0.959 0.961 0.957 0.954 0.957 0.954 0.954 0.954 0.955 0.950 0.949 0.950 0.959 0.965 0.974 0.975 0.978 0.970 0.975 0.984 0.969 0.956 0.956 0.966 0.003
>9m5k
0.509 0.733 0.748 0.762 0.780 0.724 0.777 0.813 0.789 0.790 0.782 0.729 0.727 0.669 0.662 0.706 0.675 0.677 0.680 0.703 0.699 0.662 0.615 0.743 0.664 0.603 0.598 0.565 0.592 0.637 0.700 0.792 0.842 0.838 0.746 0.779 0.819 0.887 0.872 0.889 0.898 0.866 0.833 0.880 0.849 0.837 0.846 0.832 0.850 0.831 0.862 0.795 0.765 0.749 0.691 0.660 0.654 0.574 0.519 0.545 0.566 0.592 0.624 0.637 0.652 0.681 0.669 0.683 0.684 0.665 0.651 0.674 0.695 0.700 0.707 0.688 0.675 0.679 0.715 0.779 0.805 0.807 0.804 0.833 0.845 0.874 0.885 0.896 0.895 0.892 0.920 0.921 0.929 0.935 0.938 0.942 0.943 0.943 0.938 0.926 0.915 0.917 0.933 0.954 0.954 0.952 0.945 0.948 0.952 0.947 0.955 0.952 0.956 0.961 0.964 0.964 0.965 0.962 0.960 0.963 0.961 0.961 0.960 0.959 0.957 0.955 0.956 0.960 0.962 0.968 0.971 0.969 0.962 0.972 0.978 0.960 0.960 0.959 0.966 0.006
>9m5l
0.509 0.733 0.748 0.762 0.780 0.724 0.777 0.813 0.789 0.790 0.782 0.729 0.727 0.669 0.662 0.706 0.675 0.677 0.680 0.703 0.699 0.662 0.615 0.743 0.664 0.603 0.598 0.565 0.592 0.637 0.700 0.792 0.842 0.838 0.746 0.779 0.819 0.887 0.872 0.889 0.898 0.866 0.833 0.880 0.849 0.837 0.846 0.832 0.850 0.831 0.862 0.795 0.765 0.749 0.691 0.660 0.654 0.574 0.519 0.545 0.566 0.592 0.624 0.637 0.652 0.681 0.669 0.683 0.684 0.665 0.651 0.674 0.695 0.700 0.707 0.688 0.675 0.679 0.715 0.779 0.805 0.807 0.804 0.833 0.845 0.874 0.885 0.896 0.895 0.892 0.920 0.921 0.929 0.935 0.938 0.942 0.943 0.943 0.938 0.926 0.915 0.917 0.933 0.954 0.954 0.952 0.945 0.948 0.952 0.947 0.955 0.952 0.956 0.961 0.964 0.964 0.965 0.962 0.960 0.963 0.961 0.961 0.960 0.959 0.957 0.955 0.956 0.960 0.962 0.968 0.971 0.969 0.962 0.972 0.978 0.960 0.960 0.959 0.966 0.006
>9m5p
0.709 0.780 0.758 0.789 0.750 0.742 0.739 0.740 0.724 0.690 0.663 0.634 0.627 0.619 0.615 0.608 0.579 0.534 0.511 0.464 0.458 0.414 0.463 0.448 0.503 0.546 0.471 0.471 0.501 0.541 0.516 0.522 0.546 0.547 0.524 0.515 0.484 0.450 0.411 0.471
>9m5q
0.709 0.780 0.758 0.789 0.750 0.742 0.739 0.740 0.724 0.690 0.663 0.634 0.627 0.619 0.615 0.608 0.579 0.534 0.511 0.464 0.458 0.414 0.463 0.448 0.503 0.546 0.471 0.471 0.501 0.541 0.516 0.522 0.546 0.547 0.524 0.515 0.484 0.450 0.411 0.471
>9m5r
0.709 0.780 0.758 0.789 0.750 0.742 0.739 0.740 0.724 0.690 0.663 0.634 0.627 0.619 0.615 0.608 0.579 0.534 0.511 0.464 0.458 0.414 0.463 0.448 0.503 0.546 0.471 0.471 0.501 0.541 0.516 0.522 0.546 0.547 0.524 0.515 0.484 0.450 0.411 0.471
>9m6m
0.588 0.579 0.556 0.536 0.575 0.548 0.567 0.549 0.576 0.638 0.618 0.604 0.633 0.765 0.805 0.617 0.736 0.929 0.602 0.922 0.480 0.366 0.301 0.349 0.318
>9mc2
0.955 0.958 0.960 0.965 0.965 0.969 0.967 0.966 0.962 0.963 0.964 0.962 0.963 0.958 0.942 0.950 0.941 0.942 0.947 0.939 0.919 0.928 0.931 0.931 0.927 0.912 0.892 0.858 0.814 0.804 0.818 0.822 0.779 0.762 0.798 0.738 0.740 0.742 0.725 0.640 0.647 0.689 0.610 0.512 0.555 0.555 0.536 0.603 0.654 0.674 0.660 0.632 0.729 0.688 0.755 0.699 0.647 0.671 0.638 0.601 0.537 0.514 0.421 0.466 0.511 0.504 0.436 0.409 0.424 0.427 0.426 0.427 0.401 0.401 0.390 0.395 0.409 0.478 0.477 0.490 0.523 0.522 0.539 0.555 0.571 0.588 0.636 0.701 0.710 0.768 0.819 0.821 0.844 0.820 0.811 0.841 0.805 0.821 0.827 0.837 0.853 0.899 0.886 0.878 0.841 0.829 0.841 0.813 0.793 0.792 0.813 0.830 0.832 0.850 0.879 0.928 0.937 0.945 0.949 0.956 0.962 0.965 0.970 0.971 0.967 0.970 0.967 0.968 0.974
>9mr8
0.739 0.905 0.912 0.879 0.908 0.910 0.877 0.844 0.885 0.875 0.833 0.844 0.857 0.787 0.733 0.752 0.681 0.699 0.774 0.785 0.814 0.841 0.815 0.855 0.847 0.876 0.865 0.904 0.865 0.829 0.792 0.794 0.767 0.732 0.731 0.725 0.621 0.671 0.588 0.612 0.600 0.593 0.555 0.510 0.542 0.561 0.599 0.609 0.631 0.670 0.718 0.780 0.840 0.787 0.863 0.878 0.876 0.896 0.909 0.911 0.926 0.930 0.943 0.936 0.922 0.912 0.909 0.903 0.888 0.886 0.892 0.879 0.879 0.856 0.828 0.805 0.796 0.794 0.770 0.734 0.721 0.719 0.695 0.683 0.680 0.729 0.776 0.761 0.816 0.867
>9nnn
0.820 0.736 0.686 0.646 0.566 0.527 0.427 0.383 0.412 0.405 0.353 0.333 0.290 0.227 0.173 0.153 0.141 0.112 0.087 0.073 0.067 0.051 0.058 0.063 0.061 0.064 0.079 0.082 0.095 0.103 0.114 0.136 0.144 0.139 0.134 0.136 0.141 0.156 0.183 0.203 0.211 0.271 0.311 0.327 0.345 0.363 0.350 0.361 0.395 0.392 0.394 0.395 0.396 0.391 0.407 0.408 0.426 0.388 0.394 0.368 0.334 0.275 0.267 0.239 0.258 0.227 0.226 0.214 0.210 0.208 0.210 0.211 0.207 0.192 0.186 0.179 0.177 0.203 0.178 0.175 0.174 0.160 0.142 0.117 0.114 0.105 0.094 0.097 0.102 0.100 0.117 0.112 0.107 0.108 0.092 0.084 0.085 0.078 0.071 0.066 0.058 0.053 0.053 0.050 0.048 0.059 0.068 0.084 0.093 0.090 0.085 0.080 0.073 0.076 0.091 0.113 0.109 0.114 0.140 0.163 0.161 0.169 0.186 0.200 0.236 0.298 0.300
>9non
0.524 0.527 0.486 0.484 0.508 0.541 0.535 0.540 0.504 0.515 0.511 0.364 0.333 0.352 0.364 0.413 0.405 0.418 0.464 0.481 0.527 0.545 0.568 0.543 0.534 0.453 0.454 0.386 0.348 0.354 0.417 0.418 0.345 0.327 0.319 0.336 0.359 0.311 0.296 0.327 0.309 0.282 0.212 0.216 0.186 0.183 0.178 0.152 0.166 0.190 0.246 0.343 0.367 0.350 0.455 0.443 0.389 0.383 0.331 0.352 0.401 0.408 0.426 0.428 0.466 0.461 0.478 0.454 0.454 0.453 0.360 0.356 0.288 0.243 0.235 0.215 0.182 0.181 0.148 0.157 0.173 0.192 0.204 0.219 0.216 0.233 0.256 0.290 0.300 0.337 0.269 0.197 0.206 0.247 0.245 0.233 0.254 0.288 0.308 0.331 0.332 0.339 0.436 0.476 0.481 0.412 0.518 0.428 0.450 0.411 0.383 0.373 0.343 0.345 0.372 0.382 0.358 0.355 0.401 0.542 0.550 0.693 0.515 0.594 0.590 0.940 0.357 0.243 0.441 0.145 0.142 0.112 0.168
>9nqd
0.947 0.951 0.954 0.959 0.963 0.966 0.964 0.965 0.967 0.970 0.970 0.971 0.969 0.971 0.971 0.973 0.973 0.972 0.970 0.968 0.966 0.966 0.966 0.964 0.964 0.963 0.963 0.962 0.960 0.958 0.958 0.959 0.959 0.962 0.964 0.965 0.968 0.969 0.969 0.969 0.971 0.972 0.972 0.972 0.972 0.972 0.974 0.973 0.974 0.972 0.972 0.973 0.971 0.973 0.971 0.970 0.972 0.971 0.969 0.968 0.969 0.968 0.966 0.964 0.960 0.959 0.957 0.953 0.953 0.955 0.955 0.958 0.955 0.949 0.940 0.931 0.929 0.927 0.929 0.914 0.902 0.906 0.920 0.912 0.925 0.920 0.914 0.905 0.904 0.903 0.898 0.899 0.894 0.910 0.916 0.925 0.930 0.943 0.941 0.934 0.940 0.948 0.951 0.953 0.959 0.959 0.960 0.961 0.965 0.971 0.973 0.973 0.975 0.975 0.976 0.975 0.972 0.971 0.970 0.968 0.969 0.967 0.969 0.971 0.975 0.977 0.979 0.976 0.975 0.972 0.967 0.958 0.949 0.945 0.959 0.947 0.943 0.685 0.700 0.745 0.791 0.750 0.735 0.672 0.676 0.400 0.266 0.455 0.408 0.426 0.380 0.382 0.577 0.685 0.829 0.839 0.762 0.367 0.330 0.365 0.402 0.246 0.272 0.295 0.388 0.622 0.663 0.687 0.730 0.709 0.796 0.804 0.878 0.876 0.929 0.952 0.949 0.957 0.957 0.959 0.962 0.964 0.965 0.967 0.972 0.972 0.976 0.976 0.975 0.975 0.974 0.972 0.972 0.972 0.973 0.970 0.970 0.969 0.967 0.967 0.967 0.962 0.957 0.954 0.952 0.950 0.941 0.934 0.933 0.921 0.904 0.867 0.844 0.806 0.785 0.867 0.887 0.866 0.875 0.335 0.441 0.537 0.703 0.818 0.925 0.925
>9o4b
0.509 0.733 0.748 0.762 0.780 0.724 0.777 0.813 0.789 0.790 0.782 0.729 0.727 0.669 0.662 0.706 0.675 0.677 0.680 0.703 0.699 0.662 0.615 0.743 0.664 0.603 0.598 0.565 0.592 0.637 0.700 0.792 0.842 0.838 0.746 0.779 0.819 0.887 0.872 0.889 0.898 0.866 0.833 0.880 0.849 0.837 0.846 0.832 0.850 0.831 0.862 0.795 0.765 0.749 0.691 0.660 0.654 0.574 0.519 0.545 0.566 0.592 0.624 0.637 0.652 0.681 0.669 0.683 0.684 0.665 0.651 0.674 0.695 0.700 0.707 0.688 0.675 0.679 0.715 0.779 0.805 0.807 0.804 0.833 0.845 0.874 0.885 0.896 0.895 0.892 0.920 0.921 0.929 0.935 0.938 0.942 0.943 0.943 0.938 0.926 0.915 0.917 0.933 0.954 0.954 0.952 0.945 0.948 0.952 0.947 0.955 0.952 0.956 0.961 0.964 0.964 0.965 0.962 0.960 0.963 0.961 0.961 0.960 0.959 0.957 0.955 0.956 0.960 0.962 0.968 0.971 0.969 0.962 0.972 0.978 0.960 0.960 0.959 0.966 0.006
>9o6v
0.476 0.665 0.625 0.664 0.705 0.732 0.716 0.773 0.689 0.691 0.617 0.618 0.602 0.640 0.715 0.768 0.813 0.840 0.864 0.852 0.867 0.886 0.897 0.892 0.914 0.924 0.934 0.935 0.934 0.925 0.916 0.914 0.905 0.896 0.900 0.890 0.880 0.878 0.861 0.848 0.844 0.836 0.830 0.825 0.804 0.797 0.787 0.788 0.782 0.807 0.811 0.833 0.848 0.863 0.873 0.852 0.854 0.851 0.862 0.874 0.881 0.898 0.905 0.892 0.900 0.904 0.909 0.912 0.903 0.911 0.921 0.918 0.918 0.900 0.923
>9o6w
0.476 0.665 0.625 0.664 0.705 0.732 0.716 0.773 0.689 0.691 0.617 0.618 0.602 0.640 0.715 0.768 0.813 0.840 0.864 0.852 0.867 0.886 0.897 0.892 0.914 0.924 0.934 0.935 0.934 0.925 0.916 0.914 0.905 0.896 0.900 0.890 0.880 0.878 0.861 0.848 0.844 0.836 0.830 0.825 0.804 0.797 0.787 0.788 0.782 0.807 0.811 0.833 0.848 0.863 0.873 0.852 0.854 0.851 0.862 0.874 0.881 0.898 0.905 0.892 0.900 0.904 0.909 0.912 0.903 0.911 0.921 0.918 0.918 0.900 0.923
>9o6x
0.476 0.665 0.625 0.664 0.705 0.732 0.716 0.773 0.689 0.691 0.617 0.618 0.602 0.640 0.715 0.768 0.813 0.840 0.864 0.852 0.867 0.886 0.897 0.892 0.914 0.924 0.934 0.935 0.934 0.925 0.916 0.914 0.905 0.896 0.900 0.890 0.880 0.878 0.861 0.848 0.844 0.836 0.830 0.825 0.804 0.797 0.787 0.788 0.782 0.807 0.811 0.833 0.848 0.863 0.873 0.852 0.854 0.851 0.862 0.874 0.881 0.898 0.905 0.892 0.900 0.904 0.909 0.912 0.903 0.911 0.921 0.918 0.918 0.900 0.923
>9o6y
0.476 0.665 0.625 0.664 0.705 0.732 0.716 0.773 0.689 0.691 0.617 0.618 0.602 0.640 0.715 0.768 0.813 0.840 0.864 0.852 0.867 0.886 0.897 0.892 0.914 0.924 0.934 0.935 0.934 0.925 0.916 0.914 0.905 0.896 0.900 0.890 0.880 0.878 0.861 0.848 0.844 0.836 0.830 0.825 0.804 0.797 0.787 0.788 0.782 0.807 0.811 0.833 0.848 0.863 0.873 0.852 0.854 0.851 0.862 0.874 0.881 0.898 0.905 0.892 0.900 0.904 0.909 0.912 0.903 0.911 0.921 0.918 0.918 0.900 0.923
>9o6z
0.476 0.665 0.625 0.664 0.705 0.732 0.716 0.773 0.689 0.691 0.617 0.618 0.602 0.640 0.715 0.768 0.813 0.840 0.864 0.852 0.867 0.886 0.897 0.892 0.914 0.924 0.934 0.935 0.934 0.925 0.916 0.914 0.905 0.896 0.900 0.890 0.880 0.878 0.861 0.848 0.844 0.836 0.830 0.825 0.804 0.797 0.787 0.788 0.782 0.807 0.811 0.833 0.848 0.863 0.873 0.852 0.854 0.851 0.862 0.874 0.881 0.898 0.905 0.892 0.900 0.904 0.909 0.912 0.903 0.911 0.921 0.918 0.918 0.900 0.923
>9o76
0.476 0.665 0.625 0.664 0.705 0.732 0.716 0.773 0.689 0.691 0.617 0.618 0.602 0.640 0.715 0.768 0.813 0.840 0.864 0.852 0.867 0.886 0.897 0.892 0.914 0.924 0.934 0.935 0.934 0.925 0.916 0.914 0.905 0.896 0.900 0.890 0.880 0.878 0.861 0.848 0.844 0.836 0.830 0.825 0.804 0.797 0.787 0.788 0.782 0.807 0.811 0.833 0.848 0.863 0.873 0.852 0.854 0.851 0.862 0.874 0.881 0.898 0.905 0.892 0.900 0.904 0.909 0.912 0.903 0.911 0.921 0.918 0.918 0.900 0.923
>9o79
0.476 0.665 0.625 0.664 0.705 0.732 0.716 0.773 0.689 0.691 0.617 0.618 0.602 0.640 0.715 0.768 0.813 0.840 0.864 0.852 0.867 0.886 0.897 0.892 0.914 0.924 0.934 0.935 0.934 0.925 0.916 0.914 0.905 0.896 0.900 0.890 0.880 0.878 0.861 0.848 0.844 0.836 0.830 0.825 0.804 0.797 0.787 0.788 0.782 0.807 0.811 0.833 0.848 0.863 0.873 0.852 0.854 0.851 0.862 0.874 0.881 0.898 0.905 0.892 0.900 0.904 0.909 0.912 0.903 0.911 0.921 0.918 0.918 0.900 0.923
>9o7b
0.476 0.665 0.625 0.664 0.705 0.732 0.716 0.773 0.689 0.691 0.617 0.618 0.602 0.640 0.715 0.768 0.813 0.840 0.864 0.852 0.867 0.886 0.897 0.892 0.914 0.924 0.934 0.935 0.934 0.925 0.916 0.914 0.905 0.896 0.900 0.890 0.880 0.878 0.861 0.848 0.844 0.836 0.830 0.825 0.804 0.797 0.787 0.788 0.782 0.807 0.811 0.833 0.848 0.863 0.873 0.852 0.854 0.851 0.862 0.874 0.881 0.898 0.905 0.892 0.900 0.904 0.909 0.912 0.903 0.911 0.921 0.918 0.918 0.900 0.923
>9o7c
0.476 0.665 0.625 0.664 0.705 0.732 0.716 0.773 0.689 0.691 0.617 0.618 0.602 0.640 0.715 0.768 0.813 0.840 0.864 0.852 0.867 0.886 0.897 0.892 0.914 0.924 0.934 0.935 0.934 0.925 0.916 0.914 0.905 0.896 0.900 0.890 0.880 0.878 0.861 0.848 0.844 0.836 0.830 0.825 0.804 0.797 0.787 0.788 0.782 0.807 0.811 0.833 0.848 0.863 0.873 0.852 0.854 0.851 0.862 0.874 0.881 0.898 0.905 0.892 0.900 0.904 0.909 0.912 0.903 0.911 0.921 0.918 0.918 0.900 0.923
>9o7j
0.791 0.749 0.500 0.457 0.405
>9o7k
0.791 0.749 0.500 0.457 0.405
>9o7l
0.791 0.749 0.500 0.457 0.405
>9o8e
0.921 0.918 0.934 0.933 0.928 0.928 0.936 0.934 0.937 0.940 0.941 0.946 0.944 0.944 0.949 0.953 0.955 0.955 0.954 0.953 0.956 0.955 0.961 0.963 0.968 0.967 0.971 0.971 0.973 0.975 0.975 0.977 0.977 0.979 0.980 0.979 0.979 0.979 0.979 0.979 0.980 0.981 0.981 0.982 0.982 0.983 0.983 0.983 0.983 0.983 0.983 0.983 0.983 0.983 0.983 0.983 0.983 0.982 0.983 0.983 0.983 0.983 0.983 0.983 0.983 0.983 0.983 0.983 0.983 0.983 0.983 0.983 0.983 0.984 0.983 0.983 0.984 0.984 0.984 0.984 0.984 0.984 0.984 0.984 0.984 0.984 0.984 0.984 0.984 0.984 0.984 0.984 0.984 0.984 0.984 0.983 0.984 0.984 0.984 0.983 0.983 0.982 0.982 0.982 0.982 0.982 0.981 0.982 0.981 0.981 0.982 0.981 0.982 0.981 0.981 0.981 0.981 0.980 0.980 0.981 0.980 0.980 0.980 0.980 0.980 0.981 0.980 0.980 0.981 0.981 0.980 0.981 0.981 0.981 0.981 0.981 0.982 0.982 0.982 0.982 0.983 0.983 0.983 0.984 0.984 0.985 0.985 0.985 0.985 0.985 0.985 0.985 0.985 0.985 0.985 0.985 0.985 0.985 0.985 0.985 0.985 0.985 0.986 0.985 0.986 0.986 0.986 0.985 0.985 0.985 0.985 0.985 0.986 0.986 0.985 0.985 0.985 0.985 0.985 0.985 0.985 0.985 0.985 0.985 0.985 0.985 0.985 0.985 0.985 0.985 0.985 0.985 0.985 0.985 0.986 0.986 0.985 0.985 0.985 0.985 0.985 0.986 0.986 0.986 0.985 0.985 0.985 0.985 0.986 0.985 0.985 0.985 0.985 0.985 0.985 0.985 0.985 0.984 0.984 0.984 0.984 0.984 0.984 0.984 0.984 0.983 0.983 0.983 0.983 0.983 0.983 0.983 0.982 0.982 0.982 0.983 0.983 0.981 0.981 0.981 0.980 0.979 0.979 0.978 0.978 0.978 0.977 0.977 0.978 0.977 0.977 0.977 0.976 0.976 0.974 0.973 0.973 0.969 0.965 0.963 0.964 0.963 0.963 0.959 0.946 0.938 0.929 0.892 0.908 0.918 0.900 0.879 0.907 0.907 0.902 0.903 0.897 0.911 0.941 0.954 0.954 0.951 0.953 0.953 0.955 0.953 0.948 0.951 0.943 0.941 0.956 0.957 0.948 0.954 0.938 0.943 0.919 0.941 0.933 0.918 0.915 0.905 0.907 0.888 0.832 0.770 0.941 0.945 0.947 0.957 0.940 0.925 0.811 0.898 0.496 0.689 0.302 0.479 0.512 0.750 0.918 0.915 0.928 0.941 0.901 0.904 0.913 0.926 0.944 0.950 0.949 0.944 0.945 0.950 0.938 0.927 0.812 0.744 0.690 0.672 0.575 0.608 0.581 0.516 0.551 0.532 0.513 0.565 0.611 0.736 0.477 0.559 0.793 0.880 0.869 0.902 0.919 0.934 0.937 0.938 0.946 0.948 0.950 0.955 0.957 0.961 0.961 0.958 0.957 0.954 0.950 0.955 0.958 0.961 0.956 0.956 0.961 0.960 0.961 0.959 0.955 0.958 0.957 0.960 0.962 0.964 0.965 0.965 0.966 0.970 0.970 0.971 0.971 0.971 0.972 0.971 0.972 0.972 0.973 0.974 0.973 0.973 0.972 0.973 0.972 0.973 0.971 0.973 0.974 0.973 0.972 0.970 0.967 0.966 0.960 0.952 0.941 0.932 0.919 0.910 0.908 0.912 0.896 0.867 0.843 0.831 0.827 0.836 0.854 0.852 0.852 0.841 0.831 0.831 0.831 0.827 0.841 0.855 0.872 0.869 0.869 0.900 0.900 0.910 0.918 0.920 0.916 0.923 0.941
>9o8h
0.921 0.918 0.934 0.933 0.928 0.928 0.936 0.934 0.937 0.940 0.941 0.946 0.944 0.944 0.949 0.953 0.955 0.955 0.954 0.953 0.956 0.955 0.961 0.963 0.968 0.967 0.971 0.971 0.973 0.975 0.975 0.977 0.977 0.979 0.980 0.979 0.979 0.979 0.979 0.979 0.980 0.981 0.981 0.982 0.982 0.983 0.983 0.983 0.983 0.983 0.983 0.983 0.983 0.983 0.983 0.983 0.983 0.982 0.983 0.983 0.983 0.983 0.983 0.983 0.983 0.983 0.983 0.983 0.983 0.983 0.983 0.983 0.983 0.984 0.983 0.983 0.984 0.984 0.984 0.984 0.984 0.984 0.984 0.984 0.984 0.984 0.984 0.984 0.984 0.984 0.984 0.984 0.984 0.984 0.984 0.983 0.984 0.984 0.984 0.983 0.983 0.982 0.982 0.982 0.982 0.982 0.981 0.982 0.981 0.981 0.982 0.981 0.982 0.981 0.981 0.981 0.981 0.980 0.980 0.981 0.980 0.980 0.980 0.980 0.980 0.981 0.980 0.980 0.981 0.981 0.980 0.981 0.981 0.981 0.981 0.981 0.982 0.982 0.982 0.982 0.983 0.983 0.983 0.984 0.984 0.985 0.985 0.985 0.985 0.985 0.985 0.985 0.985 0.985 0.985 0.985 0.985 0.985 0.985 0.985 0.985 0.985 0.986 0.985 0.986 0.986 0.986 0.985 0.985 0.985 0.985 0.985 0.986 0.986 0.985 0.985 0.985 0.985 0.985 0.985 0.985 0.985 0.985 0.985 0.985 0.985 0.985 0.985 0.985 0.985 0.985 0.985 0.985 0.985 0.986 0.986 0.985 0.985 0.985 0.985 0.985 0.986 0.986 0.986 0.985 0.985 0.985 0.985 0.986 0.985 0.985 0.985 0.985 0.985 0.985 0.985 0.985 0.984 0.984 0.984 0.984 0.984 0.984 0.984 0.984 0.983 0.983 0.983 0.983 0.983 0.983 0.983 0.982 0.982 0.982 0.983 0.983 0.981 0.981 0.981 0.980 0.979 0.979 0.978 0.978 0.978 0.977 0.977 0.978 0.977 0.977 0.977 0.976 0.976 0.974 0.973 0.973 0.969 0.965 0.963 0.964 0.963 0.963 0.959 0.946 0.938 0.929 0.892 0.908 0.918 0.900 0.879 0.907 0.907 0.902 0.903 0.897 0.911 0.941 0.954 0.954 0.951 0.953 0.953 0.955 0.953 0.948 0.951 0.943 0.941 0.956 0.957 0.948 0.954 0.938 0.943 0.919 0.941 0.933 0.918 0.915 0.905 0.907 0.888 0.832 0.770 0.941 0.945 0.947 0.957 0.940 0.925 0.811 0.898 0.496 0.689 0.302 0.479 0.512 0.750 0.918 0.915 0.928 0.941 0.901 0.904 0.913 0.926 0.944 0.950 0.949 0.944 0.945 0.950 0.938 0.927 0.812 0.744 0.690 0.672 0.575 0.608 0.581 0.516 0.551 0.532 0.513 0.565 0.611 0.736 0.477 0.559 0.793 0.880 0.869 0.902 0.919 0.934 0.937 0.938 0.946 0.948 0.950 0.955 0.957 0.961 0.961 0.958 0.957 0.954 0.950 0.955 0.958 0.961 0.956 0.956 0.961 0.960 0.961 0.959 0.955 0.958 0.957 0.960 0.962 0.964 0.965 0.965 0.966 0.970 0.970 0.971 0.971 0.971 0.972 0.971 0.972 0.972 0.973 0.974 0.973 0.973 0.972 0.973 0.972 0.973 0.971 0.973 0.974 0.973 0.972 0.970 0.967 0.966 0.960 0.952 0.941 0.932 0.919 0.910 0.908 0.912 0.896 0.867 0.843 0.831 0.827 0.836 0.854 0.852 0.852 0.841 0.831 0.831 0.831 0.827 0.841 0.855 0.872 0.869 0.869 0.900 0.900 0.910 0.918 0.920 0.916 0.923 0.941
>9obk
0.509 0.525 0.516 0.489 0.450 0.438 0.441 0.426 0.364 0.382 0.354 0.368 0.511 0.326 0.292 0.339 0.355 0.376 0.312 0.289 0.226 0.291 0.405 0.418 0.455 0.435 0.431 0.422
>9obp
0.509 0.733 0.748 0.762 0.780 0.724 0.777 0.813 0.789 0.790 0.782 0.729 0.727 0.669 0.662 0.706 0.675 0.677 0.680 0.703 0.699 0.662 0.615 0.743 0.664 0.603 0.598 0.565 0.592 0.637 0.700 0.792 0.842 0.838 0.746 0.779 0.819 0.887 0.872 0.889 0.898 0.866 0.833 0.880 0.849 0.837 0.846 0.832 0.850 0.831 0.862 0.795 0.765 0.749 0.691 0.660 0.654 0.574 0.519 0.545 0.566 0.592 0.624 0.637 0.652 0.681 0.669 0.683 0.684 0.665 0.651 0.674 0.695 0.700 0.707 0.688 0.675 0.679 0.715 0.779 0.805 0.807 0.804 0.833 0.845 0.874 0.885 0.896 0.895 0.892 0.920 0.921 0.929 0.935 0.938 0.942 0.943 0.943 0.938 0.926 0.915 0.917 0.933 0.954 0.954 0.952 0.945 0.948 0.952 0.947 0.955 0.952 0.956 0.961 0.964 0.964 0.965 0.962 0.960 0.963 0.961 0.961 0.960 0.959 0.957 0.955 0.956 0.960 0.962 0.968 0.971 0.969 0.962 0.972 0.978 0.960 0.960 0.959 0.966 0.006
>9ofw
0.567 0.533 0.453 0.431 0.437 0.416 0.439 0.391 0.356 0.370 0.339 0.269 0.246 0.281 0.320
>9oka
0.880 0.974 0.968 0.967 0.962 0.948 0.951 0.950 0.957 0.945 0.922 0.911 0.909 0.550 0.517 0.526 0.486 0.464 0.423 0.374 0.435 0.496 0.366 0.355 0.329 0.355 0.258 0.345 0.426 0.450 0.422 0.393 0.400 0.382 0.434 0.410 0.322 0.306 0.286 0.283 0.285 0.308 0.334 0.307 0.380 0.454 0.556 0.555 0.631 0.698 0.743 0.813 0.806 0.843 0.887 0.897 0.902 0.898 0.897 0.913 0.919 0.907 0.895 0.892 0.889 0.881 0.873 0.827 0.871 0.881 0.910 0.891 0.911 0.909 0.924 0.899 0.891 0.896 0.891 0.885 0.896 0.884 0.873 0.856 0.852 0.814 0.823 0.877 0.863 0.854 0.858 0.846 0.861 0.872 0.880 0.863 0.861 0.865 0.897 0.923 0.931 0.932 0.938 0.948 0.948 0.951 0.952 0.951 0.942 0.943 0.944 0.943 0.944 0.939 0.926 0.924
>9oyo
0.972 0.973 0.974 0.977 0.977 0.978 0.979 0.979 0.980 0.981 0.981 0.982 0.981 0.982 0.983 0.983 0.984 0.984 0.984 0.985 0.985 0.985 0.986 0.985 0.986 0.986 0.986 0.986 0.986 0.985 0.985 0.985 0.985 0.985 0.984 0.984 0.984 0.983 0.983 0.983 0.982 0.981 0.979 0.978 0.976 0.976 0.973 0.970 0.967 0.966 0.966 0.966 0.968 0.968 0.969 0.971 0.971 0.971 0.972 0.972 0.974 0.979 0.981 0.981 0.982 0.982 0.983 0.983 0.983 0.982 0.983 0.982 0.981 0.982 0.983 0.983 0.983 0.983 0.985 0.985 0.985 0.984 0.983 0.983 0.982 0.982 0.981 0.982 0.982 0.982 0.981 0.980 0.982 0.976 0.974 0.972 0.970 0.970
>9oyq
0.970 0.972 0.973 0.976 0.977 0.978 0.980 0.980 0.980 0.981 0.982 0.982 0.982 0.982 0.984 0.984 0.984 0.984 0.984 0.985 0.985 0.985 0.986 0.985 0.986 0.986 0.986 0.986 0.986 0.985 0.985 0.985 0.985 0.985 0.984 0.984 0.984 0.983 0.983 0.982 0.981 0.980 0.978 0.978 0.975 0.975 0.971 0.968 0.966 0.964 0.964 0.963 0.966 0.966 0.967 0.969 0.970 0.970 0.971 0.971 0.973 0.979 0.980 0.981 0.982 0.982 0.982 0.983 0.984 0.983 0.983 0.982 0.982 0.982 0.984 0.983 0.983 0.983 0.985 0.985 0.985 0.984 0.984 0.983 0.983 0.982 0.982 0.982 0.982 0.982 0.981 0.980 0.982 0.976 0.974 0.972 0.970 0.970
>9oyr
0.980 0.981 0.982 0.982 0.983 0.983 0.984 0.983 0.983 0.983 0.983 0.984 0.984 0.984 0.984 0.985 0.985 0.985 0.985 0.986 0.986 0.986 0.986 0.986 0.986 0.986 0.986 0.986 0.986 0.986 0.986 0.986 0.986 0.986 0.986 0.986 0.986 0.986 0.986 0.986 0.986 0.986 0.985 0.985 0.984 0.983 0.983 0.982 0.980 0.978 0.976 0.976 0.973 0.971 0.969 0.966 0.967 0.966 0.966 0.968 0.969 0.967 0.971 0.972 0.974 0.973 0.975 0.974 0.976 0.977 0.978 0.979 0.982 0.982 0.982 0.983 0.982 0.984 0.984 0.984 0.984 0.984 0.985 0.984 0.984 0.985 0.984 0.983 0.982 0.983 0.981 0.981 0.980 0.979 0.979 0.978 0.977 0.977 0.977 0.978 0.979 0.979 0.979 0.982 0.979 0.978 0.978 0.981 0.977 0.976 0.977 0.974 0.973 0.976
>9oys
0.970 0.972 0.972 0.975 0.976 0.977 0.978 0.979 0.980 0.980 0.981 0.982 0.982 0.983 0.984 0.984 0.984 0.985 0.984 0.985 0.985 0.985 0.986 0.986 0.986 0.986 0.986 0.986 0.986 0.985 0.985 0.985 0.985 0.985 0.984 0.984 0.983 0.982 0.981 0.981 0.980 0.978 0.977 0.976 0.973 0.973 0.966 0.966 0.962 0.957 0.953 0.954 0.957 0.956 0.956 0.960 0.960 0.961 0.964 0.964 0.966 0.972 0.972 0.974 0.975 0.977 0.979 0.980 0.981 0.980 0.982 0.981 0.981 0.981 0.983 0.983 0.983 0.984 0.985 0.985 0.986 0.985 0.984 0.985 0.984 0.983 0.981 0.983 0.982 0.982 0.981 0.980 0.978 0.976 0.974 0.974 0.971 0.972
>9oyt
0.980 0.982 0.983 0.983 0.983 0.983 0.983 0.983 0.983 0.983 0.983 0.984 0.984 0.983 0.984 0.985 0.985 0.985 0.985 0.986 0.986 0.986 0.986 0.986 0.986 0.986 0.986 0.986 0.986 0.986 0.986 0.986 0.986 0.986 0.986 0.986 0.986 0.986 0.986 0.986 0.985 0.985 0.985 0.984 0.984 0.982 0.981 0.979 0.976 0.975 0.973 0.972 0.969 0.966 0.965 0.961 0.961 0.956 0.958 0.957 0.959 0.958 0.959 0.959 0.961 0.959 0.962 0.961 0.965 0.969 0.971 0.974 0.980 0.980 0.981 0.981 0.981 0.982 0.983 0.983 0.983 0.984 0.984 0.983 0.983 0.984 0.984 0.982 0.982 0.982 0.980 0.981 0.980 0.979 0.980 0.980 0.978 0.978 0.978 0.978 0.978 0.978 0.979 0.979 0.980 0.977 0.977 0.982 0.975 0.974 0.974 0.975 0.974 0.978
>9oyw
0.970 0.972 0.973 0.976 0.977 0.978 0.980 0.980 0.980 0.981 0.982 0.982 0.982 0.982 0.984 0.984 0.984 0.984 0.984 0.985 0.985 0.985 0.986 0.985 0.986 0.986 0.986 0.986 0.986 0.985 0.985 0.985 0.985 0.985 0.984 0.984 0.984 0.983 0.983 0.982 0.981 0.980 0.978 0.978 0.975 0.975 0.971 0.968 0.966 0.964 0.964 0.963 0.966 0.966 0.967 0.969 0.970 0.970 0.971 0.971 0.973 0.979 0.980 0.981 0.982 0.982 0.982 0.983 0.984 0.983 0.983 0.982 0.982 0.982 0.984 0.983 0.983 0.983 0.985 0.985 0.985 0.984 0.984 0.983 0.983 0.982 0.982 0.982 0.982 0.982 0.981 0.980 0.982 0.976 0.974 0.972 0.970 0.970
>9pgo
0.921 0.918 0.934 0.933 0.928 0.928 0.936 0.934 0.937 0.940 0.941 0.946 0.944 0.944 0.949 0.953 0.955 0.955 0.954 0.953 0.956 0.955 0.961 0.963 0.968 0.967 0.971 0.972 0.974 0.975 0.976 0.979 0.978 0.980 0.980 0.979 0.979 0.979 0.979 0.979 0.980 0.981 0.981 0.982 0.982 0.983 0.983 0.983 0.983 0.983 0.983 0.983 0.983 0.983 0.983 0.983 0.983 0.982 0.983 0.983 0.983 0.984 0.983 0.983 0.983 0.983 0.983 0.983 0.983 0.983 0.983 0.983 0.983 0.983 0.983 0.983 0.983 0.983 0.984 0.983 0.984 0.983 0.984 0.984 0.984 0.984 0.983 0.984 0.983 0.983 0.984 0.984 0.984 0.984 0.984 0.984 0.984 0.984 0.984 0.984 0.983 0.983 0.983 0.983 0.983 0.983 0.983 0.983 0.983 0.983 0.984 0.984 0.984 0.983 0.983 0.983 0.983 0.982 0.982 0.983 0.982 0.981 0.981 0.980 0.980 0.981 0.980 0.980 0.980 0.979 0.979 0.979 0.979 0.979 0.979 0.979 0.979 0.980 0.981 0.981 0.981 0.982 0.983 0.983 0.983 0.984 0.985 0.985 0.985 0.984 0.984 0.984 0.984 0.984 0.984 0.984 0.984 0.984 0.985 0.985 0.985 0.985 0.985 0.985 0.985 0.985 0.985 0.985 0.985 0.984 0.984 0.983 0.983 0.982 0.982 0.982 0.981 0.980 0.979 0.979 0.979 0.978 0.977 0.976 0.977 0.977 0.979 0.980 0.980 0.981 0.981 0.982 0.982 0.982 0.981 0.981 0.981 0.981 0.982 0.981 0.982 0.982 0.983 0.984 0.984 0.984 0.985 0.985 0.985 0.985 0.985 0.985 0.985 0.985 0.986 0.985 0.985 0.984 0.984 0.985 0.984 0.984 0.984 0.984 0.984 0.984 0.984 0.983 0.983 0.984 0.984 0.984 0.985 0.985 0.985 0.985 0.985 0.985 0.985 0.985 0.986 0.986 0.985 0.985 0.985 0.985 0.985 0.985 0.984 0.984 0.984 0.984 0.983 0.984 0.983 0.983 0.982 0.982 0.981 0.981 0.981 0.980 0.980 0.979 0.979 0.978 0.977 0.976 0.977 0.977 0.976 0.975 0.975 0.975 0.974 0.974 0.974 0.973 0.973 0.974 0.975 0.976 0.977 0.977 0.978 0.978 0.978 0.978 0.978 0.978 0.978 0.977 0.977 0.976 0.976 0.976 0.974 0.974 0.974 0.973 0.974 0.972 0.972 0.972 0.971 0.970 0.969 0.971 0.971 0.973 0.974 0.973 0.975 0.976 0.975 0.977 0.977 0.978 0.978 0.977 0.979 0.980 0.979 0.978 0.979 0.980 0.982 0.982 0.983 0.983 0.985 0.984 0.985 0.984 0.984 0.984 0.984 0.984 0.984 0.983 0.983 0.983 0.983 0.983 0.983 0.983 0.983 0.983 0.984 0.984 0.984 0.984 0.985 0.985 0.985 0.985 0.985 0.985 0.986 0.985 0.984 0.985 0.984 0.984 0.984 0.984 0.985 0.985 0.985 0.985 0.985 0.985 0.985 0.984 0.984 0.984 0.983 0.983 0.982 0.982 0.982 0.982 0.982 0.982 0.982 0.982 0.982 0.981 0.982 0.982 0.982 0.982 0.983 0.982 0.983 0.983 0.983 0.983 0.983 0.982 0.983 0.983 0.984 0.984 0.983 0.983 0.983 0.982 0.982 0.981 0.980 0.981 0.981 0.980 0.980 0.979 0.978 0.978 0.977 0.979 0.979 0.979 0.978 0.979 0.979 0.979 0.979 0.979 0.979 0.980 0.979 0.979 0.979 0.979 0.980 0.978 0.978 0.978 0.978 0.978 0.978 0.978 0.978 0.978 0.977 0.978 0.978 0.979 0.979 0.979 0.980 0.980 0.980 0.980 0.980 0.981 0.982 0.982 0.983 0.983 0.984 0.984 0.984 0.985 0.985 0.985 0.985 0.985 0.986 0.986 0.986 0.986 0.985 0.986 0.986 0.986 0.986 0.985 0.986 0.986 0.986 0.986 0.986 0.986 0.986 0.986 0.986 0.986 0.986 0.986 0.986 0.986 0.986 0.986 0.985 0.985 0.985 0.984 0.985 0.985 0.984 0.984 0.985 0.985 0.984 0.985 0.985 0.985 0.985 0.985 0.985 0.986 0.985 0.985 0.985 0.985 0.985 0.985 0.986 0.986 0.986 0.986 0.986 0.985 0.985 0.986 0.985 0.985 0.985 0.985 0.985 0.985 0.985 0.985 0.985 0.984 0.984 0.984 0.984 0.984 0.984 0.984 0.983 0.984 0.983 0.983 0.983 0.983 0.983 0.983 0.982 0.982 0.983 0.983 0.981 0.981 0.981 0.980 0.979 0.979 0.978 0.978 0.978 0.977 0.977 0.978 0.977 0.977 0.977 0.976 0.976 0.974 0.973 0.973 0.969 0.965 0.963 0.964 0.963 0.963 0.959 0.946 0.938 0.929 0.892 0.908 0.918 0.900 0.879 0.907 0.907 0.902 0.903 0.897 0.911 0.941 0.954 0.954 0.951 0.953 0.953 0.955 0.953 0.948 0.951 0.943 0.941 0.956 0.957 0.948 0.954 0.938 0.943 0.919 0.941 0.933 0.918 0.915 0.905 0.907 0.888 0.832 0.770 0.941 0.945 0.947 0.957 0.940 0.925 0.811 0.898 0.496 0.689 0.302 0.479 0.512 0.750 0.918 0.915 0.928 0.941 0.901 0.904 0.913 0.926 0.944 0.950 0.949 0.944 0.945 0.950 0.938 0.927 0.812 0.744 0.690 0.672 0.575 0.627 0.603 0.532 0.570 0.553 0.558 0.560 0.475 0.590 0.407 0.446 0.645 0.775 0.802 0.853 0.883 0.906 0.912 0.921 0.934 0.938 0.942 0.946 0.949 0.957 0.956 0.953 0.954 0.952 0.950 0.953 0.957 0.959 0.952 0.952 0.958 0.957 0.958 0.954 0.948 0.952 0.950 0.954 0.957 0.958 0.959 0.963 0.962 0.966 0.968 0.968 0.968 0.969 0.969 0.969 0.965 0.968 0.970 0.973 0.972 0.971 0.971 0.971 0.970 0.971 0.971 0.971 0.972 0.974 0.972 0.971 0.968 0.969 0.966 0.960 0.953 0.944 0.939 0.932 0.932 0.935 0.923 0.900 0.877 0.859 0.847 0.866 0.900 0.889 0.887 0.869 0.853 0.819 0.820 0.795 0.766 0.819 0.828 0.808 0.807
>9pvy
0.509 0.557 0.549 0.524 0.549 0.586 0.549 0.476 0.419 0.409 0.343 0.332 0.321 0.280 0.257 0.234 0.210 0.188 0.185 0.180 0.183 0.181 0.179 0.186 0.200 0.187 0.170 0.183 0.172 0.192 0.179 0.204 0.204 0.213 0.218 0.225 0.233 0.257 0.236 0.268 0.264 0.241 0.258 0.239 0.220 0.206 0.215 0.236 0.194 0.194 0.270 0.282 0.262 0.261 0.277 0.278 0.273 0.269 0.276 0.272 0.261 0.279 0.287 0.282 0.283 0.309 0.317 0.312 0.348 0.376 0.367 0.378 0.398 0.456 0.433 0.444 0.453 0.456 0.435 0.460 0.481 0.472 0.458 0.486 0.504 0.486 0.499 0.510 0.498 0.477 0.463 0.475 0.454 0.449 0.471 0.481 0.459 0.439 0.452 0.442 0.424 0.440 0.431 0.366 0.329 0.380 0.401 0.331 0.353 0.394 0.402 0.358 0.388 0.415 0.400 0.423 0.465 0.479 0.470 0.475 0.485 0.484 0.481 0.486 0.497 0.473 0.476 0.477 0.478 0.480 0.453 0.474 0.440 0.411 0.449 0.480 0.419 0.401 0.426 0.442 0.378 0.374 0.367 0.365 0.328 0.346 0.342 0.325 0.312 0.335 0.337 0.314 0.321 0.339 0.323 0.294 0.313 0.333 0.284 0.245 0.306 0.302 0.257 0.280 0.279 0.273 0.249 0.254 0.277 0.239 0.243 0.314 0.335 0.319 0.345 0.380 0.358 0.290 0.309 0.359 0.307 0.286 0.334 0.340 0.299 0.308 0.328 0.327 0.301 0.343 0.362 0.338 0.328 0.381 0.364 0.333 0.333 0.335 0.326 0.298 0.306 0.318 0.285 0.286 0.308 0.309 0.300 0.275 0.314 0.307 0.268 0.279 0.297 0.271 0.272 0.297 0.304 0.255 0.253 0.270 0.264 0.207 0.217 0.245 0.236 0.216 0.247 0.256 0.255 0.265 0.280 0.288 0.274 0.290 0.324 0.307 0.308 0.336 0.343 0.321 0.350 0.372 0.419
>9pvz
0.509 0.557 0.549 0.524 0.549 0.586 0.549 0.476 0.419 0.409 0.343 0.332 0.321 0.280 0.257 0.234 0.210 0.188 0.185 0.180 0.183 0.181 0.179 0.186 0.200 0.187 0.170 0.183 0.172 0.192 0.179 0.204 0.204 0.213 0.218 0.225 0.233 0.257 0.236 0.268 0.264 0.241 0.258 0.239 0.220 0.206 0.215 0.236 0.194 0.194 0.270 0.282 0.262 0.261 0.277 0.278 0.273 0.269 0.276 0.272 0.261 0.279 0.287 0.282 0.283 0.309 0.317 0.312 0.348 0.376 0.367 0.378 0.398 0.456 0.433 0.444 0.453 0.456 0.435 0.460 0.481 0.472 0.458 0.486 0.504 0.486 0.499 0.510 0.498 0.477 0.463 0.475 0.454 0.449 0.471 0.481 0.459 0.439 0.452 0.442 0.424 0.440 0.431 0.366 0.329 0.380 0.401 0.331 0.353 0.394 0.402 0.358 0.388 0.415 0.400 0.423 0.465 0.479 0.470 0.475 0.485 0.484 0.481 0.486 0.497 0.473 0.476 0.477 0.478 0.480 0.453 0.474 0.440 0.411 0.449 0.480 0.419 0.401 0.426 0.442 0.378 0.374 0.367 0.365 0.328 0.346 0.342 0.325 0.312 0.335 0.337 0.314 0.321 0.339 0.323 0.294 0.313 0.333 0.284 0.245 0.306 0.302 0.257 0.280 0.279 0.273 0.249 0.254 0.277 0.239 0.243 0.314 0.335 0.319 0.345 0.380 0.358 0.290 0.309 0.359 0.307 0.286 0.334 0.340 0.299 0.308 0.328 0.327 0.301 0.343 0.362 0.338 0.328 0.381 0.364 0.333 0.333 0.335 0.326 0.298 0.306 0.318 0.285 0.286 0.308 0.309 0.300 0.275 0.314 0.307 0.268 0.279 0.297 0.271 0.272 0.297 0.304 0.255 0.253 0.270 0.264 0.207 0.217 0.245 0.236 0.216 0.247 0.256 0.255 0.265 0.280 0.288 0.274 0.290 0.324 0.307 0.308 0.336 0.343 0.321 0.350 0.372 0.419
>9pw3
0.509 0.557 0.549 0.524 0.549 0.586 0.549 0.476 0.419 0.409 0.343 0.332 0.321 0.280 0.257 0.234 0.210 0.188 0.185 0.180 0.183 0.181 0.179 0.186 0.200 0.187 0.170 0.183 0.172 0.192 0.179 0.204 0.204 0.213 0.218 0.225 0.233 0.257 0.236 0.268 0.264 0.241 0.258 0.239 0.220 0.206 0.215 0.236 0.194 0.194 0.270 0.282 0.262 0.261 0.277 0.278 0.273 0.269 0.276 0.272 0.261 0.279 0.287 0.282 0.283 0.309 0.317 0.312 0.348 0.376 0.367 0.378 0.398 0.456 0.433 0.444 0.453 0.456 0.435 0.460 0.481 0.472 0.458 0.486 0.504 0.486 0.499 0.510 0.498 0.477 0.463 0.475 0.454 0.449 0.471 0.481 0.459 0.439 0.452 0.442 0.424 0.440 0.431 0.366 0.329 0.380 0.401 0.331 0.353 0.394 0.402 0.358 0.388 0.415 0.400 0.423 0.465 0.479 0.470 0.475 0.485 0.484 0.481 0.486 0.497 0.473 0.476 0.477 0.478 0.480 0.453 0.474 0.440 0.411 0.449 0.480 0.419 0.401 0.426 0.442 0.378 0.374 0.367 0.365 0.328 0.346 0.342 0.325 0.312 0.335 0.337 0.314 0.321 0.339 0.323 0.294 0.313 0.333 0.284 0.245 0.306 0.302 0.257 0.280 0.279 0.273 0.249 0.254 0.277 0.239 0.243 0.314 0.335 0.319 0.345 0.380 0.358 0.290 0.309 0.359 0.307 0.286 0.334 0.340 0.299 0.308 0.328 0.327 0.301 0.343 0.362 0.338 0.328 0.381 0.364 0.333 0.333 0.335 0.326 0.298 0.306 0.318 0.285 0.286 0.308 0.309 0.300 0.275 0.314 0.307 0.268 0.279 0.297 0.271 0.272 0.297 0.304 0.255 0.253 0.270 0.264 0.207 0.217 0.245 0.236 0.216 0.247 0.256 0.255 0.265 0.280 0.288 0.274 0.290 0.324 0.307 0.308 0.336 0.343 0.321 0.350 0.372 0.419
>9px6
0.951 0.948 0.952 0.952 0.946 0.948 0.954 0.961 0.959 0.961 0.969 0.969 0.969 0.968 0.961 0.961 0.944 0.927 0.879 0.842 0.792 0.765 0.700 0.657 0.498 0.409 0.340 0.324 0.206 0.229 0.225 0.225 0.200 0.170 0.144 0.119 0.102 0.081 0.067 0.058 0.051 0.044 0.048 0.050 0.054 0.058 0.071 0.075 0.092 0.096 0.107 0.119 0.125 0.129 0.124 0.123 0.128 0.134 0.153 0.163 0.182 0.221 0.277 0.298 0.333 0.375 0.329 0.333 0.353 0.359 0.302 0.299 0.288 0.301 0.314 0.317 0.321 0.306 0.318 0.284 0.256 0.236 0.222 0.196 0.200 0.197 0.186 0.159 0.154 0.150 0.134 0.130 0.120 0.107 0.104 0.095 0.095 0.103 0.096 0.091 0.094 0.085 0.075 0.072 0.070 0.068 0.066 0.070 0.074 0.075 0.090 0.098 0.093 0.093 0.087 0.083 0.084 0.078 0.070 0.066 0.058 0.053 0.053 0.050 0.048 0.059 0.068 0.084 0.093 0.090 0.085 0.080 0.073 0.076 0.091 0.113 0.109 0.114 0.140 0.163 0.161 0.169 0.186 0.200 0.236 0.298 0.300
>9px7
0.951 0.948 0.952 0.952 0.946 0.948 0.954 0.961 0.959 0.961 0.969 0.969 0.969 0.968 0.961 0.961 0.944 0.927 0.879 0.842 0.792 0.765 0.700 0.657 0.498 0.409 0.340 0.324 0.206 0.229 0.225 0.225 0.200 0.170 0.144 0.119 0.102 0.081 0.067 0.058 0.051 0.044 0.048 0.050 0.054 0.058 0.071 0.075 0.092 0.096 0.107 0.119 0.125 0.129 0.124 0.123 0.128 0.134 0.153 0.163 0.182 0.221 0.277 0.298 0.333 0.375 0.329 0.333 0.353 0.359 0.302 0.299 0.288 0.301 0.314 0.317 0.321 0.306 0.318 0.284 0.256 0.236 0.222 0.196 0.200 0.197 0.186 0.159 0.154 0.150 0.134 0.130 0.120 0.107 0.104 0.095 0.095 0.103 0.096 0.091 0.094 0.085 0.075 0.072 0.070 0.068 0.066 0.070 0.074 0.075 0.090 0.098 0.093 0.093 0.087 0.083 0.084 0.078 0.070 0.066 0.058 0.053 0.053 0.050 0.048 0.059 0.068 0.084 0.093 0.090 0.085 0.080 0.073 0.076 0.091 0.113 0.109 0.114 0.140 0.163 0.161 0.169 0.186 0.200 0.236 0.298 0.300
>9px9
0.951 0.948 0.952 0.952 0.946 0.948 0.954 0.961 0.959 0.961 0.969 0.969 0.969 0.968 0.961 0.961 0.944 0.927 0.879 0.842 0.792 0.765 0.700 0.657 0.498 0.409 0.340 0.324 0.206 0.229 0.225 0.225 0.200 0.170 0.144 0.119 0.102 0.081 0.067 0.058 0.051 0.044 0.049 0.050 0.054 0.059 0.072 0.076 0.092 0.097 0.108 0.119 0.125 0.129 0.125 0.123 0.128 0.135 0.153 0.163 0.182 0.222 0.281 0.307 0.337 0.387 0.339 0.344 0.366 0.373 0.321 0.314 0.302 0.309 0.322 0.325 0.328 0.312 0.324 0.294 0.260 0.241 0.226 0.195 0.199 0.197 0.188 0.159 0.153 0.150 0.135 0.131 0.120 0.106 0.103 0.095 0.095 0.103 0.095 0.091 0.093 0.086 0.075 0.072 0.069 0.068 0.065 0.069 0.072 0.074 0.089 0.097 0.092 0.093 0.087 0.083 0.084 0.077 0.070 0.066 0.059 0.053 0.053 0.049 0.048 0.060 0.068 0.084 0.091 0.088 0.082 0.076 0.067 0.067 0.082 0.097 0.096 0.102 0.115 0.135 0.138 0.146 0.155 0.158 0.164 0.201 0.230
>9qfm
0.809 0.829 0.825 0.825 0.827 0.835 0.818 0.810 0.759 0.701 0.727 0.677
>9qlu
0.897 0.930 0.941 0.951 0.952 0.959 0.951 0.938 0.941 0.929 0.936 0.907 0.890 0.869 0.872 0.855 0.846 0.841 0.849 0.819 0.787 0.802 0.778 0.758 0.779 0.765 0.794 0.768 0.746 0.721 0.690 0.658 0.573 0.530 0.481 0.467 0.405 0.385 0.415 0.385 0.378 0.382 0.383 0.351 0.314 0.296 0.245 0.184 0.178 0.175 0.160 0.160 0.151 0.144 0.144 0.152 0.149 0.138 0.150 0.167 0.174 0.173 0.175 0.211 0.211 0.214 0.219 0.222 0.218 0.216 0.257 0.303 0.283 0.299 0.321 0.322 0.331 0.332 0.333 0.289 0.265 0.235 0.223 0.194 0.181 0.166 0.133 0.109 0.090 0.103 0.094 0.085 0.092 0.099 0.109 0.100 0.103 0.116 0.110 0.108 0.116 0.114 0.103 0.104 0.098 0.115 0.113 0.113 0.136 0.155 0.163 0.180 0.208 0.192 0.224 0.221 0.181 0.177 0.169 0.126 0.110 0.088 0.065 0.067 0.079 0.105 0.090 0.098 0.110 0.117 0.097 0.100 0.153 0.228 0.336 0.319 0.467 0.223 0.321 0.376 0.251 0.249 0.239 0.390 0.319 0.239 0.208 0.327 0.565 0.543 0.470 0.421 0.557 0.508 0.814 0.797 0.606 0.836 0.565
>9qyl
0.509 0.733 0.748 0.762 0.780 0.724 0.777 0.813 0.789 0.790 0.782 0.729 0.727 0.669 0.662 0.706 0.675 0.677 0.680 0.703 0.699 0.662 0.615 0.743 0.664 0.603 0.598 0.565 0.592 0.637 0.700 0.792 0.842 0.838 0.746 0.779 0.819 0.887 0.872 0.889 0.898 0.866 0.833 0.880 0.849 0.837 0.846 0.832 0.850 0.831 0.862 0.795 0.765 0.749 0.691 0.660 0.654 0.574 0.519 0.545 0.566 0.592 0.624 0.637 0.652 0.681 0.669 0.683 0.684 0.665 0.651 0.674 0.695 0.700 0.707 0.688 0.675 0.679 0.715 0.779 0.805 0.807 0.804 0.833 0.845 0.874 0.885 0.896 0.895 0.892 0.920 0.921 0.929 0.935 0.938 0.942 0.943 0.943 0.938 0.926 0.915 0.917 0.933 0.954 0.954 0.952 0.945 0.948 0.952 0.947 0.955 0.952 0.956 0.961 0.964 0.964 0.965 0.962 0.960 0.963 0.961 0.961 0.960 0.959 0.957 0.955 0.956 0.960 0.962 0.968 0.971 0.969 0.962 0.972 0.978 0.960 0.960 0.959 0.966 0.006
>9qyn
0.441 0.740 0.778 0.806 0.792 0.735 0.811 0.847 0.827 0.843 0.858 0.844 0.848 0.817 0.796 0.823 0.763 0.811 0.814 0.843 0.841 0.783 0.722 0.843 0.706 0.669 0.654 0.595 0.622 0.691 0.719 0.860 0.897 0.846 0.707 0.720 0.717 0.877 0.829 0.862 0.870 0.817 0.788 0.863 0.845 0.836 0.847 0.829 0.851 0.850 0.873 0.810 0.773 0.740 0.677 0.645 0.638 0.556 0.508 0.532 0.547 0.570 0.608 0.619 0.636 0.663 0.656 0.669 0.672 0.658 0.641 0.659 0.681 0.695 0.700 0.683 0.675 0.677 0.706 0.773 0.800 0.801 0.799 0.828 0.842 0.871 0.883 0.894 0.893 0.890 0.919 0.921 0.929 0.935 0.937 0.941 0.942 0.942 0.938 0.925 0.914 0.917 0.931 0.953 0.952 0.951 0.943 0.947 0.951 0.946 0.953 0.950 0.955 0.960 0.964 0.964 0.965 0.961 0.960 0.963 0.961 0.961 0.960 0.959 0.957 0.955 0.956 0.960 0.962 0.968 0.971 0.969 0.962 0.972 0.978 0.960 0.960 0.959 0.966 0.006
>9r2f
0.941 0.944 0.942 0.931 0.939 0.944 0.905 0.917 0.896 0.896 0.892 0.900 0.901 0.913 0.931 0.937 0.936 0.935 0.939 0.944 0.947 0.944 0.949 0.949 0.950 0.952 0.952 0.947 0.940 0.940 0.931 0.924 0.917 0.912 0.900 0.901 0.887 0.878 0.884 0.883 0.868 0.860 0.831 0.821 0.817 0.815 0.812 0.832 0.847 0.846 0.846 0.864 0.864 0.855 0.858 0.849 0.858 0.865 0.876 0.893 0.905 0.897 0.892 0.882 0.892 0.890 0.886 0.898 0.928 0.933 0.934 0.925
>9r2h
0.824 0.899 0.861 0.880 0.883 0.892 0.920 0.898 0.925 0.885 0.909 0.893 0.930 0.935 0.934 0.941 0.948 0.943 0.951 0.956 0.961 0.964 0.966 0.967 0.961 0.956 0.953 0.945 0.942 0.942 0.934 0.906 0.913 0.903 0.870 0.844 0.855 0.886 0.848 0.825 0.834 0.844 0.846 0.842 0.838 0.827 0.834 0.805 0.869 0.826 0.840 0.848 0.896 0.875 0.864 0.873 0.868 0.886 0.893 0.904 0.926 0.934 0.929 0.919 0.907 0.917 0.915 0.911 0.925 0.929 0.934 0.940 0.939 0.946 0.943 0.940 0.941 0.938 0.941 0.945 0.947 0.946 0.953 0.955 0.962 0.964 0.966 0.967 0.969 0.970 0.969 0.968 0.969 0.970 0.973 0.972 0.971 0.971 0.971 0.971 0.972 0.972 0.972 0.973 0.974 0.973 0.971 0.969 0.969 0.966 0.960 0.953 0.944 0.939 0.932 0.932 0.936 0.923 0.900 0.877 0.859 0.847 0.866 0.900 0.889 0.887 0.869 0.853 0.819 0.820 0.795 0.766 0.819 0.828 0.808 0.807
>9r4z
0.141 0.147 0.159 0.156 0.148 0.154 0.168 0.166 0.174 0.159 0.157 0.133 0.133 0.161 0.172 0.177 0.177 0.219 0.268 0.269 0.266 0.294 0.280 0.247 0.257 0.285 0.286 0.284 0.289 0.258 0.249 0.266 0.287 0.290 0.287 0.288 0.299 0.299 0.295 0.299 0.294 0.289 0.282 0.337 0.323 0.283 0.292 0.308 0.304 0.301 0.353 0.368 0.312 0.334 0.342 0.318 0.308 0.304 0.289 0.295 0.307 0.340 0.398 0.394 0.412 0.422 0.459 0.480 0.478 0.508 0.551 0.555 0.581 0.611 0.649 0.715 0.778 0.818 0.815 0.822 0.853 0.876 0.894 0.909 0.908 0.909 0.921 0.927 0.929 0.934 0.942 0.943 0.940 0.940 0.948 0.944 0.954 0.954 0.955 0.956 0.957 0.951 0.957
>9r7e
0.869 0.867 0.868 0.868 0.865 0.861 0.865 0.857 0.858 0.856 0.855 0.864 0.875
>9raw
0.742 0.805 0.799 0.830 0.793 0.782 0.784 0.788 0.763 0.710 0.683 0.648 0.627 0.624 0.621 0.611 0.585 0.537 0.511 0.453 0.433 0.384 0.431 0.414 0.477 0.504 0.426 0.459 0.496 0.552 0.523 0.525 0.548 0.554 0.527 0.514 0.482 0.455 0.415 0.486
>9rax
0.742 0.805 0.799 0.830 0.793 0.782 0.784 0.788 0.763 0.710 0.683 0.648 0.627 0.624 0.621 0.611 0.585 0.537 0.511 0.453 0.433 0.384 0.431 0.414 0.477 0.504 0.426 0.459 0.496 0.552 0.523 0.525 0.548 0.554 0.527 0.514 0.482 0.455 0.415 0.486
>9rb3
0.506 0.760 0.765 0.777 0.792 0.738 0.793 0.823 0.808 0.812 0.806 0.731 0.714 0.664 0.639 0.686 0.641 0.651 0.653 0.666 0.673 0.634 0.598 0.720 0.644 0.602 0.592 0.553 0.573 0.614 0.634 0.756 0.790 0.786 0.742 0.726 0.731 0.847 0.770 0.843 0.855 0.829 0.773 0.829 0.812 0.770 0.758 0.744 0.749 0.794 0.827 0.772 0.766 0.751 0.681 0.642 0.637 0.558 0.503 0.518 0.524 0.559 0.610 0.627 0.629 0.667 0.648 0.647 0.656 0.644 0.638 0.654 0.685 0.697 0.709 0.688 0.673 0.677 0.698 0.752 0.773 0.784 0.786 0.820 0.841 0.862 0.869 0.890 0.884 0.884 0.915 0.918 0.924 0.931 0.934 0.936 0.940 0.940 0.936 0.930 0.913 0.917 0.940 0.952 0.952 0.951 0.945 0.948 0.951 0.949 0.957 0.954 0.958 0.962 0.965 0.965 0.966 0.963 0.961 0.964 0.962 0.962 0.961 0.960 0.958 0.956 0.956 0.961 0.963 0.970 0.971 0.970 0.963 0.972 0.979 0.960 0.960 0.960 0.967 0.006
>9rb6
0.506 0.760 0.765 0.777 0.792 0.738 0.793 0.823 0.808 0.812 0.806 0.731 0.714 0.664 0.639 0.686 0.641 0.651 0.653 0.666 0.673 0.634 0.598 0.720 0.644 0.602 0.592 0.553 0.573 0.614 0.634 0.756 0.790 0.786 0.742 0.726 0.731 0.847 0.770 0.843 0.855 0.829 0.773 0.829 0.812 0.770 0.758 0.744 0.749 0.794 0.827 0.772 0.766 0.751 0.681 0.642 0.637 0.558 0.503 0.518 0.524 0.559 0.610 0.627 0.629 0.667 0.648 0.647 0.656 0.644 0.638 0.654 0.685 0.697 0.709 0.688 0.673 0.677 0.698 0.752 0.773 0.784 0.786 0.820 0.841 0.862 0.869 0.890 0.884 0.884 0.915 0.918 0.924 0.931 0.934 0.936 0.940 0.940 0.936 0.930 0.913 0.917 0.940 0.952 0.952 0.951 0.945 0.948 0.951 0.949 0.957 0.954 0.958 0.962 0.965 0.965 0.966 0.963 0.961 0.964 0.962 0.962 0.961 0.960 0.958 0.956 0.956 0.961 0.963 0.970 0.971 0.970 0.963 0.972 0.979 0.960 0.960 0.960 0.967 0.006
>9rb7
0.509 0.733 0.748 0.762 0.780 0.724 0.777 0.813 0.789 0.790 0.782 0.729 0.727 0.669 0.662 0.706 0.675 0.677 0.680 0.703 0.699 0.662 0.615 0.743 0.664 0.603 0.598 0.565 0.592 0.637 0.700 0.792 0.842 0.838 0.746 0.779 0.819 0.887 0.872 0.889 0.898 0.866 0.833 0.880 0.849 0.837 0.846 0.832 0.850 0.831 0.862 0.795 0.765 0.749 0.691 0.660 0.654 0.574 0.519 0.545 0.566 0.592 0.624 0.637 0.652 0.681 0.669 0.683 0.684 0.665 0.651 0.674 0.695 0.700 0.707 0.688 0.675 0.679 0.715 0.779 0.805 0.807 0.804 0.833 0.845 0.874 0.885 0.896 0.895 0.892 0.920 0.921 0.929 0.935 0.938 0.942 0.943 0.943 0.938 0.926 0.915 0.917 0.933 0.954 0.954 0.952 0.945 0.948 0.952 0.947 0.955 0.952 0.956 0.961 0.964 0.964 0.965 0.962 0.960 0.963 0.961 0.961 0.960 0.959 0.957 0.955 0.956 0.960 0.962 0.968 0.971 0.969 0.962 0.972 0.978 0.960 0.960 0.959 0.966 0.006
>9rb8
0.509 0.733 0.748 0.762 0.780 0.724 0.777 0.813 0.789 0.790 0.782 0.729 0.727 0.669 0.662 0.706 0.675 0.677 0.680 0.703 0.699 0.662 0.615 0.743 0.664 0.603 0.598 0.565 0.592 0.637 0.700 0.792 0.842 0.838 0.746 0.779 0.819 0.887 0.872 0.889 0.898 0.866 0.833 0.880 0.849 0.837 0.846 0.832 0.850 0.831 0.862 0.795 0.765 0.749 0.691 0.660 0.654 0.574 0.519 0.545 0.566 0.592 0.624 0.637 0.652 0.681 0.669 0.683 0.684 0.665 0.651 0.674 0.695 0.700 0.707 0.688 0.675 0.679 0.715 0.779 0.805 0.807 0.804 0.833 0.845 0.874 0.885 0.896 0.895 0.892 0.920 0.921 0.929 0.935 0.938 0.942 0.943 0.943 0.938 0.926 0.915 0.917 0.933 0.954 0.954 0.952 0.945 0.948 0.952 0.947 0.955 0.952 0.956 0.961 0.964 0.964 0.965 0.962 0.960 0.963 0.961 0.961 0.960 0.959 0.957 0.955 0.956 0.960 0.962 0.968 0.971 0.969 0.962 0.972 0.978 0.960 0.960 0.959 0.966 0.006
>9rb9
0.509 0.733 0.748 0.762 0.780 0.724 0.777 0.813 0.789 0.790 0.782 0.729 0.727 0.669 0.662 0.706 0.675 0.677 0.680 0.703 0.699 0.662 0.615 0.743 0.664 0.603 0.598 0.565 0.592 0.637 0.700 0.792 0.842 0.838 0.746 0.779 0.819 0.887 0.872 0.889 0.898 0.866 0.833 0.880 0.849 0.837 0.846 0.832 0.850 0.831 0.862 0.795 0.765 0.749 0.691 0.660 0.654 0.574 0.519 0.545 0.566 0.592 0.624 0.637 0.652 0.681 0.669 0.683 0.684 0.665 0.651 0.674 0.695 0.700 0.707 0.688 0.675 0.679 0.715 0.779 0.805 0.807 0.804 0.833 0.845 0.874 0.885 0.896 0.895 0.892 0.920 0.921 0.929 0.935 0.938 0.942 0.943 0.943 0.938 0.926 0.915 0.917 0.933 0.954 0.954 0.952 0.945 0.948 0.952 0.947 0.955 0.952 0.956 0.961 0.964 0.964 0.965 0.962 0.960 0.963 0.961 0.961 0.960 0.959 0.957 0.955 0.956 0.960 0.962 0.968 0.971 0.969 0.962 0.972 0.978 0.960 0.960 0.959 0.966 0.006
>9rba
0.509 0.733 0.748 0.762 0.780 0.724 0.777 0.813 0.789 0.790 0.782 0.729 0.727 0.669 0.662 0.706 0.675 0.677 0.680 0.703 0.699 0.662 0.615 0.743 0.664 0.603 0.598 0.565 0.592 0.637 0.700 0.792 0.842 0.838 0.746 0.779 0.819 0.887 0.872 0.889 0.898 0.866 0.833 0.880 0.849 0.837 0.846 0.832 0.850 0.831 0.862 0.795 0.765 0.749 0.691 0.660 0.654 0.574 0.519 0.545 0.566 0.592 0.624 0.637 0.652 0.681 0.669 0.683 0.684 0.665 0.651 0.674 0.695 0.700 0.707 0.688 0.675 0.679 0.715 0.779 0.805 0.807 0.804 0.833 0.845 0.874 0.885 0.896 0.895 0.892 0.920 0.921 0.929 0.935 0.938 0.942 0.943 0.943 0.938 0.926 0.915 0.917 0.933 0.954 0.954 0.952 0.945 0.948 0.952 0.947 0.955 0.952 0.956 0.961 0.964 0.964 0.965 0.962 0.960 0.963 0.961 0.961 0.960 0.959 0.957 0.955 0.956 0.960 0.962 0.968 0.971 0.969 0.962 0.972 0.978 0.960 0.960 0.959 0.966 0.006
>9rbb
0.509 0.733 0.748 0.762 0.780 0.724 0.777 0.813 0.789 0.790 0.782 0.729 0.727 0.669 0.662 0.706 0.675 0.677 0.680 0.703 0.699 0.662 0.615 0.743 0.664 0.603 0.598 0.565 0.592 0.637 0.700 0.792 0.842 0.838 0.746 0.779 0.819 0.887 0.872 0.889 0.898 0.866 0.833 0.880 0.849 0.837 0.846 0.832 0.850 0.831 0.862 0.795 0.765 0.749 0.691 0.660 0.654 0.574 0.519 0.545 0.566 0.592 0.624 0.637 0.652 0.681 0.669 0.683 0.684 0.665 0.651 0.674 0.695 0.700 0.707 0.688 0.675 0.679 0.715 0.779 0.805 0.807 0.804 0.833 0.845 0.874 0.885 0.896 0.895 0.892 0.920 0.921 0.929 0.935 0.938 0.942 0.943 0.943 0.938 0.926 0.915 0.917 0.933 0.954 0.954 0.952 0.945 0.948 0.952 0.947 0.955 0.952 0.956 0.961 0.964 0.964 0.965 0.962 0.960 0.963 0.961 0.961 0.960 0.959 0.957 0.955 0.956 0.960 0.962 0.968 0.971 0.969 0.962 0.972 0.978 0.960 0.960 0.959 0.966 0.006
>9rbd
0.941 0.942 0.938 0.924 0.914 0.901 0.872 0.876 0.846 0.835 0.837 0.881 0.900 0.950 0.963 0.960 0.954 0.970 0.961 0.853 0.850 0.665 0.674 0.721
>9rbw
0.960 0.963 0.952 0.945 0.938 0.931 0.924 0.917 0.903 0.900 0.904 0.907 0.913 0.926 0.938 0.960 0.969 0.969 0.967 0.974 0.970 0.928 0.921 0.797 0.804 0.805
>9riv
0.742 0.805 0.799 0.830 0.793 0.782 0.784 0.788 0.763 0.710 0.683 0.648 0.627 0.624 0.621 0.611 0.585 0.537 0.511 0.453 0.433 0.384 0.431 0.414 0.477 0.504 0.426 0.459 0.496 0.552 0.523 0.525 0.548 0.554 0.527 0.514 0.482 0.455 0.415 0.486
>9riw
0.742 0.805 0.799 0.830 0.793 0.782 0.784 0.788 0.763 0.710 0.683 0.648 0.627 0.624 0.621 0.611 0.585 0.537 0.511 0.453 0.433 0.384 0.431 0.414 0.477 0.504 0.426 0.459 0.496 0.552 0.523 0.525 0.548 0.554 0.527 0.514 0.482 0.455 0.415 0.486
>9rzf
0.832 0.816 0.801 0.768 0.756 0.756 0.706 0.689 0.749 0.682 0.646 0.594 0.666 0.694 0.592 0.621 0.627 0.647 0.628 0.625 0.657 0.645 0.628 0.620 0.595 0.618 0.605 0.618 0.601 0.581 0.561 0.573 0.614 0.608 0.601 0.660 0.649 0.657 0.658 0.634 0.645 0.647 0.656 0.659 0.650 0.660 0.673 0.703 0.730 0.758 0.758 0.778 0.767 0.766 0.775 0.758 0.746 0.745 0.779 0.757 0.768
>9s2b
0.837 0.869 0.877 0.830 0.850 0.841 0.822 0.771 0.717 0.555 0.500 0.516 0.590 0.502 0.490 0.408 0.405 0.334 0.310 0.226 0.200 0.270
>9shs
0.480 0.558 0.624 0.637 0.678 0.690 0.699 0.648 0.737 0.640 0.627 0.554 0.543 0.561 0.606 0.678 0.742 0.805 0.831 0.850 0.850 0.864 0.888 0.894 0.889 0.914 0.922 0.929 0.929 0.930 0.922 0.912 0.910 0.902 0.889 0.892 0.885 0.880 0.879 0.857 0.838 0.837 0.832 0.823 0.820 0.797 0.798 0.781 0.781 0.775 0.797 0.808 0.825 0.840 0.859 0.874 0.856 0.860 0.859 0.869 0.879 0.887 0.902 0.909 0.897 0.905 0.908 0.913 0.915 0.907 0.914 0.925 0.923 0.922 0.902 0.923
>9thm
0.978 0.978 0.975 0.978 0.979 0.977 0.977 0.978 0.979 0.978 0.978 0.979 0.978 0.978 0.977 0.978 0.979 0.980 0.980 0.979 0.980 0.979 0.979 0.979 0.979 0.978 0.980 0.980 0.981 0.980 0.980 0.981 0.981 0.981 0.982 0.982 0.983 0.983 0.983 0.983 0.982 0.983 0.983 0.983 0.983 0.982 0.983 0.983 0.982 0.982 0.981 0.981 0.981 0.981 0.981 0.982 0.982 0.982 0.982 0.982 0.981 0.981 0.980 0.980 0.979 0.978 0.978 0.978 0.978 0.977 0.977 0.978 0.977 0.977 0.977 0.976 0.976 0.976 0.976 0.975 0.975 0.975 0.973 0.973 0.974 0.973 0.975 0.976 0.977 0.978 0.978 0.978 0.977 0.978 0.978 0.978 0.978 0.978 0.977 0.976 0.976 0.975 0.975 0.975 0.975 0.974 0.975 0.975 0.974 0.974 0.974 0.974 0.974 0.974 0.975 0.974 0.974 0.975 0.975 0.975 0.975 0.975 0.974 0.973 0.972 0.971 0.972 0.972 0.971 0.970 0.969 0.967 0.967 0.967 0.966 0.965 0.963 0.963 0.960 0.957 0.957 0.954 0.956 0.954 0.955 0.955 0.955 0.956 0.954 0.954 0.953 0.956 0.957 0.959 0.959 0.961 0.959 0.961 0.963 0.962 0.962 0.961 0.960 0.963 0.965 0.968 0.969 0.971 0.971 0.972 0.973 0.974 0.975 0.976 0.977 0.979 0.979 0.979 0.980 0.981 0.981 0.981 0.981 0.981 0.982 0.982 0.983 0.983 0.983 0.983 0.982 0.983 0.983 0.983 0.983 0.983 0.983 0.982 0.983 0.983 0.984 0.985 0.985 0.986 0.986 0.986 0.986 0.986 0.985 0.984 0.984 0.983 0.983 0.982 0.981 0.981 0.980 0.980 0.977 0.974 0.968 0.965 0.959 0.950 0.933 0.914 0.872 0.859 0.839 0.805 0.776 0.729 0.694 0.593 0.482 0.405 0.371 0.301 0.241 0.194 0.196 0.149 0.119 0.105 0.104 0.098 0.096 0.096 0.100 0.085 0.092 0.095 0.105 0.121 0.121 0.119 0.119 0.121 0.119 0.121 0.105 0.089 0.092 0.087 0.082 0.094 0.105 0.115 0.108 0.119 0.129 0.138 0.148 0.147 0.145 0.151 0.130 0.116 0.105 0.114 0.108 0.119 0.134 0.139 0.138 0.159 0.166 0.161 0.154 0.153 0.137 0.115 0.109 0.097 0.097 0.091 0.085 0.085 0.085 0.091 0.099 0.092 0.092 0.079 0.081 0.076 0.070 0.077 0.100 0.105 0.097 0.109 0.128 0.119 0.144 0.196 0.245 0.323 0.380 0.521 0.661 0.618 0.617 0.770 0.834 0.890 0.877 0.916 0.935 0.952 0.965 0.967 0.972 0.968 0.975 0.979 0.980 0.984 0.984 0.985 0.987 0.987 0.985 0.986 0.984 0.982 0.977 0.977 0.972 0.970 0.966 0.960 0.949 0.934 0.929 0.901 0.890 0.881 0.873 0.850 0.872 0.884 0.893 0.903 0.897 0.891 0.900 0.912 0.898 0.907 0.898 0.879 0.885 0.884 0.894 0.891 0.904 0.915 0.922 0.925 0.927 0.928 0.934 0.937 0.944 0.948 0.949 0.950 0.954 0.957 0.963 0.967 0.972 0.974 0.975 0.975 0.977 0.979 0.980 0.981 0.981 0.982 0.983 0.983 0.983 0.984 0.984 0.983 0.985 0.984 0.985 0.985 0.985 0.986 0.986 0.986 0.987 0.987 0.988 0.989 0.989 0.988 0.989 0.988 0.988 0.989 0.989 0.989 0.989 0.989 0.988 0.988 0.988 0.988 0.989 0.988 0.988 0.988 0.988 0.988 0.988 0.988 0.988 0.988 0.989 0.988 0.988 0.988 0.988 0.988 0.987 0.987 0.988 0.988 0.987 0.987 0.988 0.987 0.987 0.987 0.987 0.987 0.987 0.987 0.987 0.987 0.987 0.987 0.987 0.986 0.987 0.986 0.986 0.986 0.987 0.987 0.987 0.987 0.987 0.987 0.986 0.986 0.986 0.986 0.986 0.986 0.987 0.987 0.986 0.986 0.986 0.985 0.986 0.987 0.987 0.986 0.987 0.987 0.986 0.986 0.987 0.987 0.986 0.986 0.986 0.987 0.986 0.985 0.986 0.986 0.986 0.985 0.986 0.986 0.986 0.986 0.987 0.986 0.985 0.986 0.986 0.986 0.986 0.986 0.986 0.987 0.986 0.986 0.986 0.987 0.987 0.987 0.987 0.987 0.987 0.987 0.987 0.988 0.988 0.988 0.988 0.987 0.988 0.988 0.988 0.988 0.988 0.988 0.989 0.988 0.989 0.989 0.989 0.989 0.989 0.988 0.989 0.989 0.989 0.989 0.988 0.988 0.988 0.988 0.988 0.988 0.987 0.987 0.987 0.986 0.985 0.985 0.984 0.983 0.982 0.981 0.980 0.979 0.980 0.978 0.978 0.982 0.977 0.979 0.977 0.976 0.976 0.977 0.976 0.975 0.977 0.862
>9thn
0.978 0.978 0.975 0.978 0.979 0.977 0.977 0.978 0.979 0.978 0.978 0.979 0.978 0.978 0.977 0.978 0.979 0.980 0.980 0.979 0.980 0.979 0.979 0.979 0.979 0.978 0.980 0.980 0.981 0.980 0.980 0.981 0.981 0.981 0.982 0.982 0.983 0.983 0.983 0.983 0.982 0.983 0.983 0.983 0.983 0.982 0.983 0.983 0.982 0.982 0.981 0.981 0.981 0.981 0.981 0.982 0.982 0.982 0.982 0.982 0.981 0.981 0.980 0.980 0.979 0.978 0.978 0.978 0.978 0.977 0.977 0.978 0.977 0.977 0.977 0.976 0.976 0.976 0.976 0.975 0.975 0.975 0.973 0.973 0.974 0.973 0.975 0.976 0.977 0.978 0.978 0.978 0.977 0.978 0.978 0.978 0.978 0.978 0.977 0.976 0.976 0.975 0.975 0.975 0.975 0.974 0.975 0.975 0.974 0.974 0.974 0.974 0.974 0.974 0.975 0.974 0.974 0.975 0.975 0.975 0.975 0.975 0.974 0.973 0.972 0.971 0.972 0.972 0.971 0.970 0.969 0.967 0.967 0.967 0.966 0.965 0.963 0.963 0.960 0.957 0.957 0.954 0.956 0.954 0.955 0.955 0.955 0.956 0.954 0.954 0.953 0.956 0.957 0.959 0.959 0.961 0.959 0.961 0.963 0.962 0.962 0.961 0.960 0.963 0.965 0.968 0.969 0.971 0.971 0.972 0.973 0.974 0.975 0.976 0.977 0.979 0.979 0.979 0.980 0.981 0.981 0.981 0.981 0.981 0.982 0.982 0.983 0.983 0.983 0.983 0.982 0.983 0.983 0.983 0.983 0.983 0.983 0.982 0.983 0.983 0.984 0.985 0.985 0.986 0.986 0.986 0.986 0.986 0.985 0.984 0.984 0.983 0.983 0.982 0.981 0.981 0.980 0.980 0.977 0.974 0.968 0.965 0.959 0.950 0.933 0.914 0.872 0.859 0.839 0.805 0.776 0.729 0.694 0.593 0.482 0.405 0.371 0.301 0.241 0.194 0.196 0.149 0.119 0.105 0.104 0.098 0.096 0.096 0.100 0.085 0.092 0.095 0.105 0.121 0.121 0.119 0.119 0.121 0.119 0.121 0.105 0.089 0.092 0.087 0.082 0.094 0.105 0.115 0.108 0.119 0.129 0.138 0.148 0.147 0.145 0.151 0.130 0.116 0.105 0.114 0.108 0.119 0.134 0.139 0.138 0.159 0.166 0.161 0.154 0.153 0.137 0.115 0.109 0.097 0.097 0.091 0.085 0.085 0.085 0.091 0.099 0.092 0.092 0.079 0.081 0.076 0.070 0.077 0.100 0.105 0.097 0.109 0.128 0.119 0.144 0.196 0.245 0.323 0.380 0.521 0.661 0.618 0.617 0.770 0.834 0.890 0.877 0.916 0.935 0.952 0.965 0.967 0.972 0.968 0.975 0.979 0.980 0.984 0.984 0.985 0.987 0.987 0.985 0.986 0.984 0.982 0.977 0.977 0.972 0.970 0.966 0.960 0.949 0.934 0.929 0.901 0.890 0.881 0.873 0.850 0.872 0.884 0.893 0.903 0.897 0.891 0.900 0.912 0.898 0.907 0.898 0.879 0.885 0.884 0.894 0.891 0.904 0.915 0.922 0.925 0.927 0.928 0.934 0.937 0.944 0.948 0.949 0.950 0.954 0.957 0.963 0.967 0.972 0.974 0.975 0.975 0.977 0.979 0.980 0.981 0.981 0.982 0.983 0.983 0.983 0.984 0.984 0.983 0.985 0.984 0.985 0.985 0.985 0.986 0.986 0.986 0.987 0.987 0.988 0.989 0.989 0.988 0.989 0.988 0.988 0.989 0.989 0.989 0.989 0.989 0.988 0.988 0.988 0.988 0.989 0.988 0.988 0.988 0.988 0.988 0.988 0.988 0.988 0.988 0.989 0.988 0.988 0.988 0.988 0.988 0.987 0.987 0.988 0.988 0.987 0.987 0.988 0.987 0.987 0.987 0.987 0.987 0.987 0.987 0.987 0.987 0.987 0.987 0.987 0.986 0.987 0.986 0.986 0.986 0.987 0.987 0.987 0.987 0.987 0.987 0.986 0.986 0.986 0.986 0.986 0.986 0.987 0.987 0.986 0.986 0.986 0.985 0.986 0.987 0.987 0.986 0.987 0.987 0.986 0.986 0.987 0.987 0.986 0.986 0.986 0.987 0.986 0.985 0.986 0.986 0.986 0.985 0.986 0.986 0.986 0.986 0.987 0.986 0.985 0.986 0.986 0.986 0.986 0.986 0.986 0.987 0.986 0.986 0.986 0.987 0.987 0.987 0.987 0.987 0.987 0.987 0.987 0.988 0.988 0.988 0.988 0.987 0.988 0.988 0.988 0.988 0.988 0.988 0.989 0.988 0.989 0.989 0.989 0.989 0.989 0.988 0.989 0.989 0.989 0.989 0.988 0.988 0.988 0.988 0.988 0.988 0.987 0.987 0.987 0.986 0.985 0.985 0.984 0.983 0.982 0.981 0.980 0.979 0.980 0.978 0.978 0.982 0.977 0.979 0.977 0.976 0.976 0.977 0.976 0.975 0.977 0.862
>9thp
0.978 0.978 0.975 0.978 0.979 0.977 0.977 0.978 0.979 0.978 0.978 0.979 0.978 0.978 0.977 0.978 0.979 0.980 0.980 0.979 0.980 0.979 0.979 0.979 0.979 0.978 0.980 0.980 0.981 0.980 0.980 0.981 0.981 0.981 0.982 0.982 0.983 0.983 0.983 0.983 0.982 0.983 0.983 0.983 0.983 0.982 0.983 0.983 0.982 0.982 0.981 0.981 0.981 0.981 0.981 0.982 0.982 0.982 0.982 0.982 0.981 0.981 0.980 0.980 0.979 0.978 0.978 0.978 0.978 0.977 0.977 0.978 0.977 0.977 0.977 0.976 0.976 0.976 0.976 0.975 0.975 0.975 0.973 0.973 0.974 0.973 0.975 0.976 0.977 0.978 0.978 0.978 0.977 0.978 0.978 0.978 0.978 0.978 0.977 0.976 0.976 0.975 0.975 0.975 0.975 0.974 0.975 0.975 0.974 0.974 0.974 0.974 0.974 0.974 0.975 0.974 0.974 0.975 0.975 0.975 0.975 0.975 0.974 0.973 0.972 0.971 0.972 0.972 0.971 0.970 0.969 0.967 0.967 0.967 0.966 0.965 0.963 0.963 0.960 0.957 0.957 0.954 0.956 0.954 0.955 0.955 0.955 0.956 0.954 0.954 0.953 0.956 0.957 0.959 0.959 0.961 0.959 0.961 0.963 0.962 0.962 0.961 0.960 0.963 0.965 0.968 0.969 0.971 0.971 0.972 0.973 0.974 0.975 0.976 0.977 0.979 0.979 0.979 0.980 0.981 0.981 0.981 0.981 0.981 0.982 0.982 0.983 0.983 0.983 0.983 0.982 0.983 0.983 0.983 0.983 0.983 0.983 0.982 0.983 0.983 0.984 0.985 0.985 0.986 0.986 0.986 0.986 0.986 0.985 0.984 0.984 0.983 0.983 0.982 0.981 0.981 0.980 0.980 0.977 0.974 0.968 0.965 0.959 0.950 0.933 0.914 0.872 0.859 0.839 0.805 0.776 0.729 0.694 0.593 0.482 0.405 0.371 0.301 0.241 0.194 0.196 0.149 0.119 0.105 0.104 0.098 0.096 0.096 0.100 0.085 0.092 0.095 0.105 0.121 0.121 0.119 0.119 0.121 0.119 0.121 0.105 0.089 0.092 0.087 0.082 0.094 0.105 0.115 0.108 0.119 0.129 0.138 0.148 0.147 0.145 0.151 0.130 0.116 0.105 0.114 0.108 0.119 0.134 0.139 0.138 0.159 0.166 0.161 0.154 0.153 0.137 0.115 0.109 0.097 0.097 0.091 0.085 0.085 0.085 0.091 0.099 0.092 0.092 0.079 0.081 0.076 0.070 0.077 0.100 0.105 0.097 0.109 0.128 0.119 0.144 0.196 0.245 0.323 0.380 0.521 0.661 0.618 0.617 0.770 0.834 0.890 0.877 0.916 0.935 0.952 0.965 0.967 0.972 0.968 0.975 0.979 0.980 0.984 0.984 0.985 0.987 0.987 0.985 0.986 0.984 0.982 0.977 0.977 0.972 0.970 0.966 0.960 0.949 0.934 0.929 0.901 0.890 0.881 0.873 0.850 0.872 0.884 0.893 0.903 0.897 0.891 0.900 0.912 0.898 0.907 0.898 0.879 0.885 0.884 0.894 0.891 0.904 0.915 0.922 0.925 0.927 0.928 0.934 0.937 0.944 0.948 0.949 0.950 0.954 0.957 0.963 0.967 0.972 0.974 0.975 0.975 0.977 0.979 0.980 0.981 0.981 0.982 0.983 0.983 0.983 0.984 0.984 0.983 0.985 0.984 0.985 0.985 0.985 0.986 0.986 0.986 0.987 0.987 0.988 0.989 0.989 0.988 0.989 0.988 0.988 0.989 0.989 0.989 0.989 0.989 0.988 0.988 0.988 0.988 0.989 0.988 0.988 0.988 0.988 0.988 0.988 0.988 0.988 0.988 0.989 0.988 0.988 0.988 0.988 0.988 0.987 0.987 0.988 0.988 0.987 0.987 0.988 0.987 0.987 0.987 0.987 0.987 0.987 0.987 0.987 0.987 0.987 0.987 0.987 0.986 0.987 0.986 0.986 0.986 0.987 0.987 0.987 0.987 0.987 0.987 0.986 0.986 0.986 0.986 0.986 0.986 0.987 0.987 0.986 0.986 0.986 0.985 0.986 0.987 0.987 0.986 0.987 0.987 0.986 0.986 0.987 0.987 0.986 0.986 0.986 0.987 0.986 0.985 0.986 0.986 0.986 0.985 0.986 0.986 0.986 0.986 0.987 0.986 0.985 0.986 0.986 0.986 0.986 0.986 0.986 0.987 0.986 0.986 0.986 0.987 0.987 0.987 0.987 0.987 0.987 0.987 0.987 0.988 0.988 0.988 0.988 0.987 0.988 0.988 0.988 0.988 0.988 0.988 0.989 0.988 0.989 0.989 0.989 0.989 0.989 0.988 0.989 0.989 0.989 0.989 0.988 0.988 0.988 0.988 0.988 0.988 0.987 0.987 0.987 0.986 0.985 0.985 0.984 0.983 0.982 0.981 0.980 0.979 0.980 0.978 0.978 0.982 0.977 0.979 0.977 0.976 0.976 0.977 0.976 0.975 0.977 0.862
>9tke
0.977 0.977 0.974 0.977 0.977 0.976 0.976 0.976 0.977 0.976 0.976 0.977 0.977 0.977 0.976 0.977 0.978 0.979 0.979 0.978 0.980 0.980 0.979 0.980 0.980 0.980 0.981 0.981 0.982 0.981 0.981 0.981 0.982 0.982 0.982 0.982 0.983 0.983 0.983 0.983 0.983 0.984 0.983 0.983 0.984 0.983 0.983 0.982 0.982 0.982 0.981 0.981 0.981 0.981 0.982 0.982 0.982 0.982 0.982 0.982 0.981 0.981 0.980 0.980 0.979 0.978 0.978 0.978 0.977 0.977 0.977 0.978 0.977 0.977 0.977 0.976 0.976 0.976 0.976 0.975 0.975 0.975 0.973 0.973 0.974 0.973 0.975 0.976 0.976 0.978 0.978 0.978 0.977 0.978 0.978 0.978 0.978 0.978 0.977 0.976 0.976 0.975 0.975 0.975 0.975 0.974 0.975 0.975 0.974 0.974 0.974 0.974 0.974 0.974 0.974 0.974 0.974 0.975 0.975 0.975 0.975 0.975 0.974 0.973 0.972 0.971 0.972 0.972 0.971 0.970 0.969 0.967 0.967 0.967 0.966 0.965 0.963 0.963 0.960 0.957 0.957 0.954 0.956 0.954 0.955 0.955 0.955 0.956 0.954 0.954 0.953 0.956 0.957 0.959 0.959 0.961 0.959 0.961 0.963 0.962 0.962 0.961 0.960 0.963 0.965 0.968 0.969 0.971 0.971 0.972 0.973 0.974 0.975 0.976 0.977 0.979 0.979 0.979 0.980 0.981 0.981 0.981 0.981 0.981 0.982 0.982 0.983 0.983 0.983 0.983 0.982 0.983 0.983 0.983 0.983 0.983 0.983 0.982 0.983 0.983 0.984 0.985 0.985 0.986 0.986 0.986 0.986 0.986 0.985 0.984 0.984 0.983 0.983 0.982 0.981 0.981 0.980 0.980 0.977 0.974 0.968 0.965 0.959 0.950 0.933 0.914 0.872 0.859 0.839 0.805 0.776 0.729 0.694 0.593 0.482 0.405 0.371 0.301 0.241 0.194 0.196 0.149 0.119 0.105 0.104 0.098 0.096 0.096 0.100 0.085 0.092 0.095 0.105 0.121 0.121 0.119 0.119 0.121 0.119 0.121 0.105 0.089 0.092 0.087 0.082 0.094 0.105 0.115 0.108 0.119 0.129 0.138 0.148 0.147 0.145 0.151 0.130 0.116 0.105 0.114 0.108 0.119 0.134 0.139 0.138 0.159 0.166 0.161 0.154 0.153 0.137 0.115 0.109 0.097 0.097 0.091 0.085 0.085 0.085 0.091 0.099 0.092 0.092 0.079 0.081 0.076 0.070 0.077 0.100 0.105 0.097 0.109 0.128 0.119 0.144 0.196 0.245 0.323 0.380 0.521 0.661 0.618 0.617 0.770 0.834 0.890 0.877 0.916 0.935 0.952 0.965 0.967 0.972 0.968 0.975 0.979 0.980 0.984 0.984 0.985 0.987 0.987 0.985 0.986 0.984 0.982 0.977 0.977 0.972 0.970 0.966 0.960 0.949 0.934 0.929 0.901 0.890 0.881 0.873 0.850 0.872 0.884 0.893 0.903 0.897 0.891 0.900 0.912 0.898 0.907 0.898 0.879 0.885 0.884 0.894 0.891 0.904 0.915 0.922 0.925 0.927 0.928 0.934 0.937 0.944 0.948 0.949 0.950 0.954 0.957 0.963 0.967 0.972 0.974 0.975 0.975 0.977 0.979 0.980 0.981 0.981 0.982 0.983 0.983 0.983 0.984 0.984 0.983 0.985 0.984 0.985 0.985 0.985 0.986 0.986 0.986 0.987 0.987 0.988 0.989 0.989 0.988 0.989 0.988 0.988 0.989 0.989 0.989 0.989 0.989 0.988 0.988 0.988 0.988 0.989 0.988 0.988 0.988 0.988 0.988 0.988 0.988 0.988 0.988 0.989 0.988 0.988 0.988 0.988 0.988 0.987 0.987 0.988 0.988 0.987 0.987 0.988 0.987 0.987 0.987 0.987 0.987 0.987 0.987 0.987 0.987 0.987 0.987 0.987 0.986 0.987 0.986 0.986 0.986 0.987 0.987 0.987 0.987 0.987 0.987 0.986 0.986 0.986 0.986 0.986 0.986 0.987 0.987 0.986 0.986 0.986 0.985 0.986 0.987 0.987 0.986 0.987 0.987 0.986 0.986 0.987 0.987 0.986 0.986 0.986 0.987 0.986 0.985 0.986 0.986 0.986 0.985 0.986 0.986 0.986 0.986 0.987 0.986 0.985 0.986 0.986 0.986 0.986 0.986 0.986 0.987 0.986 0.986 0.986 0.987 0.987 0.987 0.987 0.987 0.987 0.987 0.987 0.988 0.988 0.988 0.988 0.987 0.988 0.988 0.988 0.988 0.988 0.988 0.989 0.988 0.989 0.989 0.989 0.989 0.989 0.988 0.989 0.989 0.989 0.989 0.988 0.988 0.988 0.988 0.988 0.988 0.987 0.987 0.987 0.986 0.985 0.985 0.984 0.983 0.982 0.981 0.980 0.979 0.980 0.978 0.978 0.982 0.977 0.979 0.977 0.976 0.976 0.977 0.976 0.975 0.977 0.862
>9tkf
0.978 0.978 0.975 0.978 0.979 0.977 0.977 0.978 0.979 0.978 0.978 0.979 0.978 0.978 0.977 0.978 0.979 0.980 0.980 0.979 0.980 0.979 0.979 0.979 0.979 0.978 0.980 0.980 0.981 0.980 0.980 0.981 0.981 0.981 0.982 0.982 0.983 0.983 0.983 0.983 0.982 0.983 0.983 0.983 0.983 0.982 0.983 0.983 0.982 0.982 0.981 0.981 0.981 0.981 0.981 0.982 0.982 0.982 0.982 0.982 0.981 0.981 0.980 0.980 0.979 0.978 0.978 0.978 0.978 0.977 0.977 0.978 0.977 0.977 0.977 0.976 0.976 0.976 0.976 0.975 0.975 0.975 0.973 0.973 0.974 0.973 0.975 0.976 0.977 0.978 0.978 0.978 0.977 0.978 0.978 0.978 0.978 0.978 0.977 0.976 0.976 0.975 0.975 0.975 0.975 0.974 0.975 0.975 0.974 0.974 0.974 0.974 0.974 0.974 0.975 0.974 0.974 0.975 0.975 0.975 0.975 0.975 0.974 0.973 0.972 0.971 0.972 0.972 0.971 0.970 0.969 0.967 0.967 0.967 0.966 0.965 0.963 0.963 0.960 0.957 0.957 0.954 0.956 0.954 0.955 0.955 0.955 0.956 0.954 0.954 0.953 0.956 0.957 0.959 0.959 0.961 0.959 0.961 0.963 0.962 0.962 0.961 0.960 0.963 0.965 0.968 0.969 0.971 0.971 0.972 0.973 0.974 0.975 0.976 0.977 0.979 0.979 0.979 0.980 0.981 0.981 0.981 0.981 0.981 0.982 0.982 0.983 0.983 0.983 0.983 0.982 0.983 0.983 0.983 0.983 0.983 0.983 0.982 0.983 0.983 0.984 0.985 0.985 0.986 0.986 0.986 0.986 0.986 0.985 0.984 0.984 0.983 0.983 0.982 0.981 0.981 0.980 0.980 0.977 0.974 0.968 0.965 0.959 0.950 0.933 0.914 0.872 0.859 0.839 0.805 0.776 0.729 0.694 0.593 0.482 0.405 0.371 0.301 0.241 0.194 0.196 0.149 0.119 0.105 0.104 0.098 0.096 0.096 0.100 0.085 0.092 0.095 0.105 0.121 0.121 0.119 0.119 0.121 0.119 0.121 0.105 0.089 0.092 0.087 0.082 0.094 0.105 0.115 0.108 0.119 0.129 0.138 0.148 0.147 0.145 0.151 0.130 0.116 0.105 0.114 0.108 0.119 0.134 0.139 0.138 0.159 0.166 0.161 0.154 0.153 0.137 0.115 0.109 0.097 0.097 0.091 0.085 0.085 0.085 0.091 0.099 0.092 0.092 0.079 0.081 0.076 0.070 0.077 0.100 0.105 0.097 0.109 0.128 0.119 0.144 0.196 0.245 0.323 0.380 0.521 0.661 0.618 0.617 0.770 0.834 0.890 0.877 0.916 0.935 0.952 0.965 0.967 0.972 0.968 0.975 0.979 0.980 0.984 0.984 0.985 0.987 0.987 0.985 0.986 0.984 0.982 0.977 0.977 0.972 0.970 0.966 0.960 0.949 0.934 0.929 0.901 0.890 0.881 0.873 0.850 0.872 0.884 0.893 0.903 0.897 0.891 0.900 0.912 0.898 0.907 0.898 0.879 0.885 0.884 0.894 0.891 0.904 0.915 0.922 0.925 0.927 0.928 0.934 0.937 0.944 0.948 0.949 0.950 0.954 0.957 0.963 0.967 0.972 0.974 0.975 0.975 0.977 0.979 0.980 0.981 0.981 0.982 0.983 0.983 0.983 0.984 0.984 0.983 0.985 0.984 0.985 0.985 0.985 0.986 0.986 0.986 0.987 0.987 0.988 0.989 0.989 0.988 0.989 0.988 0.988 0.989 0.989 0.989 0.989 0.989 0.988 0.988 0.988 0.988 0.989 0.988 0.988 0.988 0.988 0.988 0.988 0.988 0.988 0.988 0.989 0.988 0.988 0.988 0.988 0.988 0.987 0.987 0.988 0.988 0.987 0.987 0.988 0.987 0.987 0.987 0.987 0.987 0.987 0.987 0.987 0.987 0.987 0.987 0.987 0.986 0.987 0.986 0.986 0.986 0.987 0.987 0.987 0.987 0.987 0.987 0.986 0.986 0.986 0.986 0.986 0.986 0.987 0.987 0.986 0.986 0.986 0.985 0.986 0.987 0.987 0.986 0.987 0.987 0.986 0.986 0.987 0.987 0.986 0.986 0.986 0.987 0.986 0.985 0.986 0.986 0.986 0.985 0.986 0.986 0.986 0.986 0.987 0.986 0.985 0.986 0.986 0.986 0.986 0.986 0.986 0.987 0.986 0.986 0.986 0.987 0.987 0.987 0.987 0.987 0.987 0.987 0.987 0.988 0.988 0.988 0.988 0.987 0.988 0.988 0.988 0.988 0.988 0.988 0.989 0.988 0.989 0.989 0.989 0.989 0.989 0.988 0.989 0.989 0.989 0.989 0.988 0.988 0.988 0.988 0.988 0.988 0.987 0.987 0.987 0.986 0.985 0.985 0.984 0.983 0.982 0.981 0.980 0.979 0.980 0.978 0.978 0.982 0.977 0.979 0.977 0.976 0.976 0.977 0.976 0.975 0.977 0.862
>9tkg
0.978 0.978 0.975 0.978 0.979 0.977 0.977 0.978 0.979 0.978 0.978 0.979 0.978 0.978 0.977 0.978 0.979 0.980 0.980 0.979 0.980 0.979 0.979 0.979 0.979 0.978 0.980 0.980 0.981 0.980 0.980 0.981 0.981 0.981 0.982 0.982 0.983 0.983 0.983 0.983 0.982 0.983 0.983 0.983 0.983 0.982 0.983 0.983 0.982 0.982 0.981 0.981 0.981 0.981 0.981 0.982 0.982 0.982 0.982 0.982 0.981 0.981 0.980 0.980 0.979 0.978 0.978 0.978 0.978 0.977 0.977 0.978 0.977 0.977 0.977 0.976 0.976 0.976 0.976 0.975 0.975 0.975 0.973 0.973 0.974 0.973 0.975 0.976 0.977 0.978 0.978 0.978 0.977 0.978 0.978 0.978 0.978 0.978 0.977 0.976 0.976 0.975 0.975 0.975 0.975 0.974 0.975 0.975 0.974 0.974 0.974 0.974 0.974 0.974 0.975 0.974 0.974 0.975 0.975 0.975 0.975 0.975 0.974 0.973 0.972 0.971 0.972 0.972 0.971 0.970 0.969 0.967 0.967 0.967 0.966 0.965 0.963 0.963 0.960 0.957 0.957 0.954 0.956 0.954 0.955 0.955 0.955 0.956 0.954 0.954 0.953 0.956 0.957 0.959 0.959 0.961 0.959 0.961 0.963 0.962 0.962 0.961 0.960 0.963 0.965 0.968 0.969 0.971 0.971 0.972 0.973 0.974 0.975 0.976 0.977 0.979 0.979 0.979 0.980 0.981 0.981 0.981 0.981 0.981 0.982 0.982 0.983 0.983 0.983 0.983 0.982 0.983 0.983 0.983 0.983 0.983 0.983 0.982 0.983 0.983 0.984 0.985 0.985 0.986 0.986 0.986 0.986 0.986 0.985 0.984 0.984 0.983 0.983 0.982 0.981 0.981 0.980 0.980 0.977 0.974 0.968 0.965 0.959 0.950 0.933 0.914 0.872 0.859 0.839 0.805 0.776 0.729 0.694 0.593 0.482 0.405 0.371 0.301 0.241 0.194 0.196 0.149 0.119 0.105 0.104 0.098 0.096 0.096 0.100 0.085 0.092 0.095 0.105 0.121 0.121 0.119 0.119 0.121 0.119 0.121 0.105 0.089 0.092 0.087 0.082 0.094 0.105 0.115 0.108 0.119 0.129 0.138 0.148 0.147 0.145 0.151 0.130 0.116 0.105 0.114 0.108 0.119 0.134 0.139 0.138 0.159 0.166 0.161 0.154 0.153 0.137 0.115 0.109 0.097 0.097 0.091 0.085 0.085 0.085 0.091 0.099 0.092 0.092 0.079 0.081 0.076 0.070 0.077 0.100 0.105 0.097 0.109 0.128 0.119 0.144 0.196 0.245 0.323 0.380 0.521 0.661 0.618 0.617 0.770 0.834 0.890 0.877 0.916 0.935 0.952 0.965 0.967 0.972 0.968 0.975 0.979 0.980 0.984 0.984 0.985 0.987 0.987 0.985 0.986 0.984 0.982 0.977 0.977 0.972 0.970 0.966 0.960 0.949 0.934 0.929 0.901 0.890 0.881 0.873 0.850 0.872 0.884 0.893 0.903 0.897 0.891 0.900 0.912 0.898 0.907 0.898 0.879 0.885 0.884 0.894 0.891 0.904 0.915 0.922 0.925 0.927 0.928 0.934 0.937 0.944 0.948 0.949 0.950 0.954 0.957 0.963 0.967 0.972 0.974 0.975 0.975 0.977 0.979 0.980 0.981 0.981 0.982 0.983 0.983 0.983 0.984 0.984 0.983 0.985 0.984 0.985 0.985 0.985 0.986 0.986 0.986 0.987 0.987 0.988 0.989 0.989 0.988 0.989 0.988 0.988 0.989 0.989 0.989 0.989 0.989 0.988 0.988 0.988 0.988 0.989 0.988 0.988 0.988 0.988 0.988 0.988 0.988 0.988 0.988 0.989 0.988 0.988 0.988 0.988 0.988 0.987 0.987 0.988 0.988 0.987 0.987 0.988 0.987 0.987 0.987 0.987 0.987 0.987 0.987 0.987 0.987 0.987 0.987 0.987 0.986 0.987 0.986 0.986 0.986 0.987 0.987 0.987 0.987 0.987 0.987 0.986 0.986 0.986 0.986 0.986 0.986 0.987 0.987 0.986 0.986 0.986 0.985 0.986 0.987 0.987 0.986 0.987 0.987 0.986 0.986 0.987 0.987 0.986 0.986 0.986 0.987 0.986 0.985 0.986 0.986 0.986 0.985 0.986 0.986 0.986 0.986 0.987 0.986 0.985 0.986 0.986 0.986 0.986 0.986 0.986 0.987 0.986 0.986 0.986 0.987 0.987 0.987 0.987 0.987 0.987 0.987 0.987 0.988 0.988 0.988 0.988 0.987 0.988 0.988 0.988 0.988 0.988 0.988 0.989 0.988 0.989 0.989 0.989 0.989 0.989 0.988 0.989 0.989 0.989 0.989 0.988 0.988 0.988 0.988 0.988 0.988 0.987 0.987 0.987 0.986 0.985 0.985 0.984 0.983 0.982 0.981 0.980 0.979 0.980 0.978 0.978 0.982 0.977 0.979 0.977 0.976 0.976 0.977 0.976 0.975 0.977 0.862
>9tkh
0.978 0.978 0.975 0.978 0.979 0.977 0.977 0.978 0.979 0.978 0.978 0.979 0.978 0.978 0.977 0.978 0.979 0.980 0.980 0.979 0.980 0.979 0.979 0.979 0.979 0.978 0.980 0.980 0.981 0.980 0.980 0.981 0.981 0.981 0.982 0.982 0.983 0.983 0.983 0.983 0.982 0.983 0.983 0.983 0.983 0.982 0.983 0.983 0.982 0.982 0.981 0.981 0.981 0.981 0.981 0.982 0.982 0.982 0.982 0.982 0.981 0.981 0.980 0.980 0.979 0.978 0.978 0.978 0.978 0.977 0.977 0.978 0.977 0.977 0.977 0.976 0.976 0.976 0.976 0.975 0.975 0.975 0.973 0.973 0.974 0.973 0.975 0.976 0.977 0.978 0.978 0.978 0.977 0.978 0.978 0.978 0.978 0.978 0.977 0.976 0.976 0.975 0.975 0.975 0.975 0.974 0.975 0.975 0.974 0.974 0.974 0.974 0.974 0.974 0.975 0.974 0.974 0.975 0.975 0.975 0.975 0.975 0.974 0.973 0.972 0.971 0.972 0.972 0.971 0.970 0.969 0.967 0.967 0.967 0.966 0.965 0.963 0.963 0.960 0.957 0.957 0.954 0.956 0.954 0.955 0.955 0.955 0.956 0.954 0.954 0.953 0.956 0.957 0.959 0.959 0.961 0.959 0.961 0.963 0.962 0.962 0.961 0.960 0.963 0.965 0.968 0.969 0.971 0.971 0.972 0.973 0.974 0.975 0.976 0.977 0.979 0.979 0.979 0.980 0.981 0.981 0.981 0.981 0.981 0.982 0.982 0.983 0.983 0.983 0.983 0.982 0.983 0.983 0.983 0.983 0.983 0.983 0.982 0.983 0.983 0.984 0.985 0.985 0.986 0.986 0.986 0.986 0.986 0.985 0.984 0.984 0.983 0.983 0.982 0.981 0.981 0.980 0.980 0.977 0.974 0.968 0.965 0.959 0.950 0.933 0.914 0.872 0.859 0.839 0.805 0.776 0.729 0.694 0.593 0.482 0.405 0.371 0.301 0.241 0.194 0.196 0.149 0.119 0.105 0.104 0.098 0.096 0.096 0.100 0.085 0.092 0.095 0.105 0.121 0.121 0.119 0.119 0.121 0.119 0.121 0.105 0.089 0.092 0.087 0.082 0.094 0.105 0.115 0.108 0.119 0.129 0.138 0.148 0.147 0.145 0.151 0.130 0.116 0.105 0.114 0.108 0.119 0.134 0.139 0.138 0.159 0.166 0.161 0.154 0.153 0.137 0.115 0.109 0.097 0.097 0.091 0.085 0.085 0.085 0.091 0.099 0.092 0.092 0.079 0.081 0.076 0.070 0.077 0.100 0.105 0.097 0.109 0.128 0.119 0.144 0.196 0.245 0.323 0.380 0.521 0.661 0.618 0.617 0.770 0.834 0.890 0.877 0.916 0.935 0.952 0.965 0.967 0.972 0.968 0.975 0.979 0.980 0.984 0.984 0.985 0.987 0.987 0.985 0.986 0.984 0.982 0.977 0.977 0.972 0.970 0.966 0.960 0.949 0.934 0.929 0.901 0.890 0.881 0.873 0.850 0.872 0.884 0.893 0.903 0.897 0.891 0.900 0.912 0.898 0.907 0.898 0.879 0.885 0.884 0.894 0.891 0.904 0.915 0.922 0.925 0.927 0.928 0.934 0.937 0.944 0.948 0.949 0.950 0.954 0.957 0.963 0.967 0.972 0.974 0.975 0.975 0.977 0.979 0.980 0.981 0.981 0.982 0.983 0.983 0.983 0.984 0.984 0.983 0.985 0.984 0.985 0.985 0.985 0.986 0.986 0.986 0.987 0.987 0.988 0.989 0.989 0.988 0.989 0.988 0.988 0.989 0.989 0.989 0.989 0.989 0.988 0.988 0.988 0.988 0.989 0.988 0.988 0.988 0.988 0.988 0.988 0.988 0.988 0.988 0.989 0.988 0.988 0.988 0.988 0.988 0.987 0.987 0.988 0.988 0.987 0.987 0.988 0.987 0.987 0.987 0.987 0.987 0.987 0.987 0.987 0.987 0.987 0.987 0.987 0.986 0.987 0.986 0.986 0.986 0.987 0.987 0.987 0.987 0.987 0.987 0.986 0.986 0.986 0.986 0.986 0.986 0.987 0.987 0.986 0.986 0.986 0.985 0.986 0.987 0.987 0.986 0.987 0.987 0.986 0.986 0.987 0.987 0.986 0.986 0.986 0.987 0.986 0.985 0.986 0.986 0.986 0.985 0.986 0.986 0.986 0.986 0.987 0.986 0.985 0.986 0.986 0.986 0.986 0.986 0.986 0.987 0.986 0.986 0.986 0.987 0.987 0.987 0.987 0.987 0.987 0.987 0.987 0.988 0.988 0.988 0.988 0.987 0.988 0.988 0.988 0.988 0.988 0.988 0.989 0.988 0.989 0.989 0.989 0.989 0.989 0.988 0.989 0.989 0.989 0.989 0.988 0.988 0.988 0.988 0.988 0.988 0.987 0.987 0.987 0.986 0.985 0.985 0.984 0.983 0.982 0.981 0.980 0.979 0.980 0.978 0.978 0.982 0.977 0.979 0.977 0.976 0.976 0.977 0.976 0.975 0.977 0.862
>9tki
0.978 0.978 0.975 0.978 0.979 0.977 0.977 0.978 0.979 0.978 0.978 0.979 0.978 0.978 0.977 0.978 0.979 0.980 0.980 0.979 0.980 0.979 0.979 0.979 0.979 0.978 0.980 0.980 0.981 0.980 0.980 0.981 0.981 0.981 0.982 0.982 0.983 0.983 0.983 0.983 0.982 0.983 0.983 0.983 0.983 0.982 0.983 0.983 0.982 0.982 0.981 0.981 0.981 0.981 0.981 0.982 0.982 0.982 0.982 0.982 0.981 0.981 0.980 0.980 0.979 0.978 0.978 0.978 0.978 0.977 0.977 0.978 0.977 0.977 0.977 0.976 0.976 0.976 0.976 0.975 0.975 0.975 0.973 0.973 0.974 0.973 0.975 0.976 0.977 0.978 0.978 0.978 0.977 0.978 0.978 0.978 0.978 0.978 0.977 0.976 0.976 0.975 0.975 0.975 0.975 0.974 0.975 0.975 0.974 0.974 0.974 0.974 0.974 0.974 0.975 0.974 0.974 0.975 0.975 0.975 0.975 0.975 0.974 0.973 0.972 0.971 0.972 0.972 0.971 0.970 0.969 0.967 0.967 0.967 0.966 0.965 0.963 0.963 0.960 0.957 0.957 0.954 0.956 0.954 0.955 0.955 0.955 0.956 0.954 0.954 0.953 0.956 0.957 0.959 0.959 0.961 0.959 0.961 0.963 0.962 0.962 0.961 0.960 0.963 0.965 0.968 0.969 0.971 0.971 0.972 0.973 0.974 0.975 0.976 0.977 0.979 0.979 0.979 0.980 0.981 0.981 0.981 0.981 0.981 0.982 0.982 0.983 0.983 0.983 0.983 0.982 0.983 0.983 0.983 0.983 0.983 0.983 0.982 0.983 0.983 0.984 0.985 0.985 0.986 0.986 0.986 0.986 0.986 0.985 0.984 0.984 0.983 0.983 0.982 0.981 0.981 0.980 0.980 0.977 0.974 0.968 0.965 0.959 0.950 0.933 0.914 0.872 0.859 0.839 0.805 0.776 0.729 0.694 0.593 0.482 0.405 0.371 0.301 0.241 0.194 0.196 0.149 0.119 0.105 0.104 0.098 0.096 0.096 0.100 0.085 0.092 0.095 0.105 0.121 0.121 0.119 0.119 0.121 0.119 0.121 0.105 0.089 0.092 0.087 0.082 0.094 0.105 0.115 0.108 0.119 0.129 0.138 0.148 0.147 0.145 0.151 0.130 0.116 0.105 0.114 0.108 0.119 0.134 0.139 0.138 0.159 0.166 0.161 0.154 0.153 0.137 0.115 0.109 0.097 0.097 0.091 0.085 0.085 0.085 0.091 0.099 0.092 0.092 0.079 0.081 0.076 0.070 0.077 0.100 0.105 0.097 0.109 0.128 0.119 0.144 0.196 0.245 0.323 0.380 0.521 0.661 0.618 0.617 0.770 0.834 0.890 0.877 0.916 0.935 0.952 0.965 0.967 0.972 0.968 0.975 0.979 0.980 0.984 0.984 0.985 0.987 0.987 0.985 0.986 0.984 0.982 0.977 0.977 0.972 0.970 0.966 0.960 0.949 0.934 0.929 0.901 0.890 0.881 0.873 0.850 0.872 0.884 0.893 0.903 0.897 0.891 0.900 0.912 0.898 0.907 0.898 0.879 0.885 0.884 0.894 0.891 0.904 0.915 0.922 0.925 0.927 0.928 0.934 0.937 0.944 0.948 0.949 0.950 0.954 0.957 0.963 0.967 0.972 0.974 0.975 0.975 0.977 0.979 0.980 0.981 0.981 0.982 0.983 0.983 0.983 0.984 0.984 0.983 0.985 0.984 0.985 0.985 0.985 0.986 0.986 0.986 0.987 0.987 0.988 0.989 0.989 0.988 0.989 0.988 0.988 0.989 0.989 0.989 0.989 0.989 0.988 0.988 0.988 0.988 0.989 0.988 0.988 0.988 0.988 0.988 0.988 0.988 0.988 0.988 0.989 0.988 0.988 0.988 0.988 0.988 0.987 0.987 0.988 0.988 0.987 0.987 0.988 0.987 0.987 0.987 0.987 0.987 0.987 0.987 0.987 0.987 0.987 0.987 0.987 0.986 0.987 0.986 0.986 0.986 0.987 0.987 0.987 0.987 0.987 0.987 0.986 0.986 0.986 0.986 0.986 0.986 0.987 0.987 0.986 0.986 0.986 0.985 0.986 0.987 0.987 0.986 0.987 0.987 0.986 0.986 0.987 0.987 0.986 0.986 0.986 0.987 0.986 0.985 0.986 0.986 0.986 0.985 0.986 0.986 0.986 0.986 0.987 0.986 0.985 0.986 0.986 0.986 0.986 0.986 0.986 0.987 0.986 0.986 0.986 0.987 0.987 0.987 0.987 0.987 0.987 0.987 0.987 0.988 0.988 0.988 0.988 0.987 0.988 0.988 0.988 0.988 0.988 0.988 0.989 0.988 0.989 0.989 0.989 0.989 0.989 0.988 0.989 0.989 0.989 0.989 0.988 0.988 0.988 0.988 0.988 0.988 0.987 0.987 0.987 0.986 0.985 0.985 0.984 0.983 0.982 0.981 0.980 0.979 0.980 0.978 0.978 0.982 0.977 0.979 0.977 0.976 0.976 0.977 0.976 0.975 0.977 0.862
>9tkj
0.978 0.978 0.975 0.978 0.979 0.977 0.977 0.978 0.979 0.978 0.978 0.979 0.978 0.978 0.977 0.978 0.979 0.980 0.980 0.979 0.980 0.979 0.979 0.979 0.979 0.978 0.980 0.980 0.981 0.980 0.980 0.981 0.981 0.981 0.982 0.982 0.983 0.983 0.983 0.983 0.982 0.983 0.983 0.983 0.983 0.982 0.983 0.983 0.982 0.982 0.981 0.981 0.981 0.981 0.981 0.982 0.982 0.982 0.982 0.982 0.981 0.981 0.980 0.980 0.979 0.978 0.978 0.978 0.978 0.977 0.977 0.978 0.977 0.977 0.977 0.976 0.976 0.976 0.976 0.975 0.975 0.975 0.973 0.973 0.974 0.973 0.975 0.976 0.977 0.978 0.978 0.978 0.977 0.978 0.978 0.978 0.978 0.978 0.977 0.976 0.976 0.975 0.975 0.975 0.975 0.974 0.975 0.975 0.974 0.974 0.974 0.974 0.974 0.974 0.975 0.974 0.974 0.975 0.975 0.975 0.975 0.975 0.974 0.973 0.972 0.971 0.972 0.972 0.971 0.970 0.969 0.967 0.967 0.967 0.966 0.965 0.963 0.963 0.960 0.957 0.957 0.954 0.956 0.954 0.955 0.955 0.955 0.956 0.954 0.954 0.953 0.956 0.957 0.959 0.959 0.961 0.959 0.961 0.963 0.962 0.962 0.961 0.960 0.963 0.965 0.968 0.969 0.971 0.971 0.972 0.973 0.974 0.975 0.976 0.977 0.979 0.979 0.979 0.980 0.981 0.981 0.981 0.981 0.981 0.982 0.982 0.983 0.983 0.983 0.983 0.982 0.983 0.983 0.983 0.983 0.983 0.983 0.982 0.983 0.983 0.984 0.985 0.985 0.986 0.986 0.986 0.986 0.986 0.985 0.984 0.984 0.983 0.983 0.982 0.981 0.981 0.980 0.980 0.977 0.974 0.968 0.965 0.959 0.950 0.933 0.914 0.872 0.859 0.839 0.805 0.776 0.729 0.694 0.593 0.482 0.405 0.371 0.301 0.241 0.194 0.196 0.149 0.119 0.105 0.104 0.098 0.096 0.096 0.100 0.085 0.092 0.095 0.105 0.121 0.121 0.119 0.119 0.121 0.119 0.121 0.105 0.089 0.092 0.087 0.082 0.094 0.105 0.115 0.108 0.119 0.129 0.138 0.148 0.147 0.145 0.151 0.130 0.116 0.105 0.114 0.108 0.119 0.134 0.139 0.138 0.159 0.166 0.161 0.154 0.153 0.137 0.115 0.109 0.097 0.097 0.091 0.085 0.085 0.085 0.091 0.099 0.092 0.092 0.079 0.081 0.076 0.070 0.077 0.100 0.105 0.097 0.109 0.128 0.119 0.144 0.196 0.245 0.323 0.380 0.521 0.661 0.618 0.617 0.770 0.834 0.890 0.877 0.916 0.935 0.952 0.965 0.967 0.972 0.968 0.975 0.979 0.980 0.984 0.984 0.985 0.987 0.987 0.985 0.986 0.984 0.982 0.977 0.977 0.972 0.970 0.966 0.960 0.949 0.934 0.929 0.901 0.890 0.881 0.873 0.850 0.872 0.884 0.893 0.903 0.897 0.891 0.900 0.912 0.898 0.907 0.898 0.879 0.885 0.884 0.894 0.891 0.904 0.915 0.922 0.925 0.927 0.928 0.934 0.937 0.944 0.948 0.949 0.950 0.954 0.957 0.963 0.967 0.972 0.974 0.975 0.975 0.977 0.979 0.980 0.981 0.981 0.982 0.983 0.983 0.983 0.984 0.984 0.983 0.985 0.984 0.985 0.985 0.985 0.986 0.986 0.986 0.987 0.987 0.988 0.989 0.989 0.988 0.989 0.988 0.988 0.989 0.989 0.989 0.989 0.989 0.988 0.988 0.988 0.988 0.989 0.988 0.988 0.988 0.988 0.988 0.988 0.988 0.988 0.988 0.989 0.988 0.988 0.988 0.988 0.988 0.987 0.987 0.988 0.988 0.987 0.987 0.988 0.987 0.987 0.987 0.987 0.987 0.987 0.987 0.987 0.987 0.987 0.987 0.987 0.986 0.987 0.986 0.986 0.986 0.987 0.987 0.987 0.987 0.987 0.987 0.986 0.986 0.986 0.986 0.986 0.986 0.987 0.987 0.986 0.986 0.986 0.985 0.986 0.987 0.987 0.986 0.987 0.987 0.986 0.986 0.987 0.987 0.986 0.986 0.986 0.987 0.986 0.985 0.986 0.986 0.986 0.985 0.986 0.986 0.986 0.986 0.987 0.986 0.985 0.986 0.986 0.986 0.986 0.986 0.986 0.987 0.986 0.986 0.986 0.987 0.987 0.987 0.987 0.987 0.987 0.987 0.987 0.988 0.988 0.988 0.988 0.987 0.988 0.988 0.988 0.988 0.988 0.988 0.989 0.988 0.989 0.989 0.989 0.989 0.989 0.988 0.989 0.989 0.989 0.989 0.988 0.988 0.988 0.988 0.988 0.988 0.987 0.987 0.987 0.986 0.985 0.985 0.984 0.983 0.982 0.981 0.980 0.979 0.980 0.978 0.978 0.982 0.977 0.979 0.977 0.976 0.976 0.977 0.976 0.975 0.977 0.862
>9tkk
0.978 0.978 0.975 0.978 0.979 0.977 0.977 0.978 0.979 0.978 0.978 0.979 0.978 0.978 0.977 0.978 0.979 0.980 0.980 0.979 0.980 0.979 0.979 0.979 0.979 0.978 0.980 0.980 0.981 0.980 0.980 0.981 0.981 0.981 0.982 0.982 0.983 0.983 0.983 0.983 0.982 0.983 0.983 0.983 0.983 0.982 0.983 0.983 0.982 0.982 0.981 0.981 0.981 0.981 0.981 0.982 0.982 0.982 0.982 0.982 0.981 0.981 0.980 0.980 0.979 0.978 0.978 0.978 0.978 0.977 0.977 0.978 0.977 0.977 0.977 0.976 0.976 0.976 0.976 0.975 0.975 0.975 0.973 0.973 0.974 0.973 0.975 0.976 0.977 0.978 0.978 0.978 0.977 0.978 0.978 0.978 0.978 0.978 0.977 0.976 0.976 0.975 0.975 0.975 0.975 0.974 0.975 0.975 0.974 0.974 0.974 0.974 0.974 0.974 0.975 0.974 0.974 0.975 0.975 0.975 0.975 0.975 0.974 0.973 0.972 0.971 0.972 0.972 0.971 0.970 0.969 0.967 0.967 0.967 0.966 0.965 0.963 0.963 0.960 0.957 0.957 0.954 0.956 0.954 0.955 0.955 0.955 0.956 0.954 0.954 0.953 0.956 0.957 0.959 0.959 0.961 0.959 0.961 0.963 0.962 0.962 0.961 0.960 0.963 0.965 0.968 0.969 0.971 0.971 0.972 0.973 0.974 0.975 0.976 0.977 0.979 0.979 0.979 0.980 0.981 0.981 0.981 0.981 0.981 0.982 0.982 0.983 0.983 0.983 0.983 0.982 0.983 0.983 0.983 0.983 0.983 0.983 0.982 0.983 0.983 0.984 0.985 0.985 0.986 0.986 0.986 0.986 0.986 0.985 0.984 0.984 0.983 0.983 0.982 0.981 0.981 0.980 0.980 0.977 0.974 0.968 0.965 0.959 0.950 0.933 0.914 0.872 0.859 0.839 0.805 0.776 0.729 0.694 0.593 0.482 0.405 0.371 0.301 0.241 0.194 0.196 0.149 0.119 0.105 0.104 0.098 0.096 0.096 0.100 0.085 0.092 0.095 0.105 0.121 0.121 0.119 0.119 0.121 0.119 0.121 0.105 0.089 0.092 0.087 0.082 0.094 0.105 0.115 0.108 0.119 0.129 0.138 0.148 0.147 0.145 0.151 0.130 0.116 0.105 0.114 0.108 0.119 0.134 0.139 0.138 0.159 0.166 0.161 0.154 0.153 0.137 0.115 0.109 0.097 0.097 0.091 0.085 0.085 0.085 0.091 0.099 0.092 0.092 0.079 0.081 0.076 0.070 0.077 0.100 0.105 0.097 0.109 0.128 0.119 0.144 0.196 0.245 0.323 0.380 0.521 0.661 0.618 0.617 0.770 0.834 0.890 0.877 0.916 0.935 0.952 0.965 0.967 0.972 0.968 0.975 0.979 0.980 0.984 0.984 0.985 0.987 0.987 0.985 0.986 0.984 0.982 0.977 0.977 0.972 0.970 0.966 0.960 0.949 0.934 0.929 0.901 0.890 0.881 0.873 0.850 0.872 0.884 0.893 0.903 0.897 0.891 0.900 0.912 0.898 0.907 0.898 0.879 0.885 0.884 0.894 0.891 0.904 0.915 0.922 0.925 0.927 0.928 0.934 0.937 0.944 0.948 0.949 0.950 0.954 0.957 0.963 0.967 0.972 0.974 0.975 0.975 0.977 0.979 0.980 0.981 0.981 0.982 0.983 0.983 0.983 0.984 0.984 0.983 0.985 0.984 0.985 0.985 0.985 0.986 0.986 0.986 0.987 0.987 0.988 0.989 0.989 0.988 0.989 0.988 0.988 0.989 0.989 0.989 0.989 0.989 0.988 0.988 0.988 0.988 0.989 0.988 0.988 0.988 0.988 0.988 0.988 0.988 0.988 0.988 0.989 0.988 0.988 0.988 0.988 0.988 0.987 0.987 0.988 0.988 0.987 0.987 0.988 0.987 0.987 0.987 0.987 0.987 0.987 0.987 0.987 0.987 0.987 0.987 0.987 0.986 0.987 0.986 0.986 0.986 0.987 0.987 0.987 0.987 0.987 0.987 0.986 0.986 0.986 0.986 0.986 0.986 0.987 0.987 0.986 0.986 0.986 0.985 0.986 0.987 0.987 0.986 0.987 0.987 0.986 0.986 0.987 0.987 0.986 0.986 0.986 0.987 0.986 0.985 0.986 0.986 0.986 0.985 0.986 0.986 0.986 0.986 0.987 0.986 0.985 0.986 0.986 0.986 0.986 0.986 0.986 0.987 0.986 0.986 0.986 0.987 0.987 0.987 0.987 0.987 0.987 0.987 0.987 0.988 0.988 0.988 0.988 0.987 0.988 0.988 0.988 0.988 0.988 0.988 0.989 0.988 0.989 0.989 0.989 0.989 0.989 0.988 0.989 0.989 0.989 0.989 0.988 0.988 0.988 0.988 0.988 0.988 0.987 0.987 0.987 0.986 0.985 0.985 0.984 0.983 0.982 0.981 0.980 0.979 0.980 0.978 0.978 0.982 0.977 0.979 0.977 0.976 0.976 0.977 0.976 0.975 0.977 0.862
>9tkl
0.978 0.978 0.975 0.978 0.979 0.977 0.977 0.978 0.979 0.978 0.978 0.979 0.978 0.978 0.977 0.978 0.979 0.980 0.980 0.979 0.980 0.979 0.979 0.979 0.979 0.978 0.980 0.980 0.981 0.980 0.980 0.981 0.981 0.981 0.982 0.982 0.983 0.983 0.983 0.983 0.982 0.983 0.983 0.983 0.983 0.982 0.983 0.983 0.982 0.982 0.981 0.981 0.981 0.981 0.981 0.982 0.982 0.982 0.982 0.982 0.981 0.981 0.980 0.980 0.979 0.978 0.978 0.978 0.978 0.977 0.977 0.978 0.977 0.977 0.977 0.976 0.976 0.976 0.976 0.975 0.975 0.975 0.973 0.973 0.974 0.973 0.975 0.976 0.977 0.978 0.978 0.978 0.977 0.978 0.978 0.978 0.978 0.978 0.977 0.976 0.976 0.975 0.975 0.975 0.975 0.974 0.975 0.975 0.974 0.974 0.974 0.974 0.974 0.974 0.975 0.974 0.974 0.975 0.975 0.975 0.975 0.975 0.974 0.973 0.972 0.971 0.972 0.972 0.971 0.970 0.969 0.967 0.967 0.967 0.966 0.965 0.963 0.963 0.960 0.957 0.957 0.954 0.956 0.954 0.955 0.955 0.955 0.956 0.954 0.954 0.953 0.956 0.957 0.959 0.959 0.961 0.959 0.961 0.963 0.962 0.962 0.961 0.960 0.963 0.965 0.968 0.969 0.971 0.971 0.972 0.973 0.974 0.975 0.976 0.977 0.979 0.979 0.979 0.980 0.981 0.981 0.981 0.981 0.981 0.982 0.982 0.983 0.983 0.983 0.983 0.982 0.983 0.983 0.983 0.983 0.983 0.983 0.982 0.983 0.983 0.984 0.985 0.985 0.986 0.986 0.986 0.986 0.986 0.985 0.984 0.984 0.983 0.983 0.982 0.981 0.981 0.980 0.980 0.977 0.974 0.968 0.965 0.959 0.950 0.933 0.914 0.872 0.859 0.839 0.805 0.776 0.729 0.694 0.593 0.482 0.405 0.371 0.301 0.241 0.194 0.196 0.149 0.119 0.105 0.104 0.098 0.096 0.096 0.100 0.085 0.092 0.095 0.105 0.121 0.121 0.119 0.119 0.121 0.119 0.121 0.105 0.089 0.092 0.087 0.082 0.094 0.105 0.115 0.108 0.119 0.129 0.138 0.148 0.147 0.145 0.151 0.130 0.116 0.105 0.114 0.108 0.119 0.134 0.139 0.138 0.159 0.166 0.161 0.154 0.153 0.137 0.115 0.109 0.097 0.097 0.091 0.085 0.085 0.085 0.091 0.099 0.092 0.092 0.079 0.081 0.076 0.070 0.077 0.100 0.105 0.097 0.109 0.128 0.119 0.144 0.196 0.245 0.323 0.380 0.521 0.661 0.618 0.617 0.770 0.834 0.890 0.877 0.916 0.935 0.952 0.965 0.967 0.972 0.968 0.975 0.979 0.980 0.984 0.984 0.985 0.987 0.987 0.985 0.986 0.984 0.982 0.977 0.977 0.972 0.970 0.966 0.960 0.949 0.934 0.929 0.901 0.890 0.881 0.873 0.850 0.872 0.884 0.893 0.903 0.897 0.891 0.900 0.912 0.898 0.907 0.898 0.879 0.885 0.884 0.894 0.891 0.904 0.915 0.922 0.925 0.927 0.928 0.934 0.937 0.944 0.948 0.949 0.950 0.954 0.957 0.963 0.967 0.972 0.974 0.975 0.975 0.977 0.979 0.980 0.981 0.981 0.982 0.983 0.983 0.983 0.984 0.984 0.983 0.985 0.984 0.985 0.985 0.985 0.986 0.986 0.986 0.987 0.987 0.988 0.989 0.989 0.988 0.989 0.988 0.988 0.989 0.989 0.989 0.989 0.989 0.988 0.988 0.988 0.988 0.989 0.988 0.988 0.988 0.988 0.988 0.988 0.988 0.988 0.988 0.989 0.988 0.988 0.988 0.988 0.988 0.987 0.987 0.988 0.988 0.987 0.987 0.988 0.987 0.987 0.987 0.987 0.987 0.987 0.987 0.987 0.987 0.987 0.987 0.987 0.986 0.987 0.986 0.986 0.986 0.987 0.987 0.987 0.987 0.987 0.987 0.986 0.986 0.986 0.986 0.986 0.986 0.987 0.987 0.986 0.986 0.986 0.985 0.986 0.987 0.987 0.986 0.987 0.987 0.986 0.986 0.987 0.987 0.986 0.986 0.986 0.987 0.986 0.985 0.986 0.986 0.986 0.985 0.986 0.986 0.986 0.986 0.987 0.986 0.985 0.986 0.986 0.986 0.986 0.986 0.986 0.987 0.986 0.986 0.986 0.987 0.987 0.987 0.987 0.987 0.987 0.987 0.987 0.988 0.988 0.988 0.988 0.987 0.988 0.988 0.988 0.988 0.988 0.988 0.989 0.988 0.989 0.989 0.989 0.989 0.989 0.988 0.989 0.989 0.989 0.989 0.988 0.988 0.988 0.988 0.988 0.988 0.987 0.987 0.987 0.986 0.985 0.985 0.984 0.983 0.982 0.981 0.980 0.979 0.980 0.978 0.978 0.982 0.977 0.979 0.977 0.976 0.976 0.977 0.976 0.975 0.977 0.862
>9tkz
0.971 0.973 0.975 0.976 0.977 0.979 0.979 0.979 0.978 0.978 0.977 0.978 0.979 0.980 0.978 0.979 0.979 0.978 0.979 0.980 0.979 0.980 0.980 0.980 0.978 0.978 0.978 0.978 0.978 0.979 0.979 0.979 0.980 0.980 0.980 0.981 0.981 0.981 0.981 0.982 0.981 0.982 0.982 0.981 0.981 0.980 0.980 0.980 0.981 0.981 0.981 0.981 0.982 0.981 0.980 0.979 0.979 0.978 0.978 0.977 0.974 0.975 0.975 0.973 0.975 0.973 0.974 0.974 0.974 0.975 0.973 0.974 0.972 0.972 0.971 0.971 0.972 0.969 0.969 0.969 0.968 0.969 0.968 0.967 0.969 0.969 0.970 0.969 0.970 0.968 0.968 0.969 0.966 0.970 0.973
>9tl2
0.978 0.978 0.975 0.978 0.979 0.977 0.977 0.978 0.979 0.978 0.978 0.979 0.978 0.978 0.977 0.978 0.979 0.980 0.980 0.979 0.980 0.979 0.979 0.979 0.979 0.978 0.980 0.980 0.981 0.980 0.980 0.981 0.981 0.981 0.982 0.982 0.983 0.983 0.983 0.983 0.982 0.983 0.983 0.983 0.983 0.982 0.983 0.983 0.982 0.982 0.981 0.981 0.981 0.981 0.981 0.982 0.982 0.982 0.982 0.982 0.981 0.981 0.980 0.980 0.979 0.978 0.978 0.978 0.978 0.977 0.977 0.978 0.977 0.977 0.977 0.976 0.976 0.976 0.976 0.975 0.975 0.975 0.973 0.973 0.974 0.973 0.975 0.976 0.977 0.978 0.978 0.978 0.977 0.978 0.978 0.978 0.978 0.978 0.977 0.976 0.976 0.975 0.975 0.975 0.975 0.974 0.975 0.975 0.974 0.974 0.974 0.974 0.974 0.974 0.975 0.974 0.974 0.975 0.975 0.975 0.975 0.975 0.974 0.973 0.972 0.971 0.972 0.972 0.971 0.970 0.969 0.967 0.967 0.967 0.966 0.965 0.963 0.963 0.960 0.957 0.957 0.954 0.956 0.954 0.955 0.955 0.955 0.956 0.954 0.954 0.953 0.956 0.957 0.959 0.959 0.961 0.959 0.961 0.963 0.962 0.962 0.961 0.960 0.963 0.965 0.968 0.969 0.971 0.971 0.972 0.973 0.974 0.975 0.976 0.977 0.979 0.979 0.979 0.980 0.981 0.981 0.981 0.981 0.981 0.982 0.982 0.983 0.983 0.983 0.983 0.982 0.983 0.983 0.983 0.983 0.983 0.983 0.982 0.983 0.983 0.984 0.985 0.985 0.986 0.986 0.986 0.986 0.986 0.985 0.984 0.984 0.983 0.983 0.982 0.981 0.981 0.980 0.980 0.977 0.974 0.968 0.965 0.959 0.950 0.933 0.914 0.872 0.859 0.839 0.805 0.776 0.729 0.694 0.593 0.482 0.405 0.371 0.301 0.241 0.194 0.196 0.149 0.119 0.105 0.104 0.098 0.096 0.096 0.100 0.085 0.092 0.095 0.105 0.121 0.121 0.119 0.119 0.121 0.119 0.121 0.105 0.089 0.092 0.087 0.082 0.094 0.105 0.115 0.108 0.119 0.129 0.138 0.148 0.147 0.145 0.151 0.130 0.116 0.105 0.114 0.108 0.119 0.134 0.139 0.138 0.159 0.166 0.161 0.154 0.153 0.137 0.115 0.109 0.097 0.097 0.091 0.085 0.085 0.085 0.091 0.099 0.092 0.092 0.079 0.081 0.076 0.070 0.077 0.100 0.105 0.097 0.109 0.128 0.119 0.144 0.196 0.245 0.323 0.380 0.521 0.661 0.618 0.617 0.770 0.834 0.890 0.877 0.916 0.935 0.952 0.965 0.967 0.972 0.968 0.975 0.979 0.980 0.984 0.984 0.985 0.987 0.987 0.985 0.986 0.984 0.982 0.977 0.977 0.972 0.970 0.966 0.960 0.949 0.934 0.929 0.901 0.890 0.881 0.873 0.850 0.872 0.884 0.893 0.903 0.897 0.891 0.900 0.912 0.898 0.907 0.898 0.879 0.885 0.884 0.894 0.891 0.904 0.915 0.922 0.925 0.927 0.928 0.934 0.937 0.944 0.948 0.949 0.950 0.954 0.957 0.963 0.967 0.972 0.974 0.975 0.975 0.977 0.979 0.980 0.981 0.981 0.982 0.983 0.983 0.983 0.984 0.984 0.983 0.985 0.984 0.985 0.985 0.985 0.986 0.986 0.986 0.987 0.987 0.988 0.989 0.989 0.988 0.989 0.988 0.988 0.989 0.989 0.989 0.989 0.989 0.988 0.988 0.988 0.988 0.989 0.988 0.988 0.988 0.988 0.988 0.988 0.988 0.988 0.988 0.989 0.988 0.988 0.988 0.988 0.988 0.987 0.987 0.988 0.988 0.987 0.987 0.988 0.987 0.987 0.987 0.987 0.987 0.987 0.987 0.987 0.987 0.987 0.987 0.987 0.986 0.987 0.986 0.986 0.986 0.987 0.987 0.987 0.987 0.987 0.987 0.986 0.986 0.986 0.986 0.986 0.986 0.987 0.987 0.986 0.986 0.986 0.985 0.986 0.987 0.987 0.986 0.987 0.987 0.986 0.986 0.987 0.987 0.986 0.986 0.986 0.987 0.986 0.985 0.986 0.986 0.986 0.985 0.986 0.986 0.986 0.986 0.987 0.986 0.985 0.986 0.986 0.986 0.986 0.986 0.986 0.987 0.986 0.986 0.986 0.987 0.987 0.987 0.987 0.987 0.987 0.987 0.987 0.988 0.988 0.988 0.988 0.987 0.988 0.988 0.988 0.988 0.988 0.988 0.989 0.988 0.989 0.989 0.989 0.989 0.989 0.988 0.989 0.989 0.989 0.989 0.988 0.988 0.988 0.988 0.988 0.988 0.987 0.987 0.987 0.986 0.985 0.985 0.984 0.983 0.982 0.981 0.980 0.979 0.980 0.978 0.978 0.982 0.977 0.979 0.977 0.976 0.976 0.977 0.976 0.975 0.977 0.862
>9tpt
0.710 0.654 0.640 0.646 0.585 0.562 0.626 0.569 0.589 0.692 0.655 0.604 0.556 0.616 0.622 0.600 0.646 0.652 0.652 0.628 0.607 0.625 0.601 0.593 0.596 0.566 0.559 0.514 0.512 0.497 0.503 0.490 0.525 0.578 0.552 0.566 0.618 0.603 0.610 0.624 0.621 0.636 0.654 0.661 0.676 0.674 0.673 0.688 0.710 0.723 0.752 0.744 0.759 0.747 0.740 0.774 0.747 0.729 0.731 0.735 0.708 0.666 0.654 0.638 0.612
>9tzx
0.921 0.918 0.934 0.933 0.928 0.928 0.936 0.934 0.937 0.940 0.941 0.946 0.944 0.944 0.949 0.953 0.955 0.955 0.954 0.953 0.956 0.955 0.961 0.963 0.968 0.967 0.971 0.971 0.973 0.975 0.975 0.977 0.977 0.979 0.980 0.979 0.979 0.979 0.979 0.979 0.980 0.981 0.981 0.982 0.982 0.983 0.983 0.983 0.983 0.983 0.983 0.983 0.983 0.983 0.983 0.983 0.983 0.982 0.983 0.983 0.983 0.983 0.983 0.983 0.983 0.983 0.983 0.983 0.983 0.983 0.983 0.983 0.983 0.984 0.983 0.983 0.984 0.984 0.984 0.984 0.984 0.984 0.984 0.984 0.984 0.984 0.984 0.984 0.984 0.984 0.984 0.984 0.984 0.984 0.984 0.983 0.984 0.984 0.984 0.983 0.983 0.982 0.982 0.982 0.982 0.982 0.981 0.982 0.981 0.981 0.982 0.981 0.982 0.981 0.981 0.981 0.981 0.980 0.980 0.981 0.980 0.980 0.980 0.980 0.980 0.981 0.980 0.980 0.981 0.981 0.980 0.981 0.981 0.981 0.981 0.981 0.982 0.982 0.982 0.982 0.983 0.983 0.983 0.984 0.984 0.985 0.985 0.985 0.985 0.985 0.985 0.985 0.985 0.985 0.985 0.985 0.985 0.985 0.985 0.985 0.985 0.985 0.986 0.985 0.986 0.986 0.986 0.985 0.985 0.985 0.985 0.985 0.986 0.986 0.985 0.985 0.985 0.985 0.985 0.985 0.985 0.985 0.985 0.985 0.985 0.985 0.985 0.985 0.985 0.985 0.985 0.985 0.985 0.985 0.986 0.986 0.985 0.985 0.985 0.985 0.985 0.986 0.986 0.986 0.985 0.985 0.985 0.985 0.986 0.985 0.985 0.985 0.985 0.985 0.985 0.985 0.985 0.984 0.984 0.984 0.984 0.984 0.984 0.984 0.984 0.983 0.983 0.983 0.983 0.983 0.983 0.983 0.982 0.982 0.982 0.983 0.982 0.981 0.981 0.981 0.980 0.979 0.979 0.979 0.978 0.978 0.977 0.977 0.978 0.977 0.977 0.977 0.976 0.976 0.974 0.973 0.973 0.970 0.968 0.966 0.968 0.967 0.967 0.965 0.955 0.951 0.943 0.916 0.927 0.932 0.916 0.901 0.925 0.921 0.916 0.915 0.915 0.924 0.947 0.960 0.960 0.957 0.958 0.957 0.957 0.956 0.955 0.957 0.953 0.955 0.964 0.964 0.958 0.961 0.955 0.959 0.950 0.960 0.958 0.950 0.954 0.952 0.945 0.951 0.942 0.901 0.953 0.954 0.957 0.958 0.951 0.946 0.947 0.945 0.912 0.923 0.806 0.923 0.922 0.918 0.942 0.935 0.942 0.946 0.909 0.904 0.920 0.931 0.947 0.950 0.950 0.942 0.947 0.955 0.948 0.942 0.914 0.875 0.834 0.837 0.817 0.833 0.801 0.760 0.788 0.829 0.807 0.807 0.713 0.727 0.539 0.652 0.747 0.856 0.851 0.876 0.901 0.912 0.919 0.934 0.937 0.941 0.948 0.950 0.953 0.958 0.960 0.958 0.960 0.955 0.951 0.954 0.959 0.962 0.959 0.957 0.960 0.961 0.962 0.960 0.956 0.959 0.958 0.961 0.962 0.963 0.965 0.965 0.966 0.969 0.970 0.970 0.970 0.971 0.971 0.970 0.969 0.969 0.971 0.974 0.973 0.972 0.972 0.972 0.971 0.972 0.972 0.972 0.973 0.974 0.973 0.972 0.969 0.969 0.967 0.961 0.954 0.946 0.941 0.934 0.935 0.937 0.925 0.902 0.879 0.862 0.850 0.868 0.900 0.890 0.888 0.871 0.854 0.820 0.820 0.795 0.766 0.819 0.828 0.808 0.807
>9u02
0.271 0.333 0.356 0.338 0.363 0.375 0.414 0.437 0.405 0.416 0.426 0.407 0.446 0.463 0.473 0.494 0.495 0.477 0.492 0.505 0.490 0.495 0.474 0.446 0.415 0.385 0.388 0.384 0.349 0.358 0.347 0.336 0.317 0.292 0.296 0.281 0.311 0.323 0.328 0.308 0.315 0.293 0.241 0.185 0.264 0.238 0.240 0.268 0.505 0.004
>9u4l
0.489 0.535 0.426 0.432 0.420 0.449 0.395 0.360 0.354 0.336 0.304 0.285 0.234 0.202 0.180 0.168 0.163 0.168 0.168 0.164 0.150 0.160 0.169 0.161 0.153 0.140 0.145 0.137 0.119 0.119 0.128 0.123 0.115 0.103 0.115 0.123 0.110 0.105 0.111 0.114 0.100 0.083 0.081 0.083 0.079 0.069 0.074 0.072 0.072 0.076 0.072 0.080 0.082 0.081 0.082 0.085 0.096 0.100 0.099 0.088 0.084 0.069 0.064 0.058 0.056 0.059 0.065 0.071 0.070 0.082 0.081 0.085 0.095 0.096 0.097 0.090 0.092 0.079 0.085 0.086 0.090 0.075 0.078 0.088 0.092 0.105 0.118 0.144 0.165 0.182 0.188 0.203 0.205 0.212 0.221 0.230 0.213 0.224 0.233 0.257 0.251 0.277 0.269 0.271 0.247 0.257 0.261 0.281 0.292 0.305 0.292 0.286 0.243 0.218 0.199 0.195 0.178 0.168 0.158 0.141 0.135 0.122 0.139 0.150 0.146 0.135 0.135 0.129 0.161 0.156 0.183 0.177 0.206 0.190 0.164 0.164 0.150 0.153 0.169 0.278 0.345 0.391 0.410 0.453 0.551 0.568 0.612 0.615 0.602 0.666 0.700 0.749 0.783 0.828 0.877 0.909 0.923 0.935 0.945 0.950 0.951 0.956 0.957 0.956 0.965 0.967 0.970 0.970 0.971 0.968 0.972 0.972 0.973
>9u4u
0.964 0.967 0.971 0.976 0.975 0.978 0.980 0.981 0.980 0.980 0.979 0.978 0.978 0.974 0.969 0.965 0.973 0.973 0.974 0.969 0.966 0.964 0.963 0.959 0.953 0.954 0.955 0.954 0.952 0.953 0.949 0.947 0.947 0.944 0.941 0.946 0.954 0.957 0.961 0.961 0.962 0.956 0.956 0.956 0.959 0.961 0.960 0.954 0.954 0.950 0.949 0.944 0.943 0.947 0.944 0.949 0.952 0.957 0.960 0.962 0.967 0.969 0.970 0.970 0.971 0.972 0.972 0.972 0.973 0.975 0.976 0.974 0.974 0.973 0.973 0.974 0.971 0.972 0.970 0.968 0.969 0.968 0.964 0.963 0.966 0.964 0.962 0.959 0.954 0.953 0.954 0.952 0.955 0.956 0.956 0.959 0.958 0.949 0.943 0.927 0.920 0.925 0.932 0.916 0.910 0.910 0.923 0.914 0.930 0.924 0.918 0.905 0.906 0.905 0.898 0.899 0.894 0.911 0.918 0.926 0.930 0.943 0.941 0.934 0.940 0.948 0.951 0.953 0.959 0.959 0.960 0.961 0.965 0.971 0.973 0.973 0.975 0.975 0.976 0.975 0.972 0.971 0.970 0.968 0.969 0.967 0.969 0.971 0.975 0.977 0.979 0.976 0.975 0.972 0.967 0.958 0.949 0.945 0.959 0.947 0.943 0.685 0.700 0.745 0.791 0.750 0.735 0.672 0.676 0.400 0.266 0.455 0.408 0.426 0.380 0.382 0.577 0.685 0.829 0.839 0.762 0.367 0.330 0.365 0.402 0.246 0.272 0.295 0.388 0.622 0.663 0.687 0.730 0.709 0.796 0.804 0.878 0.876 0.929 0.952 0.949 0.957 0.957 0.959 0.962 0.964 0.965 0.967 0.972 0.972 0.976 0.976 0.975 0.975 0.974 0.972 0.972 0.972 0.973 0.970 0.970 0.969 0.967 0.967 0.967 0.962 0.957 0.954 0.952 0.950 0.941 0.934 0.933 0.921 0.904 0.867 0.844 0.806 0.785 0.867 0.887 0.866 0.875 0.335 0.441 0.537 0.703 0.818 0.925 0.925
>9uf6
0.509 0.733 0.748 0.762 0.780 0.724 0.777 0.813 0.789 0.790 0.782 0.729 0.727 0.669 0.662 0.706 0.675 0.677 0.680 0.703 0.699 0.662 0.615 0.743 0.664 0.603 0.598 0.565 0.592 0.637 0.700 0.792 0.842 0.838 0.746 0.779 0.819 0.887 0.872 0.889 0.898 0.866 0.833 0.880 0.849 0.837 0.846 0.832 0.850 0.831 0.862 0.795 0.765 0.749 0.691 0.660 0.654 0.574 0.519 0.545 0.566 0.592 0.624 0.637 0.652 0.681 0.669 0.683 0.684 0.665 0.651 0.674 0.695 0.700 0.707 0.688 0.675 0.679 0.715 0.779 0.805 0.807 0.804 0.833 0.845 0.874 0.885 0.896 0.895 0.892 0.920 0.921 0.929 0.935 0.938 0.942 0.943 0.943 0.938 0.926 0.915 0.917 0.933 0.954 0.954 0.952 0.945 0.948 0.952 0.947 0.955 0.952 0.956 0.961 0.964 0.964 0.965 0.962 0.960 0.963 0.961 0.961 0.960 0.959 0.957 0.955 0.956 0.960 0.962 0.968 0.971 0.969 0.962 0.972 0.978 0.960 0.960 0.959 0.966 0.006
>9ufd
0.509 0.733 0.748 0.762 0.780 0.724 0.777 0.813 0.789 0.790 0.782 0.729 0.727 0.669 0.662 0.706 0.675 0.677 0.680 0.703 0.699 0.662 0.615 0.743 0.664 0.603 0.598 0.565 0.592 0.637 0.700 0.792 0.842 0.838 0.746 0.779 0.819 0.887 0.872 0.889 0.898 0.866 0.833 0.880 0.849 0.837 0.846 0.832 0.850 0.831 0.862 0.795 0.765 0.749 0.691 0.660 0.654 0.574 0.519 0.545 0.566 0.592 0.624 0.637 0.652 0.681 0.669 0.683 0.684 0.665 0.651 0.674 0.695 0.700 0.707 0.688 0.675 0.679 0.715 0.779 0.805 0.807 0.804 0.833 0.845 0.874 0.885 0.896 0.895 0.892 0.920 0.921 0.929 0.935 0.938 0.942 0.943 0.943 0.938 0.926 0.915 0.917 0.933 0.954 0.954 0.952 0.945 0.948 0.952 0.947 0.955 0.952 0.956 0.961 0.964 0.964 0.965 0.962 0.960 0.963 0.961 0.961 0.960 0.959 0.957 0.955 0.956 0.960 0.962 0.968 0.971 0.969 0.962 0.972 0.978 0.960 0.960 0.959 0.966 0.006
>9uff
0.509 0.733 0.748 0.762 0.780 0.724 0.777 0.813 0.789 0.790 0.782 0.729 0.727 0.669 0.662 0.706 0.675 0.677 0.680 0.703 0.699 0.662 0.615 0.743 0.664 0.603 0.598 0.565 0.592 0.637 0.700 0.792 0.842 0.838 0.746 0.779 0.819 0.887 0.872 0.889 0.898 0.866 0.833 0.880 0.849 0.837 0.846 0.832 0.850 0.831 0.862 0.795 0.765 0.749 0.691 0.660 0.654 0.574 0.519 0.545 0.566 0.592 0.624 0.637 0.652 0.681 0.669 0.683 0.684 0.665 0.651 0.674 0.695 0.700 0.707 0.688 0.675 0.679 0.715 0.779 0.805 0.807 0.804 0.833 0.845 0.874 0.885 0.896 0.895 0.892 0.920 0.921 0.929 0.935 0.938 0.942 0.943 0.943 0.938 0.926 0.915 0.917 0.933 0.954 0.954 0.952 0.945 0.948 0.952 0.947 0.955 0.952 0.956 0.961 0.964 0.964 0.965 0.962 0.960 0.963 0.961 0.961 0.960 0.959 0.957 0.955 0.956 0.960 0.962 0.968 0.971 0.969 0.962 0.972 0.978 0.960 0.960 0.959 0.966 0.006
>9ufl
0.509 0.733 0.748 0.762 0.780 0.724 0.777 0.813 0.789 0.790 0.782 0.729 0.727 0.669 0.662 0.706 0.675 0.677 0.680 0.703 0.699 0.662 0.615 0.743 0.664 0.603 0.598 0.565 0.592 0.637 0.700 0.792 0.842 0.838 0.746 0.779 0.819 0.887 0.872 0.889 0.898 0.866 0.833 0.880 0.849 0.837 0.846 0.832 0.850 0.831 0.862 0.795 0.765 0.749 0.691 0.660 0.654 0.574 0.519 0.545 0.566 0.592 0.624 0.637 0.652 0.681 0.669 0.683 0.684 0.665 0.651 0.674 0.695 0.700 0.707 0.688 0.675 0.679 0.715 0.779 0.805 0.807 0.804 0.833 0.845 0.874 0.885 0.896 0.895 0.892 0.920 0.921 0.929 0.935 0.938 0.942 0.943 0.943 0.938 0.926 0.915 0.917 0.933 0.954 0.954 0.952 0.945 0.948 0.952 0.947 0.955 0.952 0.956 0.961 0.964 0.964 0.965 0.962 0.960 0.963 0.961 0.961 0.960 0.959 0.957 0.955 0.956 0.960 0.962 0.968 0.971 0.969 0.962 0.972 0.978 0.960 0.960 0.959 0.966 0.006
>9ufs
0.509 0.733 0.748 0.762 0.780 0.724 0.777 0.813 0.789 0.790 0.782 0.729 0.727 0.669 0.662 0.706 0.675 0.677 0.680 0.703 0.699 0.662 0.615 0.743 0.664 0.603 0.598 0.565 0.592 0.637 0.700 0.792 0.842 0.838 0.746 0.779 0.819 0.887 0.872 0.889 0.898 0.866 0.833 0.880 0.849 0.837 0.846 0.832 0.850 0.831 0.862 0.795 0.765 0.749 0.691 0.660 0.654 0.574 0.519 0.545 0.566 0.592 0.624 0.637 0.652 0.681 0.669 0.683 0.684 0.665 0.651 0.674 0.695 0.700 0.707 0.688 0.675 0.679 0.715 0.779 0.805 0.807 0.804 0.833 0.845 0.874 0.885 0.896 0.895 0.892 0.920 0.921 0.929 0.935 0.938 0.942 0.943 0.943 0.938 0.926 0.915 0.917 0.933 0.954 0.954 0.952 0.945 0.948 0.952 0.947 0.955 0.952 0.956 0.961 0.964 0.964 0.965 0.962 0.960 0.963 0.961 0.961 0.960 0.959 0.957 0.955 0.956 0.960 0.962 0.968 0.971 0.969 0.962 0.972 0.978 0.960 0.960 0.959 0.966 0.006
>9ufx
0.509 0.733 0.748 0.762 0.780 0.724 0.777 0.813 0.789 0.790 0.782 0.729 0.727 0.669 0.662 0.706 0.675 0.677 0.680 0.703 0.699 0.662 0.615 0.743 0.664 0.603 0.598 0.565 0.592 0.637 0.700 0.792 0.842 0.838 0.746 0.779 0.819 0.887 0.872 0.889 0.898 0.866 0.833 0.880 0.849 0.837 0.846 0.832 0.850 0.831 0.862 0.795 0.765 0.749 0.691 0.660 0.654 0.574 0.519 0.545 0.566 0.592 0.624 0.637 0.652 0.681 0.669 0.683 0.684 0.665 0.651 0.674 0.695 0.700 0.707 0.688 0.675 0.679 0.715 0.779 0.805 0.807 0.804 0.833 0.845 0.874 0.885 0.896 0.895 0.892 0.920 0.921 0.929 0.935 0.938 0.942 0.943 0.943 0.938 0.926 0.915 0.917 0.933 0.954 0.954 0.952 0.945 0.948 0.952 0.947 0.955 0.952 0.956 0.961 0.964 0.964 0.965 0.962 0.960 0.963 0.961 0.961 0.960 0.959 0.957 0.955 0.956 0.960 0.962 0.968 0.971 0.969 0.962 0.972 0.978 0.960 0.960 0.959 0.966 0.006
>9ufy
0.509 0.733 0.748 0.762 0.780 0.724 0.777 0.813 0.789 0.790 0.782 0.729 0.727 0.669 0.662 0.706 0.675 0.677 0.680 0.703 0.699 0.662 0.615 0.743 0.664 0.603 0.598 0.565 0.592 0.637 0.700 0.792 0.842 0.838 0.746 0.779 0.819 0.887 0.872 0.889 0.898 0.866 0.833 0.880 0.849 0.837 0.846 0.832 0.850 0.831 0.862 0.795 0.765 0.749 0.691 0.660 0.654 0.574 0.519 0.545 0.566 0.592 0.624 0.637 0.652 0.681 0.669 0.683 0.684 0.665 0.651 0.674 0.695 0.700 0.707 0.688 0.675 0.679 0.715 0.779 0.805 0.807 0.804 0.833 0.845 0.874 0.885 0.896 0.895 0.892 0.920 0.921 0.929 0.935 0.938 0.942 0.943 0.943 0.938 0.926 0.915 0.917 0.933 0.954 0.954 0.952 0.945 0.948 0.952 0.947 0.955 0.952 0.956 0.961 0.964 0.964 0.965 0.962 0.960 0.963 0.961 0.961 0.960 0.959 0.957 0.955 0.956 0.960 0.962 0.968 0.971 0.969 0.962 0.972 0.978 0.960 0.960 0.959 0.966 0.006
>9ug0
0.509 0.733 0.748 0.762 0.780 0.724 0.777 0.813 0.789 0.790 0.782 0.729 0.727 0.669 0.662 0.706 0.675 0.677 0.680 0.703 0.699 0.662 0.615 0.743 0.664 0.603 0.598 0.565 0.592 0.637 0.700 0.792 0.842 0.838 0.746 0.779 0.819 0.887 0.872 0.889 0.898 0.866 0.833 0.880 0.849 0.837 0.846 0.832 0.850 0.831 0.862 0.795 0.765 0.749 0.691 0.660 0.654 0.574 0.519 0.545 0.566 0.592 0.624 0.637 0.652 0.681 0.669 0.683 0.684 0.665 0.651 0.674 0.695 0.700 0.707 0.688 0.675 0.679 0.715 0.779 0.805 0.807 0.804 0.833 0.845 0.874 0.885 0.896 0.895 0.892 0.920 0.921 0.929 0.935 0.938 0.942 0.943 0.943 0.938 0.926 0.915 0.917 0.933 0.954 0.954 0.952 0.945 0.948 0.952 0.947 0.955 0.952 0.956 0.961 0.964 0.964 0.965 0.962 0.960 0.963 0.961 0.961 0.960 0.959 0.957 0.955 0.956 0.960 0.962 0.968 0.971 0.969 0.962 0.972 0.978 0.960 0.960 0.959 0.966 0.006
>9ug1
0.509 0.733 0.748 0.762 0.780 0.724 0.777 0.813 0.789 0.790 0.782 0.729 0.727 0.669 0.662 0.706 0.675 0.677 0.680 0.703 0.699 0.662 0.615 0.743 0.664 0.603 0.598 0.565 0.592 0.637 0.700 0.792 0.842 0.838 0.746 0.779 0.819 0.887 0.872 0.889 0.898 0.866 0.833 0.880 0.849 0.837 0.846 0.832 0.850 0.831 0.862 0.795 0.765 0.749 0.691 0.660 0.654 0.574 0.519 0.545 0.566 0.592 0.624 0.637 0.652 0.681 0.669 0.683 0.684 0.665 0.651 0.674 0.695 0.700 0.707 0.688 0.675 0.679 0.715 0.779 0.805 0.807 0.804 0.833 0.845 0.874 0.885 0.896 0.895 0.892 0.920 0.921 0.929 0.935 0.938 0.942 0.943 0.943 0.938 0.926 0.915 0.917 0.933 0.954 0.954 0.952 0.945 0.948 0.952 0.947 0.955 0.952 0.956 0.961 0.964 0.964 0.965 0.962 0.960 0.963 0.961 0.961 0.960 0.959 0.957 0.955 0.956 0.960 0.962 0.968 0.971 0.969 0.962 0.972 0.978 0.960 0.960 0.959 0.966 0.006
>9ujq
0.509 0.733 0.748 0.762 0.780 0.724 0.777 0.813 0.789 0.790 0.782 0.729 0.727 0.669 0.662 0.706 0.675 0.677 0.680 0.703 0.699 0.662 0.615 0.743 0.664 0.603 0.598 0.565 0.592 0.637 0.700 0.792 0.842 0.838 0.746 0.779 0.819 0.887 0.872 0.889 0.898 0.866 0.833 0.880 0.849 0.837 0.846 0.832 0.850 0.831 0.862 0.795 0.765 0.749 0.691 0.660 0.654 0.574 0.519 0.545 0.566 0.592 0.624 0.637 0.652 0.681 0.669 0.683 0.684 0.665 0.651 0.674 0.695 0.700 0.707 0.688 0.675 0.679 0.715 0.779 0.805 0.807 0.804 0.833 0.845 0.874 0.885 0.896 0.895 0.892 0.920 0.921 0.929 0.935 0.938 0.942 0.943 0.943 0.938 0.926 0.915 0.917 0.933 0.954 0.954 0.952 0.945 0.948 0.952 0.947 0.955 0.952 0.956 0.961 0.964 0.964 0.965 0.962 0.960 0.963 0.961 0.961 0.960 0.959 0.957 0.955 0.956 0.960 0.962 0.968 0.971 0.969 0.962 0.972 0.978 0.960 0.960 0.959 0.966 0.006
>9ulz
0.639 0.591 0.590 0.561 0.614 0.641 0.656 0.678 0.669 0.665 0.649 0.636 0.619 0.612 0.596 0.598 0.595 0.676 0.714 0.761 0.781 0.786 0.790 0.778 0.775 0.819 0.847 0.861 0.862 0.877 0.870 0.876 0.881 0.871 0.854 0.812 0.844
>9umh
0.709 0.780 0.758 0.789 0.750 0.742 0.739 0.740 0.724 0.690 0.663 0.634 0.627 0.619 0.615 0.608 0.579 0.534 0.511 0.464 0.458 0.414 0.463 0.448 0.503 0.546 0.471 0.471 0.501 0.541 0.516 0.522 0.546 0.547 0.524 0.515 0.484 0.450 0.411 0.471
>9v45
0.943 0.944 0.957 0.960 0.968 0.972 0.974 0.975 0.972 0.969 0.968 0.967 0.963 0.955 0.956 0.945 0.929 0.915 0.890 0.897 0.862 0.846 0.826 0.770 0.738 0.741 0.715 0.690 0.625 0.617 0.520 0.420 0.437 0.411 0.371 0.310 0.288 0.292 0.272 0.280 0.269 0.272 0.263 0.263 0.296 0.284 0.300 0.309 0.266 0.359 0.371 0.301 0.271 0.260 0.261 0.208 0.187 0.191 0.160 0.172 0.146 0.129 0.175 0.127 0.174 0.182 0.192 0.192 0.168 0.186 0.187 0.180 0.166 0.132 0.105 0.118 0.100 0.100 0.103 0.086 0.131 0.117 0.102 0.099 0.089 0.092 0.110 0.110 0.103 0.097 0.072 0.066 0.057 0.054 0.050 0.050 0.038 0.041 0.048 0.047 0.056 0.070 0.081 0.107 0.144 0.219 0.334 0.380 0.430 0.522 0.527 0.603 0.676 0.787 0.816 0.870 0.895 0.908 0.919 0.913 0.928 0.930 0.918 0.927 0.924 0.912 0.899 0.881 0.854 0.785 0.688 0.685 0.612 0.525 0.456 0.428 0.369 0.291 0.258 0.239 0.226 0.200 0.149 0.138 0.112 0.082 0.077 0.082 0.075 0.071 0.079 0.084 0.075 0.082 0.073 0.066 0.052 0.048 0.051 0.054 0.054 0.060 0.062 0.068 0.062 0.068 0.075 0.084 0.088 0.089 0.111 0.113 0.106 0.096 0.080 0.069 0.064 0.073 0.076 0.074 0.092 0.096 0.155 0.157 0.174 0.170 0.191 0.270 0.297 0.370 0.326 0.465 0.506 0.452 0.422 0.490 0.529 0.693 0.749 0.805 0.799 0.863 0.889 0.911 0.914 0.928 0.925 0.929 0.927 0.945 0.950 0.952 0.957 0.967 0.968 0.971 0.973 0.975 0.977 0.976 0.978 0.977 0.973 0.971 0.968 0.962 0.960 0.956 0.952 0.938 0.921 0.909 0.899 0.870 0.860 0.786 0.752 0.729 0.779 0.779 0.811 0.800 0.782 0.773 0.832 0.815 0.824 0.809 0.824 0.845 0.842 0.845 0.850 0.862 0.886 0.889 0.903 0.906 0.912 0.921 0.925 0.925 0.926 0.932 0.938 0.934 0.936 0.938 0.934 0.933 0.935 0.936 0.938 0.938 0.941 0.946 0.946 0.947 0.952 0.951 0.952 0.952 0.956 0.958 0.960 0.964 0.968 0.971 0.974 0.977 0.979 0.980 0.981 0.982 0.982 0.983 0.984 0.984 0.984 0.985 0.985 0.985 0.985 0.985 0.985 0.985 0.985 0.985 0.985 0.985 0.985 0.985 0.985 0.985 0.985 0.985 0.985 0.984 0.985 0.985 0.985 0.985 0.985 0.985 0.985 0.985 0.984 0.984 0.983 0.983 0.983 0.983 0.983 0.983 0.982 0.981 0.980 0.979 0.978 0.977 0.977 0.977 0.976 0.976 0.976 0.975 0.975 0.975 0.976 0.976 0.978 0.978 0.979 0.980 0.980 0.980 0.980 0.979 0.980 0.980 0.981 0.981 0.979 0.978 0.977 0.976 0.976 0.976 0.976 0.976 0.974 0.970 0.964 0.954 0.946 0.934 0.922 0.908 0.894 0.871 0.846 0.795 0.753 0.712 0.636 0.590 0.578 0.541 0.550 0.567 0.546 0.556 0.545 0.551 0.532 0.550 0.585 0.559 0.568 0.557 0.456 0.428 0.440 0.420 0.381 0.393 0.402 0.385 0.335 0.348 0.300 0.265 0.276 0.255 0.206 0.151 0.133 0.103 0.083 0.080 0.070 0.066 0.065 0.064 0.063 0.061 0.059 0.057 0.059 0.066 0.061 0.063 0.068 0.064 0.061 0.061 0.055 0.051 0.045 0.040 0.034 0.035 0.037 0.042 0.050 0.051 0.047 0.042 0.043 0.038 0.036 0.033 0.031 0.031 0.032 0.032 0.029 0.026 0.026 0.024 0.027 0.032 0.035 0.039 0.049 0.056 0.062 0.053 0.044 0.042 0.035 0.038 0.043 0.045 0.051 0.047 0.045 0.041 0.046 0.051 0.053 0.054 0.064 0.071 0.071 0.063 0.064 0.055 0.045 0.041 0.038 0.040 0.043 0.048 0.054 0.062 0.059 0.060 0.061 0.066 0.064 0.065 0.065 0.065 0.057 0.050 0.048 0.044 0.041 0.047 0.053 0.062 0.068 0.070 0.073 0.075 0.074 0.071 0.074 0.067 0.072 0.078 0.082 0.082 0.086 0.098 0.102 0.115 0.136 0.144 0.153 0.165 0.200 0.224 0.198 0.193 0.246 0.263 0.268 0.280 0.364 0.402 0.436 0.535 0.556 0.573 0.609 0.663 0.687 0.728 0.832 0.868 0.904 0.902 0.889 0.892 0.904 0.910 0.935 0.942 0.954 0.959 0.004
>9v4f
0.943 0.944 0.957 0.960 0.968 0.972 0.974 0.975 0.972 0.969 0.968 0.967 0.963 0.955 0.956 0.945 0.929 0.915 0.890 0.897 0.862 0.846 0.826 0.770 0.738 0.741 0.715 0.690 0.625 0.617 0.520 0.420 0.437 0.411 0.371 0.310 0.288 0.292 0.272 0.280 0.269 0.272 0.263 0.263 0.296 0.284 0.300 0.309 0.266 0.359 0.371 0.301 0.271 0.260 0.261 0.208 0.187 0.191 0.160 0.172 0.146 0.129 0.175 0.127 0.174 0.182 0.192 0.192 0.168 0.186 0.187 0.180 0.166 0.132 0.105 0.118 0.100 0.100 0.103 0.086 0.131 0.117 0.102 0.099 0.089 0.092 0.110 0.110 0.103 0.097 0.072 0.066 0.057 0.054 0.050 0.050 0.038 0.041 0.048 0.047 0.056 0.070 0.081 0.107 0.144 0.219 0.334 0.380 0.430 0.522 0.527 0.603 0.676 0.787 0.816 0.870 0.895 0.908 0.919 0.913 0.928 0.930 0.918 0.927 0.924 0.912 0.899 0.881 0.854 0.785 0.688 0.685 0.612 0.525 0.456 0.428 0.369 0.291 0.258 0.239 0.226 0.200 0.149 0.138 0.112 0.082 0.077 0.082 0.075 0.071 0.079 0.084 0.075 0.082 0.073 0.066 0.052 0.048 0.051 0.054 0.054 0.060 0.062 0.068 0.062 0.068 0.075 0.084 0.088 0.089 0.111 0.113 0.106 0.096 0.080 0.069 0.064 0.073 0.076 0.074 0.092 0.096 0.155 0.157 0.174 0.170 0.191 0.270 0.297 0.370 0.326 0.465 0.506 0.452 0.422 0.490 0.529 0.693 0.749 0.805 0.799 0.863 0.889 0.911 0.914 0.928 0.925 0.929 0.927 0.945 0.950 0.952 0.957 0.967 0.968 0.971 0.973 0.975 0.977 0.976 0.978 0.977 0.973 0.971 0.968 0.962 0.960 0.956 0.952 0.938 0.921 0.909 0.899 0.870 0.860 0.786 0.752 0.729 0.779 0.779 0.811 0.800 0.782 0.773 0.832 0.815 0.824 0.809 0.824 0.845 0.842 0.845 0.850 0.862 0.886 0.889 0.903 0.906 0.912 0.921 0.925 0.925 0.926 0.932 0.938 0.934 0.936 0.938 0.934 0.933 0.935 0.936 0.938 0.938 0.941 0.946 0.946 0.947 0.952 0.951 0.952 0.952 0.956 0.958 0.960 0.964 0.968 0.971 0.974 0.977 0.979 0.980 0.981 0.982 0.982 0.983 0.984 0.984 0.984 0.985 0.985 0.985 0.985 0.985 0.985 0.985 0.985 0.985 0.985 0.985 0.985 0.985 0.985 0.985 0.985 0.985 0.985 0.984 0.985 0.985 0.985 0.985 0.985 0.985 0.985 0.985 0.984 0.984 0.983 0.983 0.983 0.983 0.983 0.983 0.982 0.981 0.980 0.979 0.978 0.977 0.977 0.977 0.976 0.976 0.976 0.975 0.975 0.975 0.976 0.976 0.978 0.978 0.979 0.980 0.980 0.980 0.980 0.979 0.980 0.980 0.981 0.981 0.979 0.978 0.977 0.976 0.976 0.976 0.976 0.976 0.974 0.970 0.964 0.954 0.946 0.934 0.922 0.908 0.894 0.871 0.846 0.795 0.753 0.712 0.636 0.590 0.578 0.541 0.550 0.567 0.546 0.556 0.545 0.551 0.532 0.550 0.585 0.559 0.568 0.557 0.456 0.428 0.440 0.420 0.381 0.393 0.402 0.385 0.335 0.348 0.300 0.265 0.276 0.255 0.206 0.151 0.133 0.103 0.083 0.080 0.070 0.066 0.065 0.064 0.063 0.061 0.059 0.057 0.059 0.066 0.061 0.063 0.068 0.064 0.061 0.061 0.055 0.051 0.045 0.040 0.034 0.035 0.037 0.042 0.050 0.051 0.047 0.042 0.043 0.038 0.036 0.033 0.031 0.031 0.032 0.032 0.029 0.026 0.026 0.024 0.027 0.032 0.035 0.039 0.049 0.056 0.062 0.053 0.044 0.042 0.035 0.038 0.043 0.045 0.051 0.047 0.045 0.041 0.046 0.051 0.053 0.054 0.064 0.071 0.071 0.063 0.064 0.055 0.045 0.041 0.038 0.040 0.043 0.048 0.054 0.062 0.059 0.060 0.061 0.066 0.064 0.065 0.065 0.065 0.057 0.050 0.048 0.044 0.041 0.047 0.053 0.062 0.068 0.070 0.073 0.075 0.074 0.071 0.074 0.067 0.072 0.078 0.082 0.082 0.086 0.098 0.102 0.115 0.136 0.144 0.153 0.165 0.200 0.224 0.198 0.193 0.246 0.263 0.268 0.280 0.364 0.402 0.436 0.535 0.556 0.573 0.609 0.663 0.687 0.728 0.832 0.868 0.904 0.902 0.889 0.892 0.904 0.910 0.935 0.942 0.954 0.959 0.004
>9v91
0.923 0.920 0.910 0.919 0.901 0.888 0.925 0.913 0.914 0.887 0.815 0.802 0.778 0.707 0.684 0.664 0.684 0.673 0.633 0.614 0.594 0.538 0.463 0.414 0.332 0.418 0.378 0.367 0.359 0.348 0.375 0.316 0.344 0.319 0.316 0.324 0.279 0.226 0.201 0.172 0.162 0.167 0.189 0.184 0.185 0.215 0.241 0.245 0.270 0.283 0.373 0.433 0.461 0.448 0.389 0.399 0.518 0.530 0.565 0.630 0.631 0.637 0.575 0.518 0.508 0.512 0.512 0.443 0.495 0.542 0.629 0.595 0.666 0.724 0.731 0.682 0.712 0.676 0.677 0.613 0.578 0.503 0.479 0.416 0.397 0.397 0.326 0.294 0.279 0.285 0.297 0.282 0.315 0.329 0.298 0.249 0.268 0.293 0.335 0.481 0.687 0.727 0.684 0.629 0.586 0.550 0.423 0.623 0.737 0.718
>9wao
0.779 0.826 0.821 0.848 0.815 0.803 0.807 0.814 0.809 0.777 0.739 0.691 0.682 0.668 0.667 0.659 0.631 0.591 0.562 0.515 0.502 0.457 0.498 0.472 0.492 0.477 0.483 0.533 0.574 0.643 0.599 0.599 0.615 0.598 0.582 0.566 0.561 0.593 0.579 0.574 0.556 0.003
>9wap
0.779 0.826 0.821 0.848 0.815 0.803 0.807 0.814 0.809 0.777 0.739 0.691 0.682 0.668 0.667 0.659 0.631 0.591 0.562 0.515 0.502 0.457 0.498 0.472 0.492 0.477 0.483 0.533 0.574 0.643 0.599 0.599 0.615 0.598 0.582 0.566 0.561 0.593 0.579 0.574 0.556 0.003
>9x45
0.923 0.920 0.910 0.919 0.901 0.888 0.925 0.913 0.914 0.887 0.815 0.802 0.778 0.707 0.684 0.664 0.684 0.673 0.633 0.614 0.594 0.538 0.463 0.414 0.332 0.418 0.378 0.367 0.359 0.348 0.375 0.316 0.344 0.319 0.316 0.324 0.279 0.226 0.201 0.172 0.162 0.167 0.189 0.184 0.185 0.215 0.241 0.245 0.270 0.283 0.373 0.433 0.461 0.448 0.389 0.399 0.518 0.530 0.565 0.630 0.631 0.637 0.575 0.518 0.508 0.512 0.512 0.443 0.495 0.542 0.629 0.595 0.666 0.724 0.731 0.682 0.712 0.676 0.677 0.613 0.578 0.503 0.479 0.416 0.397 0.397 0.326 0.294 0.279 0.285 0.297 0.282 0.315 0.329 0.298 0.249 0.268 0.293 0.335 0.481 0.687 0.727 0.684 0.629 0.586 0.550 0.423 0.623 0.737 0.718
>9xbk
0.949 0.943 0.945 0.943 0.946 0.949 0.944 0.946 0.944 0.943 0.939 0.935 0.939 0.933 0.935 0.934 0.943 0.951 0.950 0.957 0.962 0.963 0.965 0.970 0.971 0.971 0.973 0.975 0.975 0.976 0.978 0.980 0.981 0.982 0.983 0.983 0.983 0.984 0.984 0.984 0.984 0.984 0.985 0.985 0.985 0.985 0.985 0.985 0.985 0.985 0.984 0.985 0.985 0.985 0.985 0.984 0.984 0.983 0.983 0.984 0.984 0.983 0.984 0.985 0.984 0.984 0.985 0.985 0.985 0.984 0.985 0.985 0.985 0.985 0.986 0.986 0.986 0.986 0.986 0.986 0.986 0.986 0.986 0.987 0.987 0.986 0.987 0.986 0.986 0.986 0.986 0.985 0.985 0.984 0.984 0.983 0.983 0.982 0.983 0.982 0.980 0.981 0.980 0.980 0.979 0.980 0.979 0.980 0.979 0.978 0.976 0.976 0.976 0.974 0.973 0.973 0.973 0.973 0.973 0.971 0.969 0.966 0.963 0.960 0.955 0.956 0.952 0.953 0.952 0.953 0.955 0.960 0.965 0.968 0.969 0.969 0.971 0.971 0.970 0.971 0.972 0.974 0.975 0.977 0.977 0.977 0.977 0.978 0.980 0.980 0.980 0.980 0.979 0.978 0.978 0.979 0.978 0.978 0.978 0.979 0.979 0.980 0.981 0.981 0.982 0.982 0.983 0.984 0.984 0.984 0.985 0.984 0.984 0.983 0.982 0.982 0.982 0.982 0.983 0.982 0.983 0.982 0.983 0.983 0.984 0.984 0.984 0.984 0.984 0.985 0.985 0.985 0.985 0.985 0.984 0.985 0.984 0.984 0.984 0.984 0.983 0.982 0.983 0.982 0.982 0.982 0.981 0.981 0.981 0.979 0.979 0.979 0.978 0.977 0.977 0.976 0.976 0.976 0.976 0.976 0.975 0.975 0.974 0.972 0.973 0.973 0.971 0.971 0.971 0.971 0.970 0.971 0.971 0.972 0.972 0.971 0.971 0.969 0.969 0.969 0.969 0.969 0.969 0.969 0.968 0.968 0.966 0.966 0.965 0.965 0.965 0.964 0.961 0.960 0.960 0.959 0.956 0.952 0.943 0.946
>9xbl
0.949 0.943 0.945 0.943 0.946 0.949 0.944 0.946 0.944 0.943 0.939 0.935 0.939 0.933 0.935 0.934 0.943 0.951 0.950 0.957 0.962 0.963 0.965 0.970 0.971 0.971 0.973 0.975 0.975 0.976 0.978 0.980 0.981 0.982 0.983 0.983 0.983 0.984 0.984 0.984 0.984 0.984 0.985 0.985 0.985 0.985 0.985 0.985 0.985 0.985 0.984 0.985 0.985 0.985 0.985 0.984 0.984 0.983 0.983 0.984 0.984 0.983 0.984 0.985 0.984 0.984 0.985 0.985 0.985 0.984 0.985 0.985 0.985 0.985 0.986 0.986 0.986 0.986 0.986 0.986 0.986 0.986 0.986 0.987 0.987 0.986 0.987 0.986 0.986 0.986 0.986 0.985 0.985 0.984 0.984 0.983 0.983 0.982 0.983 0.982 0.980 0.981 0.980 0.980 0.979 0.980 0.979 0.980 0.979 0.978 0.976 0.976 0.976 0.974 0.973 0.973 0.973 0.973 0.973 0.971 0.969 0.966 0.963 0.960 0.955 0.956 0.952 0.953 0.952 0.953 0.955 0.960 0.965 0.968 0.969 0.969 0.971 0.971 0.970 0.971 0.972 0.974 0.975 0.977 0.977 0.977 0.977 0.978 0.980 0.980 0.980 0.980 0.979 0.978 0.978 0.979 0.978 0.978 0.978 0.979 0.979 0.980 0.981 0.981 0.982 0.982 0.983 0.984 0.984 0.984 0.985 0.984 0.984 0.983 0.982 0.982 0.982 0.982 0.983 0.982 0.983 0.982 0.983 0.983 0.984 0.984 0.984 0.984 0.984 0.985 0.985 0.985 0.985 0.985 0.984 0.985 0.984 0.984 0.984 0.984 0.983 0.982 0.983 0.982 0.982 0.982 0.981 0.981 0.981 0.979 0.979 0.979 0.978 0.977 0.977 0.976 0.976 0.976 0.976 0.976 0.975 0.975 0.974 0.972 0.973 0.973 0.971 0.971 0.971 0.971 0.970 0.971 0.971 0.972 0.972 0.971 0.971 0.969 0.969 0.969 0.969 0.969 0.969 0.969 0.968 0.968 0.966 0.966 0.965 0.965 0.965 0.964 0.961 0.960 0.960 0.959 0.956 0.952 0.943 0.946
>9xbm
0.949 0.943 0.945 0.943 0.946 0.949 0.944 0.946 0.944 0.943 0.939 0.935 0.939 0.933 0.935 0.934 0.943 0.951 0.950 0.957 0.962 0.963 0.965 0.970 0.971 0.971 0.973 0.975 0.975 0.976 0.978 0.980 0.981 0.982 0.983 0.983 0.983 0.984 0.984 0.984 0.984 0.984 0.985 0.985 0.985 0.985 0.985 0.985 0.985 0.985 0.984 0.985 0.985 0.985 0.985 0.984 0.984 0.983 0.983 0.984 0.984 0.983 0.984 0.985 0.984 0.984 0.985 0.985 0.985 0.984 0.985 0.985 0.985 0.985 0.986 0.986 0.986 0.986 0.986 0.986 0.986 0.986 0.986 0.987 0.987 0.986 0.987 0.986 0.986 0.986 0.986 0.985 0.985 0.984 0.984 0.983 0.983 0.982 0.983 0.982 0.980 0.981 0.980 0.980 0.979 0.980 0.979 0.980 0.979 0.978 0.976 0.976 0.976 0.974 0.973 0.973 0.973 0.973 0.973 0.971 0.969 0.966 0.963 0.960 0.955 0.956 0.952 0.953 0.952 0.953 0.955 0.960 0.965 0.968 0.969 0.969 0.971 0.971 0.970 0.971 0.972 0.974 0.975 0.977 0.977 0.977 0.977 0.978 0.980 0.980 0.980 0.980 0.979 0.978 0.978 0.979 0.978 0.978 0.978 0.979 0.979 0.980 0.981 0.981 0.982 0.982 0.983 0.984 0.984 0.984 0.985 0.984 0.984 0.983 0.982 0.982 0.982 0.982 0.983 0.982 0.983 0.982 0.983 0.983 0.984 0.984 0.984 0.984 0.984 0.985 0.985 0.985 0.985 0.985 0.984 0.985 0.984 0.984 0.984 0.984 0.983 0.982 0.983 0.982 0.982 0.982 0.981 0.981 0.981 0.979 0.979 0.979 0.978 0.977 0.977 0.976 0.976 0.976 0.976 0.976 0.975 0.975 0.974 0.972 0.973 0.973 0.971 0.971 0.971 0.971 0.970 0.971 0.971 0.972 0.972 0.971 0.971 0.969 0.969 0.969 0.969 0.969 0.969 0.969 0.968 0.968 0.966 0.966 0.965 0.965 0.965 0.964 0.961 0.960 0.960 0.959 0.956 0.952 0.943 0.946
>9xbn
0.959 0.954 0.956 0.956 0.959 0.961 0.956 0.959 0.956 0.957 0.953 0.950 0.955 0.952 0.954 0.953 0.959 0.963 0.963 0.967 0.970 0.970 0.972 0.974 0.975 0.974 0.976 0.977 0.978 0.978 0.980 0.981 0.982 0.984 0.984 0.984 0.984 0.985 0.985 0.985 0.985 0.985 0.985 0.986 0.986 0.985 0.985 0.985 0.985 0.985 0.984 0.985 0.985 0.985 0.984 0.984 0.984 0.983 0.983 0.983 0.983 0.983 0.983 0.984 0.984 0.984 0.985 0.985 0.985 0.984 0.985 0.985 0.985 0.985 0.986 0.986 0.986 0.986 0.986 0.986 0.986 0.986 0.986 0.987 0.987 0.986 0.987 0.986 0.986 0.987 0.986 0.985 0.985 0.984 0.984 0.983 0.983 0.982 0.983 0.982 0.980 0.981 0.980 0.980 0.979 0.980 0.979 0.980 0.979 0.978 0.976 0.976 0.976 0.974 0.974 0.973 0.973 0.973 0.973 0.971 0.969 0.966 0.963 0.960 0.955 0.956 0.952 0.953 0.952 0.953 0.955 0.960 0.965 0.968 0.969 0.969 0.971 0.971 0.970 0.971 0.972 0.974 0.975 0.977 0.977 0.977 0.977 0.978 0.980 0.980 0.980 0.980 0.979 0.978 0.978 0.979 0.978 0.978 0.978 0.979 0.979 0.980 0.981 0.981 0.982 0.982 0.983 0.984 0.984 0.984 0.985 0.984 0.984 0.983 0.982 0.982 0.982 0.982 0.983 0.982 0.983 0.982 0.983 0.983 0.984 0.984 0.984 0.984 0.984 0.985 0.985 0.985 0.985 0.985 0.984 0.985 0.984 0.984 0.984 0.984 0.983 0.982 0.983 0.982 0.982 0.982 0.981 0.981 0.981 0.979 0.979 0.979 0.978 0.977 0.977 0.976 0.976 0.976 0.976 0.976 0.975 0.975 0.974 0.972 0.973 0.973 0.971 0.971 0.971 0.971 0.970 0.971 0.971 0.972 0.972 0.971 0.971 0.969 0.969 0.969 0.969 0.969 0.969 0.969 0.968 0.968 0.966 0.966 0.965 0.965 0.965 0.964 0.961 0.960 0.960 0.959 0.956 0.952 0.943 0.946
>9xbo
0.959 0.954 0.956 0.956 0.959 0.961 0.956 0.959 0.956 0.957 0.953 0.950 0.955 0.952 0.954 0.953 0.959 0.963 0.963 0.967 0.970 0.970 0.972 0.974 0.975 0.974 0.976 0.977 0.978 0.978 0.980 0.981 0.982 0.984 0.984 0.984 0.984 0.985 0.985 0.985 0.985 0.985 0.985 0.986 0.986 0.985 0.985 0.985 0.985 0.985 0.984 0.985 0.985 0.985 0.984 0.984 0.984 0.983 0.983 0.983 0.983 0.983 0.983 0.984 0.984 0.984 0.985 0.985 0.985 0.984 0.985 0.985 0.985 0.985 0.986 0.986 0.986 0.986 0.986 0.986 0.986 0.986 0.986 0.987 0.987 0.986 0.987 0.986 0.986 0.987 0.986 0.985 0.985 0.984 0.984 0.983 0.983 0.982 0.983 0.982 0.980 0.981 0.980 0.980 0.979 0.980 0.979 0.980 0.979 0.978 0.976 0.976 0.976 0.974 0.974 0.973 0.973 0.973 0.973 0.971 0.969 0.966 0.963 0.960 0.955 0.956 0.952 0.953 0.952 0.953 0.955 0.960 0.965 0.968 0.969 0.969 0.971 0.971 0.970 0.971 0.972 0.974 0.975 0.977 0.977 0.977 0.977 0.978 0.980 0.980 0.980 0.980 0.979 0.978 0.978 0.979 0.978 0.978 0.978 0.979 0.979 0.980 0.981 0.981 0.982 0.982 0.983 0.984 0.984 0.984 0.985 0.984 0.984 0.983 0.982 0.982 0.982 0.982 0.983 0.982 0.983 0.982 0.983 0.983 0.984 0.984 0.984 0.984 0.984 0.985 0.985 0.985 0.985 0.985 0.984 0.985 0.984 0.984 0.984 0.984 0.983 0.982 0.983 0.982 0.982 0.982 0.981 0.981 0.981 0.979 0.979 0.979 0.978 0.977 0.977 0.976 0.976 0.976 0.976 0.976 0.975 0.975 0.974 0.972 0.973 0.973 0.971 0.971 0.971 0.971 0.970 0.971 0.971 0.972 0.972 0.971 0.971 0.969 0.969 0.969 0.969 0.969 0.969 0.969 0.968 0.968 0.966 0.966 0.965 0.965 0.965 0.964 0.961 0.960 0.960 0.959 0.956 0.952 0.943 0.946
>9xbp
0.949 0.943 0.945 0.943 0.946 0.949 0.944 0.946 0.944 0.943 0.939 0.935 0.939 0.933 0.935 0.934 0.943 0.951 0.950 0.957 0.962 0.963 0.965 0.970 0.971 0.971 0.973 0.975 0.975 0.976 0.978 0.980 0.981 0.982 0.983 0.983 0.983 0.984 0.984 0.984 0.984 0.984 0.985 0.985 0.985 0.985 0.985 0.985 0.985 0.985 0.984 0.985 0.985 0.985 0.985 0.984 0.984 0.983 0.983 0.984 0.984 0.983 0.984 0.985 0.984 0.984 0.985 0.985 0.985 0.984 0.985 0.985 0.985 0.985 0.986 0.986 0.986 0.986 0.986 0.986 0.986 0.986 0.986 0.987 0.987 0.986 0.987 0.986 0.986 0.986 0.986 0.985 0.985 0.984 0.984 0.983 0.983 0.982 0.983 0.982 0.980 0.981 0.980 0.980 0.979 0.980 0.979 0.980 0.979 0.978 0.976 0.976 0.976 0.974 0.973 0.973 0.973 0.973 0.973 0.971 0.969 0.966 0.963 0.960 0.955 0.956 0.952 0.953 0.952 0.953 0.955 0.960 0.965 0.968 0.969 0.969 0.971 0.971 0.970 0.971 0.972 0.974 0.975 0.977 0.977 0.977 0.977 0.978 0.980 0.980 0.980 0.980 0.979 0.978 0.978 0.979 0.978 0.978 0.978 0.979 0.979 0.980 0.981 0.981 0.982 0.982 0.983 0.984 0.984 0.984 0.985 0.984 0.984 0.983 0.982 0.982 0.982 0.982 0.983 0.982 0.983 0.982 0.983 0.983 0.984 0.984 0.984 0.984 0.984 0.985 0.985 0.985 0.985 0.985 0.984 0.985 0.984 0.984 0.984 0.984 0.983 0.982 0.983 0.982 0.982 0.982 0.981 0.981 0.981 0.979 0.979 0.979 0.978 0.977 0.977 0.976 0.976 0.976 0.976 0.976 0.975 0.975 0.974 0.972 0.973 0.973 0.971 0.971 0.971 0.971 0.970 0.971 0.971 0.972 0.972 0.971 0.971 0.969 0.969 0.969 0.969 0.969 0.969 0.969 0.968 0.968 0.966 0.966 0.965 0.965 0.965 0.964 0.961 0.960 0.960 0.959 0.956 0.952 0.943 0.946
>9y0s
0.509 0.733 0.748 0.762 0.780 0.724 0.777 0.813 0.789 0.790 0.782 0.729 0.727 0.669 0.662 0.706 0.675 0.677 0.680 0.703 0.699 0.662 0.615 0.743 0.664 0.603 0.598 0.565 0.592 0.637 0.700 0.792 0.842 0.838 0.746 0.779 0.819 0.887 0.872 0.889 0.898 0.866 0.833 0.880 0.849 0.837 0.846 0.832 0.850 0.831 0.862 0.795 0.765 0.749 0.691 0.660 0.654 0.574 0.519 0.545 0.566 0.592 0.624 0.637 0.652 0.681 0.669 0.683 0.684 0.665 0.651 0.674 0.695 0.700 0.707 0.688 0.675 0.679 0.715 0.779 0.805 0.807 0.804 0.833 0.845 0.874 0.885 0.896 0.895 0.892 0.920 0.921 0.929 0.935 0.938 0.942 0.943 0.943 0.938 0.926 0.915 0.917 0.933 0.954 0.954 0.952 0.945 0.948 0.952 0.947 0.955 0.952 0.956 0.961 0.964 0.964 0.965 0.962 0.960 0.963 0.961 0.961 0.960 0.959 0.957 0.955 0.956 0.960 0.962 0.968 0.971 0.969 0.962 0.972 0.978 0.960 0.960 0.959 0.966 0.006
>9zld
0.820 0.736 0.686 0.646 0.566 0.527 0.427 0.383 0.412 0.405 0.353 0.333 0.290 0.227 0.173 0.153 0.141 0.112 0.087 0.073 0.067 0.051 0.058 0.064 0.062 0.065 0.079 0.084 0.098 0.107 0.118 0.141 0.148 0.146 0.139 0.142 0.148 0.162 0.188 0.206 0.220 0.279 0.319 0.342 0.361 0.381 0.366 0.382 0.417 0.415 0.413 0.415 0.418 0.411 0.424 0.425 0.438 0.403 0.406 0.376 0.335 0.281 0.269 0.241 0.258 0.237 0.232 0.215 0.211 0.211 0.209 0.204 0.193 0.182 0.171 0.171 0.172 0.187 0.172 0.167 0.170 0.156 0.138 0.115 0.112 0.105 0.095 0.099 0.097 0.096 0.109 0.101 0.097 0.096 0.084 0.077 0.081 0.074 0.066 0.061 0.054 0.049 0.049 0.048 0.050 0.065 0.078 0.095 0.107 0.108 0.112 0.110 0.109 0.132 0.154 0.197 0.182 0.183 0.233 0.233 0.222 0.199 0.227 0.244 0.242 0.318
